wine_type,winetype_numeric,fixed acidity,volatile acidity,citric acid,residual sugar,chlorides,free sulfur dioxide,total sulfur dioxide,density,pH,sulphates,alcohol
white,2,5.8,0.34,0.21,6.6,0.04,50,167,0.9941,3.29,0.62,10
white,2,6.5,0.35,0.36,0.8,0.034,32,111,0.98942,3.11,0.5,12.1
white,2,7,0.29,0.26,1.6,0.044,12,87,0.9923,3.08,0.46,10.5
white,2,6.4,0.28,0.29,1.6,0.052,34,127,0.9929,3.48,0.56,10.5
white,2,7.4,0.2,0.37,16.95,0.048,43,190,0.9995,3.03,0.42,9.2
white,2,6,0.28,0.49,6.8,0.048,61,222,0.9953,3.19,0.47,9.3
white,2,6,0.28,0.34,1.6,0.119,33,104,0.9921,3.19,0.38,10.2
white,2,5.9,0.27,0.27,9,0.051,43,136,0.9941,3.25,0.53,10.7
white,2,6.3,0.25,0.23,14.9,0.039,47,142,0.99705,3.14,0.35,9.7
white,2,7.3,0.22,0.49,9.4,0.034,29,134,0.9939,2.99,0.32,11
white,2,6.8,0.27,0.12,1.3,0.04,87,168,0.992,3.18,0.41,10
white,2,5.7,0.22,0.22,16.65,0.044,39,110,0.99855,3.24,0.48,9
white,2,5.9,0.2,0.23,1.5,0.037,38,93,0.99021,3.36,0.49,12
white,2,6.9,0.31,0.32,1.6,0.036,34,114,0.99068,3.19,0.45,11.4
white,2,6.1,0.23,0.45,10.6,0.094,49,169,0.99699,3.05,0.54,8.8
white,2,6.7,0.2,0.24,6.5,0.044,28,100,0.99348,3.12,0.33,10.2
white,2,6.2,0.26,0.2,8,0.047,35,111,0.99445,3.11,0.42,10.4
white,2,8,0.55,0.42,12.6,0.211,37,213,0.9988,2.99,0.56,9.3
white,2,5.8,0.54,0,1.4,0.033,40,107,0.98918,3.26,0.35,12.4
white,2,7.2,0.08,0.49,1.3,0.05,18,148,0.9945,3.46,0.44,10.2
white,2,6.8,0.28,0.37,7,0.057,35,208,0.9973,3.57,0.55,10.2
white,2,5.9,0.24,0.28,1.3,0.032,36,95,0.98889,3.08,0.64,12.9
white,2,7.8,0.25,0.34,13.7,0.044,66,184,0.99976,3.22,0.75,8.9
white,2,6.9,0.15,0.28,4.4,0.029,14,107,0.99347,3.24,0.46,10.4
white,2,5.8,0.33,0.2,16.05,0.047,26,166,0.9976,3.09,0.46,8.9
white,2,7.1,0.23,0.39,13.7,0.058,26,172,0.99755,2.9,0.46,9
white,2,6.5,0.23,0.45,2.1,0.027,43,104,0.99054,3.02,0.52,11.3
white,2,8.8,0.24,0.23,10.3,0.032,12,97,0.99571,3.13,0.4,10.7
white,2,7.6,0.36,0.44,8.3,0.255,28,142,0.9958,3.12,0.43,10.2
white,2,6.1,0.22,0.25,12.1,0.035,54,135,0.99481,3.21,0.4,10.7
white,2,5.1,0.33,0.22,1.6,0.027,18,89,0.9893,3.51,0.38,12.5
white,2,7,0.39,0.21,10.7,0.098,13,91,0.99657,3.03,0.47,9.3
white,2,5.9,0.34,0.22,2.4,0.03,19,135,0.9894,3.41,0.78,13.9
white,2,6.4,0.2,0.22,7.4,0.032,53,172,0.99404,3.24,0.58,11
white,2,5.9,0.37,0.32,1.6,0.029,41,102,0.98916,3.41,0.55,12.7
white,2,7.4,0.23,0.43,1.4,0.044,22,113,0.9938,3.22,0.62,10.6
white,2,6,0.24,0.28,3.95,0.038,61,134,0.99146,3.3,0.54,11.3
white,2,6.2,0.12,0.34,1.5,0.045,43,117,0.9939,3.42,0.51,9
white,2,8.2,0.34,0.49,8,0.046,55,223,0.996,3.08,0.52,10.7
white,2,6.5,0.5,0.22,4.1,0.036,35,131,0.9902,3.26,0.55,13
white,2,5.7,0.21,0.32,1.6,0.03,33,122,0.99044,3.33,0.52,11.9
white,2,7,0.53,0.43,6.1,0.029,6,76,0.99118,3.08,0.5,12.5
white,2,6.4,0.35,0.28,1.1,0.055,9,160,0.99405,3.42,0.5,9.1
white,2,7,0.27,0.29,3.9,0.059,28,199,0.9961,3.54,0.59,10.3
white,2,6.7,0.13,0.57,6.6,0.056,60,150,0.99548,2.96,0.43,9.4
white,2,7.6,0.27,0.3,9.2,0.018,23,96,0.9938,3.08,0.29,11
white,2,6.6,0.23,0.2,11.4,0.044,45,131,0.99604,2.96,0.51,9.7
white,2,6.4,0.33,0.31,5.5,0.048,42,173,0.9951,3.19,0.66,9.3
white,2,5.2,0.44,0.04,1.4,0.036,43,119,0.9894,3.36,0.33,12.1
white,2,5.8,0.19,0.25,10.8,0.042,33,124,0.99646,3.22,0.41,9.2
white,2,6.5,0.15,0.55,5.9,0.045,75,162,0.99482,2.97,0.4,9.3
white,2,6.2,0.47,0.21,1,0.044,13,98,0.99345,3.14,0.46,9.2
white,2,6.6,0.33,0.24,16.05,0.045,31,147,0.99822,3.08,0.52,9.2
white,2,5.8,0.23,0.31,4.5,0.046,42,124,0.99324,3.31,0.64,10.8
white,2,7.6,0.28,0.39,1.9,0.052,23,116,0.9941,3.25,0.4,10.4
white,2,7.2,0.36,0.36,5.7,0.038,26,98,0.9914,2.93,0.59,12.5
white,2,6,0.28,0.29,19.3,0.051,36,174,0.99911,3.14,0.5,9
white,2,6.6,0.25,0.34,3,0.054,22,141,0.99338,3.26,0.47,10.4
white,2,5.7,0.18,0.26,2.2,0.023,21,95,0.9893,3.07,0.54,12.3
white,2,5.9,0.44,0.33,1.2,0.049,12,117,0.99134,3.46,0.44,11.5
white,2,5.6,0.26,0.27,10.6,0.03,27,119,0.9947,3.4,0.34,10.7
white,2,5.9,0.28,0.14,8.6,0.032,30,142,0.99542,3.28,0.44,9.5
white,2,7.3,0.19,0.68,1.5,0.05,31,156,0.9946,3.32,0.64,9.4
white,2,5.7,0.33,0.15,1.9,0.05,20,93,0.9934,3.38,0.62,9.9
white,2,7.3,0.34,0.22,1.4,0.044,43,176,0.99286,3.14,0.46,9.9
white,2,9.4,0.17,0.55,1.6,0.049,14,94,0.9949,3.02,0.61,10.3
white,2,6.3,0.32,0.32,1.5,0.037,12,76,0.98993,3.3,0.46,12.3
white,2,7.1,0.32,0.3,9.9,0.041,63,192,0.99642,3.12,0.49,10.2
white,2,7,0.12,0.28,6.3,0.057,17,103,0.9957,3.5,0.44,9.6
white,2,7.1,0.2,0.36,11.6,0.042,45,124,0.997,2.92,0.59,9.5
white,2,6,0.2,0.26,6.8,0.049,22,93,0.9928,3.15,0.42,11
white,2,7.8,0.26,0.74,7.5,0.044,59,160,0.996,3.22,0.64,10
white,2,8.9,0.3,0.35,4.6,0.032,32,148,0.99458,3.15,0.45,11.5
white,2,5.3,0.275,0.24,7.4,0.038,28,114,0.99313,3.38,0.51,11
white,2,8.9,0.34,0.34,1.6,0.056,13,176,0.9946,3.14,0.47,9.7
white,2,5.6,0.26,0.18,1.4,0.034,18,135,0.99174,3.32,0.35,10.2
white,2,7.9,0.51,0.36,6.2,0.051,30,173,0.9984,3.09,0.53,9.7
white,2,6.1,0.27,0.25,1.8,0.041,9,109,0.9929,3.08,0.54,9
white,2,6.1,0.24,0.3,1.5,0.045,22,61,0.992,3.31,0.54,10.4
white,2,5.8,0.3,0.09,6.3,0.042,36,138,0.99382,3.15,0.48,9.7
white,2,6.4,0.105,0.29,1.1,0.035,44,140,0.99142,3.17,0.55,10.7
white,2,6.8,0.33,0.28,1.2,0.032,38,131,0.9889,3.19,0.41,13
white,2,6.5,0.18,0.48,18,0.054,56,183,1.00038,2.98,0.61,8.5
white,2,10.2,0.44,0.88,6.2,0.049,20,124,0.9968,2.99,0.51,9.9
white,2,7.1,0.18,0.74,15.6,0.044,44,176,0.9996,3.38,0.67,9
white,2,6.5,0.37,0.3,2.2,0.033,39,107,0.98894,3.22,0.53,13.5
white,2,8.1,0.19,0.58,16.65,0.049,48,181,1.0006,3.2,0.62,9.1
white,2,8,0.29,0.29,13.2,0.046,26,113,0.9983,3.25,0.37,9.7
white,2,6.4,0.595,0.14,5.2,0.058,15,97,0.9951,3.38,0.36,9
white,2,6.3,0.34,0.29,6.2,0.046,29,227,0.9952,3.29,0.53,10.1
white,2,7.2,0.37,0.15,2,0.029,27,87,0.9903,3.3,0.59,12.6
white,2,7.6,0.39,0.32,3.6,0.035,22,93,0.99144,3.08,0.6,12.5
white,2,7.1,0.38,0.4,2.2,0.042,54,201,0.99177,3.03,0.5,11.4
white,2,6.2,0.18,0.49,4.5,0.047,17,90,0.9919,3.27,0.37,11.6
white,2,6.3,0.26,0.24,7.2,0.039,38,172,0.9958,3.49,0.64,9.7
white,2,7.7,0.25,0.3,7.8,0.038,67,196,0.99555,3.1,0.5,10.1
white,2,7,0.44,0.24,12.1,0.056,68,210,0.99718,3.05,0.5,9.5
white,2,7.7,0.15,0.29,1.3,0.029,10,64,0.9932,3.35,0.39,10.1
white,2,7.5,0.19,0.49,1.8,0.055,19,110,0.9946,3.33,0.44,9.9
white,2,7,0.22,0.32,1.6,0.045,40,120,0.9914,2.98,0.44,10.5
white,2,7,0.36,0.35,2.5,0.048,67,161,0.99146,3.05,0.56,11.1
white,2,7.8,0.18,0.31,12.2,0.053,46,140,0.998,3.06,0.53,8.9
white,2,7.1,0.23,0.35,16.5,0.04,60,171,0.999,3.16,0.59,9.1
white,2,7.3,0.19,0.27,13.9,0.057,45,155,0.99807,2.94,0.41,8.8
white,2,6.3,0.3,0.19,7.7,0.049,47,184,0.99514,3.22,0.48,9.5
white,2,9.6,0.25,0.54,1.3,0.04,16,160,0.9938,2.94,0.43,10.5
white,2,6.3,0.18,0.36,1.2,0.034,26,111,0.99074,3.16,0.51,11
white,2,6.9,0.29,0.25,12.2,0.04,29,136,0.99552,3.05,0.65,10.4
white,2,7.1,0.39,0.35,12.5,0.044,26,72,0.9941,3.17,0.29,11.6
white,2,6.8,0.16,0.18,1.8,0.046,31,114,0.99226,3.27,0.55,10.8
white,2,6.8,0.27,0.26,16.1,0.049,55,196,0.9984,3.15,0.5,9.3
white,2,6,0.26,0.32,3.5,0.028,29,113,0.9912,3.4,0.71,12.3
white,2,5.9,0.415,0.13,1.4,0.04,11,64,0.9922,3.29,0.52,10.5
white,2,6.9,0.26,0.27,4.2,0.031,20,80,0.99089,3.12,0.39,11.5
white,2,7.4,0.16,0.3,13.7,0.056,33,168,0.99825,2.9,0.44,8.7
white,2,6.9,0.29,0.3,8.2,0.026,35,112,0.99144,3,0.37,12.3
white,2,9.2,0.35,0.39,0.9,0.042,15,61,0.9924,2.96,0.28,10.4
white,2,6.6,0.37,0.47,6.5,0.061,23,150,0.9954,3.14,0.45,9.6
white,2,8.1,0.28,0.4,6.9,0.05,30,97,0.9951,3.26,0.44,10.1
white,2,7,0.24,0.34,1.4,0.031,27,107,0.99,3.06,0.39,11.9
white,2,6.5,0.19,0.32,1.4,0.04,31,132,0.9922,3.36,0.54,10.8
white,2,8.3,0.23,0.43,3.2,0.035,14,101,0.9928,3.15,0.36,11.5
white,2,8.5,0.21,0.26,9.25,0.034,73,142,0.9945,3.05,0.37,11.4
white,2,8.5,0.28,0.34,13.8,0.041,32,161,0.9981,3.13,0.4,9.9
white,2,5.9,0.18,0.28,5.1,0.039,50,139,0.99165,3.16,0.44,11.3
white,2,5.3,0.76,0.03,2.7,0.043,27,93,0.9932,3.34,0.38,9.2
white,2,7.6,0.27,0.34,5,0.04,18,56,0.99084,3.06,0.48,12.4
white,2,9.2,0.16,0.49,2,0.044,18,107,0.99514,3.1,0.53,10.2
white,2,6.4,0.42,0.46,8.4,0.05,58,180,0.99495,3.18,0.46,9.7
white,2,6.6,0.17,0.35,2.6,0.03,33,78,0.99146,3.22,0.72,11.3
white,2,5.5,0.29,0.3,1.1,0.022,20,110,0.98869,3.34,0.38,12.8
white,2,6.6,0.25,0.3,14.4,0.052,40,183,0.998,3.02,0.5,9.1
white,2,6.8,0.28,0.43,7.6,0.03,30,110,0.99164,3.08,0.59,12.5
white,2,5.4,0.33,0.31,4,0.03,27,108,0.99031,3.3,0.43,12.2
white,2,6.3,0.26,0.25,7.8,0.058,44,166,0.9961,3.24,0.41,9
white,2,6.3,0.23,0.22,3.75,0.039,37,116,0.9927,3.23,0.5,10.7
white,2,4.8,0.225,0.38,1.2,0.074,47,130,0.99132,3.31,0.4,10.3
white,2,5.7,0.12,0.26,5.5,0.034,21,99,0.99324,3.09,0.57,9.9
white,2,6.6,0.325,0.49,7.7,0.049,53,217,0.996,3.16,0.4,9.3
white,2,6.6,0.19,0.41,8.9,0.046,51,169,0.9954,3.14,0.57,9.8
white,2,6.2,0.36,0.32,4,0.036,44,92,0.98936,3.2,0.5,13.3
white,2,6.2,0.21,0.34,6.6,0.03,36,91,0.9914,3.32,0.45,12.5
white,2,5.6,0.39,0.24,4.7,0.034,27,77,0.9906,3.28,0.36,12.7
white,2,7.1,0.42,0.2,2.8,0.038,28,109,0.98968,3.23,0.47,13.4
white,2,7.3,0.24,0.43,2,0.021,20,69,0.99,3.08,0.56,12.2
white,2,7.2,0.2,0.61,16.2,0.043,14,103,0.9987,3.06,0.36,9.2
white,2,6.1,0.16,0.29,6,0.03,29,144,0.99474,3.68,0.46,10.7
white,2,7.2,0.3,0.3,8.7,0.022,14,111,0.99576,3.11,0.61,10.6
white,2,6,0.32,0.12,5.9,0.041,34,190,0.9944,3.16,0.72,10
white,2,6.3,0.18,0.24,3.4,0.053,20,119,0.99373,3.11,0.52,9.2
white,2,7.1,0.3,0.36,6.8,0.055,44.5,234,0.9972,3.49,0.64,10.2
white,2,9.6,0.655,0.21,2,0.039,21,120,0.99188,3,1,12.6
white,2,5.7,0.26,0.27,4.1,0.201,73.5,189.5,0.9942,3.27,0.38,9.4
white,2,6.7,0.11,0.34,8.8,0.043,41,113,0.9962,3.42,0.4,9.3
white,2,6.1,0.28,0.3,7.75,0.031,33,139,0.99296,3.22,0.46,11
white,2,6.9,0.39,0.22,4.3,0.03,10,102,0.993,3,0.87,11.6
white,2,6.3,0.27,0.51,7.6,0.049,35,200,0.99548,3.16,0.54,9.4
white,2,8.1,0.29,0.49,7.1,0.042,22,124,0.9944,3.14,0.41,10.8
white,2,6.2,0.18,0.3,1,0.031,23,73,0.99032,3.23,0.52,11.3
white,2,7.3,0.28,0.54,12.9,0.049,62,162.5,0.9984,3.06,0.45,9.1
white,2,7.9,0.35,0.24,15.6,0.072,44,229,0.99785,3.03,0.59,10.5
white,2,6.8,0.32,0.37,3.4,0.023,19,87,0.9902,3.14,0.53,12.7
white,2,6.3,0.28,0.3,3.1,0.039,24,115,0.9942,3.05,0.43,8.6
white,2,7.1,0.18,0.39,14.5,0.051,48,156,0.99947,3.35,0.78,9.1
white,2,7.2,0.23,0.38,14.3,0.058,55,194,0.9979,3.09,0.44,9
white,2,6.6,0.15,0.34,5.1,0.055,34,125,0.9942,3.36,0.42,9.6
white,2,6,0.59,0,0.8,0.037,30,95,0.99032,3.1,0.4,10.9
white,2,7.9,0.36,0.53,12.9,0.049,63,139,0.99792,2.94,0.45,9.1
white,2,6.8,0.15,0.41,12.9,0.044,79.5,183,0.99742,3.24,0.78,10.2
white,2,5.4,0.46,0.15,2.1,0.026,29,130,0.98953,3.39,0.77,13.4
white,2,6.2,0.2,0.26,1.1,0.047,42,119,0.99158,3.48,0.6,11
white,2,6.8,0.21,0.27,18.15,0.042,41,146,1.0001,3.3,0.36,8.7
white,2,5.9,0.14,0.25,4.5,0.027,34,140,0.9934,3.49,0.51,10.8
white,2,6.2,0.32,0.32,2.2,0.036,15,70,0.9899,3.16,0.48,12.7
white,2,7.6,0.23,0.29,8.6,0.053,65,146,0.9963,3.11,0.32,9.8
white,2,5.9,0.26,0.21,12.5,0.034,36,152,0.9972,3.28,0.43,9.5
white,2,8.2,0.37,0.36,1,0.034,17,93,0.9906,3.04,0.32,11.7
white,2,8.5,0.21,0.26,9.25,0.034,73,142,0.9945,3.05,0.37,11.4
white,2,9.2,0.28,0.46,3.2,0.058,39,133,0.996,3.14,0.58,9.5
white,2,7.6,0.16,0.41,1.9,0.047,27,151,0.9937,3.2,0.53,10.1
white,2,6,0.3,0.33,2.1,0.042,31,127,0.98964,3.32,0.42,12.5
white,2,7,0.35,0.31,1.8,0.069,15,162,0.9944,3.18,0.47,9.4
white,2,6.4,0.31,0.27,7.4,0.049,48,169,0.99323,3.27,0.45,11.1
white,2,6.6,0.42,0.13,12.8,0.044,26,158,0.99772,3.24,0.47,9
white,2,6.4,0.29,0.18,15,0.04,21,116,0.99736,3.14,0.5,9.2
white,2,6.6,0.32,0.24,1.3,0.06,42.5,204,0.99512,3.59,0.51,9.2
white,2,6.5,0.26,0.5,8,0.051,46,197,0.99536,3.18,0.47,9.5
white,2,7.3,0.34,0.39,5.2,0.04,45,163,0.9925,3.3,0.47,12.4
white,2,6.7,0.27,0.33,3.6,0.034,9,45,0.99144,3.08,0.4,10.5
white,2,5.6,0.19,0.27,0.9,0.04,52,103,0.99026,3.5,0.39,11.2
white,2,6,0.33,0.2,1.8,0.031,49,159,0.9919,3.41,0.53,11
white,2,7.4,0.27,0.26,11.8,0.053,55,173,0.99699,3.11,0.6,9.8
white,2,8.3,0.22,0.34,1.1,0.043,20,116,0.9927,3,0.47,10.2
white,2,6.9,0.25,0.3,4.1,0.054,23,116,0.994,2.99,0.38,9.4
white,2,6.4,0.23,0.35,10.3,0.042,54,140,0.9967,3.23,0.47,9.2
white,2,6.3,0.19,0.21,1.8,0.049,35,163,0.9924,3.31,0.5,10.3
white,2,7,0.22,0.28,1.5,0.037,29,115,0.9927,3.11,0.55,10.5
white,2,7.2,0.37,0.15,2,0.029,27,87,0.9903,3.3,0.59,12.6
white,2,6.8,0.27,0.24,4.6,0.098,36,127,0.99412,3.15,0.49,9.6
white,2,6.7,0.44,0.31,1.9,0.03,41,104,0.99,3.29,0.62,12.6
white,2,5.9,0.5,0.05,2.6,0.054,36,146,0.9948,3.43,0.5,9.2
white,2,6.2,0.2,0.26,1.7,0.093,40,161,0.9924,3.44,0.66,11
white,2,6.3,0.37,0.28,6.3,0.034,45,152,0.9921,3.29,0.46,11.6
white,2,6.4,0.38,0.24,7.2,0.047,41,151,0.99604,3.11,0.6,9.2
white,2,5.6,0.295,0.26,1.1,0.035,40,102,0.99154,3.47,0.56,10.6
white,2,7,0.31,0.52,1.7,0.029,5,61,0.9918,3.07,0.43,10.4
white,2,6.8,0.28,0.36,7,0.043,60,207,0.99556,3.16,0.49,9.6
white,2,6.8,0.19,0.71,17.5,0.042,21,114,0.99784,2.85,0.5,9.5
white,2,9.9,0.49,0.23,2.4,0.087,19,115,0.9948,2.77,0.44,9.4
white,2,8.2,0.23,0.37,1.3,0.042,39,117,0.9928,2.99,0.36,10
white,2,6.2,0.33,0.27,4.9,0.036,30,134,0.9927,3.2,0.42,10.4
white,2,7.8,0.2,0.32,5,0.016,31,101,0.99186,2.99,0.39,11
white,2,6.9,0.16,0.37,1.8,0.034,36,95,0.98952,2.93,0.59,12
white,2,6,0.29,0.21,1.3,0.055,42,168,0.9914,3.32,0.43,11.1
white,2,7.8,0.21,0.34,11.9,0.039,55,140,0.9959,3.02,0.31,10.3
white,2,6.4,0.22,0.32,7.2,0.028,15,83,0.993,3.13,0.55,10.9
white,2,6.6,0.19,0.99,1.2,0.122,45,129,0.9936,3.09,0.31,8.7
white,2,5.7,0.4,0.35,5.1,0.026,17,113,0.99052,3.18,0.67,12.4
white,2,6.4,0.15,0.29,1.8,0.044,21,115,0.99166,3.1,0.38,10.2
white,2,6.3,0.37,0.28,6.3,0.034,45,152,0.9921,3.29,0.46,11.6
white,2,6.4,0.35,0.2,5.7,0.034,18,117,0.9944,3.33,0.43,10.1
white,2,6.5,0.08,0.33,1.9,0.028,23,93,0.991,3.34,0.7,12
white,2,6.7,0.36,0.28,8.3,0.034,29,81,0.99151,2.96,0.39,12.5
white,2,5.1,0.23,0.18,1,0.053,13,99,0.98956,3.22,0.39,11.5
white,2,7.4,0.35,0.31,17.95,0.062,42,187,1.0002,3.27,0.64,9.1
white,2,6.9,0.17,0.22,4.6,0.064,55,152,0.9952,3.29,0.37,9.3
white,2,6.8,0.21,0.4,6.3,0.032,40,121,0.99214,3.18,0.53,12
white,2,6.2,0.3,0.17,2.8,0.04,24,125,0.9939,3.01,0.46,9
white,2,7,0.24,0.36,4.9,0.083,10,133,0.9942,3.33,0.37,10.8
white,2,7.1,0.28,0.19,7.8,0.04,48,184,0.99579,3.16,0.5,9.4
white,2,7.3,0.19,0.27,13.9,0.057,45,155,0.99807,2.94,0.41,8.8
white,2,7.1,0.21,0.28,2.7,0.034,23,111,0.99405,3.35,0.64,10.2
white,2,5.3,0.47,0.1,1.3,0.036,11,74,0.99082,3.48,0.54,11.2
white,2,7,0.15,0.3,13.3,0.049,46,120,0.99704,3.2,0.36,9.5
white,2,6.8,0.32,0.3,1,0.049,22,113,0.99289,3.24,0.61,10.2
white,2,6.7,0.21,0.32,5.4,0.047,29,140,0.995,3.39,0.46,9.7
white,2,7.1,0.13,0.38,1.8,0.046,14,114,0.9925,3.32,0.9,11.7
white,2,7.2,0.23,0.32,8.5,0.058,47,186,0.9956,3.19,0.4,9.9
white,2,7.8,0.32,0.31,1.7,0.036,46,195,0.993,3.03,0.48,10.5
white,2,7.6,0.32,0.58,16.75,0.05,43,163,0.9999,3.15,0.54,9.2
white,2,6.1,0.27,0.32,1.1,0.034,24,110,0.9898,3.36,0.4,12.5
white,2,6.2,0.2,0.29,11.8,0.035,21,93,0.99364,3.18,0.34,11.9
white,2,6.6,0.26,0.27,11.8,0.048,28,112,0.99606,2.87,0.49,9.7
white,2,6.7,0.24,0.32,9,0.023,20,109,0.99262,3.34,0.35,12.6
white,2,8.7,0.24,0.35,0.6,0.042,11,71,0.9926,3.08,0.38,10.6
white,2,7.5,0.17,0.37,1.5,0.06,18,75,0.9936,3.54,0.88,10.7
white,2,8.3,0.28,0.27,17.5,0.045,48,253,1.00014,3.02,0.56,9.1
white,2,7.5,0.34,0.28,4,0.028,46,100,0.98958,3.2,0.5,13.2
white,2,5.9,0.33,0.32,8.1,0.038,9,34,0.9911,3.22,0.36,12.7
white,2,7.1,0.21,0.3,1.4,0.037,45,143,0.9932,3.13,0.33,9.9
white,2,6.4,0.25,0.74,7.8,0.045,52,209,0.9956,3.21,0.42,9.2
white,2,7.2,0.32,0.33,1.4,0.029,29,109,0.9902,3.15,0.51,12.8
white,2,7,0.53,0.02,1,0.036,39,107,0.993,3.2,0.32,9
white,2,6.4,0.32,0.5,10.7,0.047,57,206,0.9968,3.08,0.6,9.4
white,2,5.7,0.32,0.18,1.4,0.029,26,104,0.9906,3.44,0.37,11
white,2,6.5,0.29,0.3,9.15,0.051,25,166,0.99339,3.24,0.56,11.35
white,2,5.9,0.24,0.12,1.4,0.035,60,247,0.99358,3.34,0.44,9.6
white,2,6.1,0.32,0.33,10.7,0.036,27,98,0.99521,3.34,0.52,10.2
white,2,6.2,0.36,0.22,5.25,0.038,44,145,0.99184,3.22,0.4,11.2
white,2,6.7,0.24,0.26,12.6,0.053,44,182,0.99802,3.42,0.42,9.7
white,2,5.9,0.22,0.3,1.3,0.052,42,86,0.99069,3.31,0.47,11.55
white,2,7.8,0.27,0.34,1.6,0.046,27,154,0.9927,3.05,0.45,10.5
white,2,6.7,0.5,0.38,7.5,0.046,26,175,0.99662,3.32,0.54,9.6
white,2,7.6,0.29,0.42,1.3,0.035,18,86,0.9908,2.99,0.39,11.3
white,2,7.4,0.3,0.22,5.25,0.053,33,180,0.9926,3.13,0.45,11.6
white,2,9,0.26,0.34,6.7,0.029,21,162,0.99497,3.08,0.5,10.6
white,2,6,0.22,0.23,5,0.045,10,122,0.99261,2.94,0.63,10
white,2,7.6,0.17,0.36,4.5,0.042,26,102,0.99427,3.09,0.47,9.5
white,2,6.7,0.18,0.3,6.4,0.048,40,251,0.9956,3.29,0.52,10
white,2,8.5,0.24,0.39,10.4,0.044,20,142,0.9974,3.2,0.53,10
white,2,6.8,0.37,0.28,4,0.03,29,79,0.99,3.23,0.46,12.4
white,2,6.9,0.58,0.58,8.2,0.032,29,169,0.99275,3.28,0.44,12.2
white,2,6.2,0.35,0.04,1.2,0.06,23,108,0.9934,3.26,0.54,9.2
white,2,8.6,0.34,0.36,1.4,0.045,11,119,0.99556,3.17,0.47,9.4
white,2,6,0.28,0.35,1.9,0.037,16,120,0.9933,3.16,0.69,10.6
white,2,5.3,0.33,0.3,1.2,0.048,25,119,0.99045,3.32,0.62,11.3
white,2,6.4,0.23,0.35,4.6,0.039,43,147,0.99216,3.18,0.4,11
white,2,6.2,0.36,0.22,5.25,0.038,44,145,0.99184,3.22,0.4,11.2
white,2,6.7,0.34,0.3,15.6,0.054,51,196,0.9982,3.19,0.49,9.3
white,2,5.8,0.15,0.32,1.2,0.037,14,119,0.99137,3.19,0.5,10.2
white,2,6.8,0.24,0.31,18.3,0.046,40,142,1,3.3,0.41,8.7
white,2,8.2,0.22,0.36,6.8,0.034,12,90,0.9944,3.01,0.38,10.5
white,2,6.6,0.5,0.26,11.3,0.029,32,110,0.99302,3.27,0.78,12.9
white,2,7.1,0.21,0.37,2.4,0.026,23,100,0.9903,3.15,0.38,11.4
white,2,7.9,0.37,0.3,2.7,0.029,64,158,0.9916,3.12,0.59,12
white,2,5.3,0.31,0.38,10.5,0.031,53,140,0.99321,3.34,0.46,11.7
white,2,8,0.27,0.24,1.2,0.044,20,102,0.9929,3.28,0.42,10.9
white,2,6.3,0.29,0.3,8.1,0.212,60,150,0.9958,3.1,0.4,9.3
white,2,9.2,0.28,0.49,11.8,0.042,29,137,0.998,3.1,0.34,10.1
white,2,6.1,0.28,0.27,4.7,0.03,56,140,0.99042,3.16,0.42,12.5
white,2,6.9,0.44,0.27,5,0.038,33,166,0.99124,3.2,0.42,12.2
white,2,6.3,0.3,0.91,8.2,0.034,50,199,0.99394,3.39,0.49,11.7
white,2,5.1,0.33,0.22,1.6,0.027,18,89,0.9893,3.51,0.38,12.5
white,2,6.7,0.54,0.27,7.1,0.049,8,178,0.99502,3.16,0.38,9.4
white,2,5.7,0.41,0.21,1.9,0.048,30,112,0.99138,3.29,0.55,11.2
white,2,8.8,0.2,0.43,15,0.053,60,184,1.0008,3.28,0.79,8.8
white,2,6.6,0.28,0.42,8.2,0.044,60,196,0.99562,3.14,0.48,9.4
white,2,7,0.24,0.24,1.8,0.047,29,91,0.99251,3.3,0.43,9.9
white,2,8.5,0.19,0.48,1.1,0.026,23,58,0.99184,2.9,0.5,10.5
white,2,5.8,0.25,0.26,13.1,0.051,44,148,0.9972,3.29,0.38,9.3
white,2,5.8,0.27,0.2,14.95,0.044,22,179,0.9962,3.37,0.37,10.2
white,2,8.7,0.3,0.59,1.7,0.046,10,70,0.99373,3.06,0.56,10.8
white,2,6,0.22,0.28,1.1,0.034,47,90,0.98862,3.22,0.38,12.6
white,2,6.7,0.26,0.26,4,0.079,35.5,216,0.9956,3.31,0.68,9.5
white,2,7.9,0.41,0.37,4.5,0.03,40,114,0.992,3.17,0.54,12.4
white,2,7.2,0.18,0.31,1.1,0.045,20,73,0.9925,3.32,0.4,10.8
white,2,6.3,0.32,0.26,12,0.049,63,170,0.9961,3.14,0.55,9.9
white,2,8.2,0.18,0.28,8.5,0.035,41,140,0.9952,3.04,0.37,10.1
white,2,8,0.33,0.35,10,0.035,22,108,0.99457,3.12,0.36,11.6
white,2,6.6,0.26,0.27,1.5,0.04,19,114,0.99295,3.36,0.62,10.5
white,2,7.4,0.35,0.24,6,0.042,28,123,0.99304,3.14,0.44,11.3
white,2,6.2,0.15,0.27,1.4,0.041,51,117,0.9909,3.28,0.38,11.2
white,2,8.5,0.26,0.21,16.2,0.074,41,197,0.998,3.02,0.5,9.8
white,2,6.8,0.24,0.31,18.3,0.046,40,142,1,3.3,0.41,8.7
white,2,6.7,0.54,0.28,5.4,0.06,21,105,0.9949,3.27,0.37,9
white,2,6.8,0.35,0.53,10.1,0.053,37,151,0.9963,3.07,0.4,9.4
white,2,7.5,0.29,0.67,8.1,0.037,53,166,0.9966,2.9,0.41,8.9
white,2,9.8,0.42,0.48,9.85,0.034,5,110,0.9958,2.87,0.29,10
white,2,6,0.42,0.41,12.4,0.032,50,179,0.99622,3.14,0.6,9.7
white,2,6.8,0.37,0.67,1.5,0.175,16,98,0.99244,3.06,0.56,10.3
white,2,5.9,0.3,0.3,2,0.03,38,142,0.98892,3.41,0.41,12.9
white,2,6.3,0.55,0.45,13,0.047,33,182,0.9974,3.2,0.46,9.2
white,2,6.5,0.28,0.34,9.9,0.038,30,133,0.9954,3.11,0.44,9.8
white,2,7.3,0.23,0.27,2.6,0.035,39,120,0.99138,3.04,0.59,11.3
white,2,6.8,0.2,0.25,6.2,0.052,22,106,0.9935,3.09,0.54,10.8
white,2,6.3,0.18,0.22,5.6,0.047,45,147,0.99383,3.09,0.54,10
white,2,6.4,0.16,0.25,1.3,0.047,20,77,0.9933,3.61,0.54,10.2
white,2,7.1,0.33,0.3,3.3,0.034,30,102,0.9912,3.08,0.31,12.3
white,2,7.7,0.28,0.29,4.3,0.051,25,142,0.9939,3.16,0.39,10.2
white,2,7,0.46,0.2,16.7,0.046,50,184,0.99898,3.08,0.56,9.4
white,2,6.8,0.18,0.28,9.8,0.039,29,113,0.99406,3.11,0.45,10.9
white,2,6.5,0.13,0.27,2.6,0.035,32,76,0.9914,3.21,0.76,11.33333333
white,2,7,0.2,0.3,6.1,0.037,31,120,0.9939,3.24,0.51,10.8
white,2,6.5,0.36,0.31,13.55,0.053,20,113,0.99544,3.2,0.56,11
white,2,6.8,0.13,0.39,1.4,0.034,19,102,0.99121,3.23,0.6,11.3
white,2,6.9,0.26,0.29,4.2,0.043,33,114,0.9902,3.16,0.31,12.5
white,2,6.9,0.19,0.33,1.6,0.039,27,98,0.9898,3.09,0.46,12.3
white,2,7.1,0.22,0.32,16.9,0.056,49,158,0.9998,3.37,0.38,9.6
white,2,7,0.27,0.74,1.3,0.173,34,121,0.99334,3.04,0.46,9.2
white,2,6.7,0.46,0.21,4,0.034,12,88,0.99016,3.26,0.54,13
white,2,6.8,0.21,0.31,2.9,0.046,40,121,0.9913,3.07,0.65,10.9
white,2,6.5,0.35,0.38,7.4,0.036,20,196,0.99712,3.47,0.48,9.1
white,2,7,0.35,0.17,1.1,0.049,7,119,0.99297,3.13,0.36,9.7
white,2,4.2,0.17,0.36,1.8,0.029,93,161,0.98999,3.65,0.89,12
white,2,5.7,0.22,0.29,3.5,0.04,27,146,0.98999,3.17,0.36,12.1
white,2,6,0.41,0.05,1.5,0.063,17,120,0.9932,3.21,0.56,9.2
white,2,7.4,0.24,0.42,14,0.066,48,198,0.9979,2.89,0.42,8.9
white,2,7.6,0.27,0.24,3.8,0.058,19,115,0.9958,3.15,0.45,8.9
white,2,7.1,0.18,0.26,1.3,0.041,20,71,0.9926,3.04,0.74,9.9
white,2,6.6,0.545,0.04,2.5,0.031,48,111,0.9906,3.14,0.32,11.9
white,2,7.2,0.29,0.2,7.7,0.046,51,174,0.99582,3.16,0.52,9.5
white,2,5.2,0.24,0.45,3.8,0.027,21,128,0.992,3.55,0.49,11.2
white,2,6.3,0.41,0.22,7.3,0.035,23,117,0.99172,3.2,0.39,11.94
white,2,5.1,0.305,0.13,1.75,0.036,17,73,0.99,3.4,0.51,12.33333333
white,2,6,0.26,0.5,2.2,0.048,59,153,0.9928,3.08,0.61,9.8
white,2,6,0.23,0.15,9.7,0.048,101,207,0.99571,3.05,0.3,9.1
white,2,5.5,0.62,0.33,1.7,0.037,24,118,0.98758,3.15,0.39,13.55
white,2,7.5,0.41,0.23,14.8,0.054,28,174,0.99898,3.18,0.49,9.7
white,2,6.7,0.23,0.33,1.8,0.036,23,96,0.9925,3.32,0.4,10.8
white,2,7.3,0.41,0.29,1.8,0.032,26,74,0.98889,2.96,0.35,13
white,2,7.9,0.18,0.49,5.2,0.051,36,157,0.9953,3.18,0.48,10.6
white,2,7.9,0.25,0.35,6.7,0.039,22,64,0.99362,2.93,0.49,10.7
white,2,7.9,0.22,0.49,3.8,0.042,26,105,0.993,3.1,0.39,10.5
white,2,6.8,0.27,0.28,7.8,0.038,26,89,0.9915,3.24,0.34,12.5
white,2,7.2,0.15,0.38,1.2,0.038,18,110,0.9917,3.19,0.43,11.1
white,2,6.7,0.4,0.22,8.8,0.052,24,113,0.99576,3.22,0.45,9.4
white,2,6.6,0.32,0.27,10.9,0.041,37,146,0.9963,3.24,0.47,10
white,2,5.3,0.16,0.39,1,0.028,40,101,0.99156,3.57,0.59,10.6
white,2,8.3,0.2,0.49,1.7,0.04,34,169,0.9938,3.05,0.37,10.1
white,2,5.6,0.22,0.32,1.2,0.024,29,97,0.98823,3.2,0.46,13.05
white,2,8,0.23,0.37,9.6,0.054,23,159,0.99795,3.32,0.47,9.8
white,2,6.7,0.18,0.19,4.7,0.046,57,161,0.9946,3.32,0.66,10.5
white,2,7.3,0.18,0.29,1,0.036,26,101,0.99,3.09,0.37,11.7
white,2,7.5,0.18,0.45,4.6,0.041,67,158,0.9927,3.01,0.38,10.6
white,2,6.5,0.2,0.5,18.1,0.054,50,221,0.99941,2.94,0.64,8.8
white,2,6.9,0.28,0.37,9.1,0.037,16,76,0.9948,3.05,0.54,11.1
white,2,7.4,0.32,0.27,12.9,0.04,60,221,0.99831,3.05,0.66,9.4
white,2,6,0.29,0.41,10.8,0.048,55,149,0.9937,3.09,0.59,10.96666667
white,2,6.7,0.47,0.34,8.9,0.043,31,172,0.9964,3.22,0.6,9.2
white,2,6.4,0.29,0.21,9.65,0.041,36,119,0.99334,2.99,0.34,10.93333333
white,2,6.2,0.27,0.32,6.3,0.048,47,159,0.99282,3.21,0.6,11
white,2,6.4,0.31,0.39,7.5,0.04,57,213,0.99475,3.32,0.43,10
white,2,6.5,0.3,0.28,11.45,0.041,29,109,0.99418,2.98,0.3,10.9
white,2,6.9,0.31,0.34,1.6,0.032,23,128,0.9917,3.37,0.47,11.7
white,2,7,0.28,0.32,7.75,0.032,30,114,0.99158,3.12,0.64,12.8
white,2,6.4,0.37,0.19,3.5,0.068,18,101,0.9934,3.03,0.38,9
white,2,7,0.14,0.41,0.9,0.037,22,95,0.9914,3.25,0.43,10.9
white,2,6.8,0.32,0.18,7.5,0.041,71,223,0.9959,3.14,0.41,8.9
white,2,6.4,0.16,0.31,5.3,0.043,42,157,0.99455,3.35,0.47,10.5
white,2,6.6,0.21,0.34,5.6,0.046,30,140,0.99299,3.22,0.38,11
white,2,7.5,0.26,0.26,18.35,0.084,33,139,1.0011,3.17,0.39,8.8
white,2,7.5,0.305,0.4,18.9,0.059,44,170,1,2.99,0.46,9
white,2,6.4,0.31,0.5,5.8,0.038,42,111,0.99189,3.18,0.53,11.9
white,2,6.8,0.31,0.42,6.9,0.046,50,173,0.9958,3.19,0.46,9
white,2,7.2,0.21,0.36,15.7,0.045,68,183,0.99922,3.25,0.76,9.4
white,2,9.8,0.31,0.49,15.4,0.046,13,119,1.0004,3.18,0.45,9.5
white,2,7.9,0.27,0.27,1.7,0.034,25,122,0.99088,2.97,0.51,11.9
white,2,6.4,0.25,0.74,7.8,0.045,52,209,0.9956,3.21,0.42,9.2
white,2,6.8,0.22,0.35,5.5,0.043,21,114,0.9938,3.3,0.53,10.7
white,2,5.8,0.29,0.33,3.7,0.029,30,88,0.98994,3.25,0.42,12.3
white,2,5.9,0.435,0.16,6.4,0.031,21,134,0.99151,3.24,0.46,12.2
white,2,6.4,0.45,0.07,1.1,0.03,10,131,0.9905,2.97,0.28,10.8
white,2,6.9,0.26,0.29,4.2,0.043,33,114,0.9902,3.16,0.31,12.5
white,2,6.5,0.24,0.19,1.2,0.041,30,111,0.99254,2.99,0.46,9.4
white,2,6.8,0.19,0.32,7.05,0.019,54,188,0.9935,3.25,0.37,11.1
white,2,6.6,0.23,0.18,8.5,0.044,59,188,0.99558,3.16,0.49,9.5
white,2,7.4,0.25,0.36,13.2,0.067,53,178,0.9976,3.01,0.48,9
white,2,6.6,0.22,0.53,15.1,0.052,22,136,0.9986,2.94,0.35,9.4
white,2,6.2,0.53,0.02,0.9,0.035,6,81,0.99234,3.24,0.35,9.5
white,2,8.2,0.24,0.3,2.3,0.05,23,106,0.99397,2.98,0.5,10
white,2,6.8,0.27,0.37,8.2,0.055,52,192,0.99586,3.11,0.52,9.5
white,2,8.4,0.24,0.49,7.4,0.039,46,108,0.9934,3.03,0.33,11.9
white,2,6,0.35,0.46,0.9,0.033,9,65,0.98934,3.24,0.35,12.1
white,2,6.2,0.32,0.12,4.8,0.054,6,97,0.99424,3.16,0.5,9.3
white,2,7,0.32,0.34,1.3,0.042,20,69,0.9912,3.31,0.65,12
white,2,6.5,0.18,0.31,1.7,0.044,30,127,0.9928,3.49,0.5,10.2
white,2,5.7,0.2,0.3,2.5,0.046,38,125,0.99276,3.34,0.5,9.9
white,2,7.9,0.25,0.34,11.4,0.04,53,202,0.99708,3.11,0.57,9.6
white,2,7.5,0.27,0.31,17.7,0.051,33,173,0.999,3.09,0.64,10.2
white,2,10.3,0.17,0.47,1.4,0.037,5,33,0.9939,2.89,0.28,9.6
white,2,7.8,0.3,0.74,1.8,0.033,33,156,0.991,3.29,0.52,12.8
white,2,8.3,0.21,0.49,19.8,0.054,50,231,1.0012,2.99,0.54,9.2
white,2,5.7,0.25,0.32,12.2,0.041,43,127,0.99524,3.23,0.53,10.4
white,2,7.2,0.585,0.2,10.4,0.086,17,94,0.99681,3.13,0.4,9.4
white,2,6.8,0.23,0.3,6.95,0.044,42,179,0.9946,3.25,0.56,10.6
white,2,6.4,0.23,0.35,10.3,0.042,54,140,0.9967,3.23,0.47,9.2
white,2,6.7,0.33,0.36,6.6,0.042,34,116,0.99123,2.97,0.31,12.2
white,2,6.4,0.33,0.44,8.9,0.055,52,164,0.99488,3.1,0.48,9.6
white,2,7.2,0.25,0.28,14.4,0.055,55,205,0.9986,3.12,0.38,9
white,2,6.1,0.32,0.24,1.5,0.036,38,124,0.9898,3.29,0.42,12.4
white,2,6.8,0.32,0.43,1.6,0.05,4,65,0.99346,3.27,0.47,10.7
white,2,7.2,0.27,0.31,1.2,0.031,27,80,0.98892,3.03,0.33,12.7
white,2,6.4,0.32,0.31,1.9,0.037,34,126,0.99,3.06,0.45,11.8
white,2,6.15,0.21,0.37,3.2,0.021,20,80,0.99076,3.39,0.47,12
white,2,6,0.17,0.36,1.7,0.042,14,61,0.99144,3.22,0.54,10.8
white,2,7.7,0.29,0.29,4.8,0.06,27,156,0.99572,3.49,0.59,10.3
white,2,6.6,0.27,0.49,7.8,0.049,62,217,0.9959,3.17,0.45,9.4
white,2,7.6,0.19,0.42,1.5,0.044,6,114,0.9914,3.04,0.74,12.8
white,2,7.4,0.29,0.48,12.8,0.037,61.5,182,0.99808,3.02,0.34,8.8
white,2,6.9,0.25,0.26,5.2,0.024,36,135,0.9948,3.16,0.72,10.7
white,2,9.1,0.28,0.49,2,0.059,10,112,0.9958,3.15,0.46,10.1
white,2,7.3,0.18,0.31,17.3,0.055,32,197,1.0002,3.13,0.46,9
white,2,6.9,0.26,0.27,4.2,0.031,20,80,0.99089,3.12,0.39,11.5
white,2,6.8,0.2,0.38,4.7,0.04,27,103,0.994,3.37,0.58,10.7
white,2,6,0.2,0.26,14.7,0.045,53,125,0.998365,2.99,0.69,9.4
white,2,7.1,0.28,0.19,7.8,0.04,48,184,0.99579,3.16,0.5,9.4
white,2,7.1,0.18,0.39,15.25,0.047,45,158,0.99946,3.34,0.77,9.1
white,2,7.1,0.26,0.32,16.2,0.044,31,170,0.99644,3.17,0.37,11.2
white,2,5.9,0.26,0.4,1.3,0.047,12,139,0.9945,3.45,0.53,10.4
white,2,8.5,0.24,0.47,15.2,0.057,40,234,1.0005,3.02,0.66,9
white,2,6.4,0.42,0.19,9.3,0.043,28,145,0.99433,3.23,0.53,10.98
white,2,7,0.2,0.35,8.8,0.037,31,103,0.99388,3.13,0.49,11
white,2,6.6,0.34,0.4,8.1,0.046,68,170,0.99494,3.15,0.5,9.533333333
white,2,7.5,0.19,0.34,2.6,0.037,33,125,0.9923,3.1,0.49,11.1
white,2,7,0.15,0.28,14.7,0.051,29,149,0.99792,2.96,0.39,9
white,2,6.3,0.34,0.36,4.9,0.035,31,185,0.9946,3.15,0.49,9.7
white,2,6.9,0.4,0.42,6.2,0.066,41,176,0.99552,3.12,0.54,9.4
white,2,6.3,0.23,0.3,1.8,0.033,16,91,0.9906,3.28,0.4,11.8
white,2,7.3,0.3,0.74,13.5,0.039,46,165,0.9982,3.02,0.4,8.7
white,2,5.3,0.3,0.16,4.2,0.029,37,100,0.9905,3.3,0.36,11.8
white,2,7.1,0.23,0.35,16.5,0.04,60,171,0.999,3.16,0.59,9.1
white,2,7.2,0.22,0.35,5.5,0.054,37,183,0.99474,3.08,0.5,10.3
white,2,6,0.18,0.31,1.4,0.036,14,75,0.99085,3.34,0.58,11.1
white,2,7.2,0.34,0.34,12.6,0.048,7,41,0.9942,3.19,0.4,11.7
white,2,6.8,0.22,0.32,5.9,0.054,40,152,0.9938,3.2,0.57,10.8
white,2,6.6,0.21,0.29,5.35,0.029,43,106,0.99112,2.93,0.43,11.5
white,2,6.6,0.18,0.28,1.7,0.041,53,161,0.99207,3.13,0.45,10.2
white,2,6.9,0.28,0.4,8.2,0.036,15,95,0.9944,3.17,0.33,10.2
white,2,8.1,0.36,0.59,13.6,0.051,60,134,0.99886,2.96,0.39,8.7
white,2,9.4,0.16,0.3,1.4,0.042,26,176,0.9954,3.15,0.46,9.1
white,2,8,0.33,0.32,4.6,0.041,31,180,0.99184,2.92,0.74,12.2
white,2,6.2,0.39,0.24,4.8,0.037,45,138,0.99174,3.23,0.43,11.2
white,2,7,0.21,0.34,8.5,0.033,31,253,0.9953,3.22,0.56,10.5
white,2,7.1,0.28,0.44,1.8,0.032,32,107,0.9907,3.25,0.48,12.2
white,2,7,0.12,0.29,10.3,0.039,41,98,0.99564,3.19,0.38,9.8
white,2,6.6,0.27,0.32,1.3,0.044,18,93,0.99044,3.11,0.56,12.25
white,2,7.4,0.15,0.42,1.7,0.045,49,154,0.992,3,0.6,10.4
white,2,7,0.35,0.3,6.5,0.028,27,87,0.9936,3.4,0.42,11.4
white,2,6.5,0.28,0.35,15.4,0.042,55,195,0.9978,3.23,0.5,9.6
white,2,7.2,0.22,0.24,1.4,0.041,17,159,0.99196,3.25,0.53,11.2
white,2,7.2,0.46,0.65,10.4,0.05,76,192,0.9976,3.16,0.42,8.7
white,2,6.5,0.36,0.31,4.1,0.061,20,134,0.99475,3.18,0.45,9
white,2,6.6,0.18,0.28,1.7,0.041,53,161,0.99207,3.13,0.45,10.2
white,2,7.4,0.25,0.36,13.2,0.067,53,178,0.9976,3.01,0.48,9
white,2,6.4,0.14,0.28,7.9,0.057,21,82,0.99425,3.26,0.36,10
white,2,7.4,0.16,0.27,15.5,0.05,25,135,0.9984,2.9,0.43,8.7
white,2,9,0.17,0.49,1,0.039,46,131,0.993,3.09,0.51,10.5
white,2,7.3,0.4,0.24,6.7,0.058,41,166,0.995,3.2,0.41,9.9
white,2,7,0.16,0.32,8.3,0.045,38,126,0.9958,3.21,0.34,9.2
white,2,6.8,0.37,0.51,11.8,0.044,62,163,0.9976,3.19,0.44,8.8
white,2,6.8,0.18,0.35,5.4,0.054,53,143,0.99287,3.1,0.54,11
white,2,6,0.4,0.3,1.6,0.047,30,117,0.9931,3.17,0.48,10.1
white,2,6.9,0.32,0.13,7.8,0.042,11,117,0.996,3.23,0.37,9.2
white,2,6.4,0.27,0.29,10.8,0.028,17,118,0.99356,3.18,0.37,11.2
white,2,6.7,0.42,0.39,12.1,0.04,61,248,0.99794,3.31,0.58,9.7
white,2,6.4,0.3,0.16,7.5,0.05,55,191,0.9959,3.17,0.49,9
white,2,5.6,0.35,0.37,1,0.038,6,72,0.9902,3.37,0.34,11.4
white,2,6.8,0.11,0.27,8.6,0.044,45,104,0.99454,3.2,0.37,9.9
white,2,7.2,0.21,0.36,15.7,0.045,68,183,0.99922,3.25,0.76,9.4
white,2,7.8,0.965,0.6,65.8,0.074,8,160,1.03898,3.39,0.69,11.7
white,2,6.8,0.21,0.62,6.4,0.041,7,113,0.99358,2.96,0.59,10.2
white,2,6.3,0.4,0.24,5.1,0.036,43,131,0.99186,3.24,0.44,11.3
white,2,6.1,0.38,0.47,1.4,0.051,59,210,0.99309,3.24,0.5,9.6
white,2,8.1,0.2,0.3,1.3,0.036,7,49,0.99242,2.99,0.73,10.3
white,2,8.5,0.32,0.36,14.9,0.041,47,190,0.9982,3.08,0.31,10
white,2,7.7,0.27,0.35,5.3,0.03,30,117,0.992,3.11,0.42,12.2
white,2,5.2,0.185,0.22,1,0.03,47,123,0.99218,3.55,0.44,10.15
white,2,7.3,0.18,0.65,1.4,0.046,28,157,0.9946,3.33,0.62,9.4
white,2,6.8,0.3,0.24,6.6,0.123,35,116,0.9953,3.07,0.48,9.4
white,2,5.8,0.32,0.2,2.6,0.027,17,123,0.98936,3.36,0.78,13.9
white,2,7.4,0.25,0.37,13.5,0.06,52,192,0.9975,3,0.44,9.1
white,2,7.5,0.32,0.26,1.8,0.042,13,133,0.9938,3.07,0.38,9.5
white,2,7.7,0.23,0.31,10.7,0.038,59,186,0.9969,3.12,0.55,9.5
white,2,7.3,0.37,0.16,14.9,0.048,59,240,0.99902,3.13,0.45,8.9
white,2,6.4,0.46,0.08,4.9,0.046,34,144,0.99445,3.1,0.56,10
white,2,7.3,0.4,0.28,6.5,0.037,26,97,0.99148,3.16,0.58,12.6
white,2,6.6,0.3,0.24,1.2,0.034,17,121,0.9933,3.13,0.36,9.2
white,2,6,0.22,0.33,12.2,0.033,25,97,0.99356,3.17,0.42,11.3
white,2,7.5,0.31,0.51,14.8,0.039,62,204,0.9982,3.06,0.6,9.5
white,2,6.9,0.2,0.41,1.1,0.06,36,104,0.99317,2.99,0.39,9.2
white,2,6.9,0.28,0.22,10,0.052,36,131,0.99696,3.08,0.46,9.6
white,2,6.4,0.43,0.27,1.1,0.054,5,110,0.9939,3.24,0.52,9.1
white,2,5.7,0.33,0.32,1.4,0.043,28,93,0.9897,3.31,0.5,12.3
white,2,7.9,0.64,0.46,10.6,0.244,33,227,0.9983,2.87,0.74,9.1
white,2,6.7,0.27,0.12,1.3,0.041,62,138,0.9921,3.21,0.42,10
white,2,6.5,0.38,0.53,1.4,0.142,5,69,0.9926,3.14,0.52,10.1
white,2,6.4,0.16,0.44,1.2,0.051,39,122,0.99058,3.11,0.75,11.3
white,2,6.6,0.17,0.28,1.1,0.034,55,108,0.98939,3,0.52,11.9
white,2,7.2,0.51,0.24,10,0.093,35,197,0.9981,3.41,0.47,9
white,2,6.4,0.21,0.28,5.9,0.047,29,101,0.99278,3.15,0.4,11
white,2,5.2,0.6,0.07,7,0.044,33,147,0.9944,3.33,0.58,9.7
white,2,6.5,0.18,0.26,1.4,0.041,40,141,0.9941,3.34,0.72,9.5
white,2,7.5,0.29,0.67,8.1,0.037,53,166,0.9966,2.9,0.41,8.9
white,2,7.8,0.28,0.31,2.1,0.046,28,208,0.99434,3.23,0.64,9.8
white,2,6.9,0.31,0.34,7.4,0.059,36,174,0.9963,3.46,0.62,11.1
white,2,6,0.19,0.71,1.5,0.152,9,55,0.9927,3.12,0.46,9.8
white,2,6.7,0.265,0.22,8.6,0.048,54,198,0.9955,3.25,0.41,10.2
white,2,6.4,0.17,0.32,2.4,0.048,41,200,0.9938,3.5,0.5,9.7
white,2,6.4,0.14,0.31,1.2,0.034,53,138,0.99084,3.38,0.35,11.5
white,2,5.8,0.555,0.26,4.5,0.053,17,126,0.9943,3.24,0.46,9.1
white,2,7.1,0.49,0.22,2,0.047,146.5,307.5,0.9924,3.24,0.37,11
white,2,9.2,0.28,0.41,1,0.042,14,59,0.9922,2.96,0.25,10.5
white,2,6.6,0.905,0.19,0.8,0.048,17,204,0.9934,3.34,0.56,10
white,2,6.4,0.26,0.21,8.2,0.05,51,182,0.99542,3.23,0.48,9.5
white,2,7.1,0.31,0.17,1,0.042,21,144,0.99304,3.13,0.4,9.6
white,2,8.9,0.13,0.49,1,0.028,6,24,0.9926,2.91,0.32,9.9
white,2,6.7,0.26,0.29,7.1,0.036,28,100,0.99534,3.08,0.36,9.3
white,2,8.4,0.22,0.3,1.3,0.038,45,122,0.99178,3.13,0.54,10.8
white,2,6.6,0.26,0.29,1.4,0.039,13,67,0.9915,3.05,0.49,10.9
white,2,6.4,0.24,0.26,8.2,0.054,47,182,0.99538,3.12,0.5,9.5
white,2,6.9,0.33,0.28,1.3,0.051,37,187,0.9927,3.27,0.6,10.3
white,2,6.8,0.19,0.4,9.85,0.055,41,103,0.99532,2.98,0.56,10.5
white,2,7.3,0.18,0.29,1.2,0.044,12,143,0.9918,3.2,0.48,11.3
white,2,6.8,0.32,0.34,6,0.05,5,129,0.9953,3.19,0.4,9.1
white,2,8,0.28,0.42,7.1,0.045,41,169,0.9959,3.17,0.43,10.6
white,2,6.1,0.28,0.24,19.95,0.074,32,174,0.99922,3.19,0.44,9.3
white,2,7.7,0.27,0.34,1.8,0.028,26,168,0.9911,2.99,0.48,12.1
white,2,6.6,0.39,0.38,9.7,0.053,49,226,0.99787,3.3,0.57,9.4
white,2,7.2,0.19,0.31,1.4,0.046,37,135,0.9939,3.34,0.57,10.2
white,2,7.2,0.4,0.38,2.2,0.03,40,109,0.99075,3.27,0.46,12.6
white,2,6.5,0.36,0.49,2.9,0.03,16,94,0.9902,3.1,0.49,12.1
white,2,5.9,0.24,0.3,2,0.033,28,92,0.99225,3.39,0.69,10.9
white,2,8,0.27,0.25,19.1,0.045,50,208,1.00051,3.05,0.5,9.2
white,2,7.4,0.2,0.28,9.1,0.047,29,95,0.99532,3.16,0.47,9.8
white,2,5.7,0.28,0.24,17.5,0.044,60,167,0.9989,3.31,0.44,9.4
white,2,7.8,0.49,0.49,7,0.043,29,149,0.9952,3.21,0.33,10
white,2,6.2,0.32,0.16,7,0.045,30,136,0.9949,3.18,0.47,9.6
white,2,7.8,0.29,0.22,9.5,0.056,44,213,0.99715,3.08,0.61,9.3
white,2,7,0.3,0.38,14.9,0.032,60,181,0.9983,3.18,0.61,9.3
white,2,6.9,0.22,0.37,15,0.053,59,178,0.9992,3.37,0.82,9.5
white,2,7.2,0.22,0.28,7.2,0.06,41,132,0.9935,3.08,0.59,11.3
white,2,7.4,0.25,0.37,2.6,0.05,24,132,0.99138,3.04,0.53,11.2
white,2,5.1,0.35,0.26,6.8,0.034,36,120,0.99188,3.38,0.4,11.5
white,2,6.2,0.22,0.3,12.4,0.054,108,152,0.99728,3.1,0.47,9.5
white,2,6.1,0.38,0.42,5,0.016,31,113,0.99007,3.15,0.31,12.4
white,2,9,0.38,0.53,2.1,0.102,19,76,0.99001,2.93,0.57,12.9
white,2,6.1,0.105,0.31,1.3,0.037,55,145,0.9912,3.41,0.41,11.1
white,2,8.1,0.2,0.4,2,0.037,19,87,0.9921,3.12,0.54,11.2
white,2,7.5,0.29,0.24,9.9,0.058,25,115,0.99567,3.15,0.46,10.9
white,2,6.7,0.47,0.29,4.75,0.034,29,134,0.99056,3.29,0.46,13
white,2,5.7,0.15,0.28,3.7,0.045,57,151,0.9913,3.22,0.27,11.2
white,2,6.6,0.28,0.34,0.8,0.037,42,119,0.9888,3.03,0.37,12.5
white,2,7.7,0.32,0.48,2.3,0.04,28,114,0.9911,3.2,0.52,12.8
white,2,6.5,0.15,0.32,1.3,0.036,19,76,0.98964,3.18,0.41,12.3
white,2,7.1,0.33,0.18,6.3,0.094,27,166,0.99474,2.9,0.49,9.5
white,2,6.8,0.39,0.35,11.6,0.044,57,220,0.99775,3.07,0.53,9.3
white,2,6.5,0.18,0.34,1.6,0.04,43,148,0.9912,3.32,0.59,11.5
white,2,7.4,0.21,0.3,7.9,0.039,14,118,0.9942,2.96,0.34,10.4
white,2,6.6,0.34,0.25,4.8,0.038,16,121,0.99198,3.36,0.71,12.6
white,2,7.1,0.22,0.33,2.8,0.033,48,153,0.9899,3.15,0.38,12.7
white,2,7,0.14,0.32,9,0.039,54,141,0.9956,3.22,0.43,9.4
white,2,7.6,0.22,0.34,9.7,0.035,26,143,0.9965,3.08,0.49,9.8
white,2,6.9,0.24,0.23,7.1,0.041,20,97,0.99246,3.1,0.85,11.4
white,2,8.2,0.22,0.3,1.8,0.047,47,185,0.9933,3.13,0.5,10.2
white,2,6.2,0.25,0.42,8,0.049,53,206,0.99586,3.16,0.47,9.1
white,2,5.7,0.27,0.16,9,0.053,32,111,0.99474,3.36,0.37,10.4
white,2,6.9,0.115,0.35,5.4,0.048,36,108,0.9939,3.32,0.42,10.2
white,2,6.6,0.38,0.36,9.2,0.061,42,214,0.9976,3.31,0.56,9.4
white,2,6.7,0.48,0.32,1.4,0.021,22,121,0.9889,3.15,0.53,12.7
white,2,6.4,0.27,0.29,3.9,0.034,62,140,0.99237,3.1,0.59,11.1
white,2,8.2,0.18,0.49,1.1,0.033,28,81,0.9923,3,0.68,10.4
white,2,6.9,0.3,0.45,1.4,0.039,36,122,0.99059,3.07,0.47,11.1
white,2,8,0.24,0.36,1.5,0.047,17,129,0.9948,3.2,0.54,10
white,2,7,0.29,0.54,10.7,0.046,59,234,0.9966,3.05,0.61,9.5
white,2,9.2,0.25,0.34,1.2,0.026,31,93,0.9916,2.93,0.37,11.3
white,2,7.6,0.47,0.49,13,0.239,42,220,0.9988,2.96,0.51,9.2
white,2,6.5,0.34,0.28,1.8,0.041,43,188,0.9928,3.13,0.37,9.6
white,2,6.8,0.21,0.74,1.2,0.047,25,111,0.9916,3.13,0.41,10.7
white,2,7.6,0.52,0.49,14,0.034,37,156,0.9958,3.14,0.38,11.8
white,2,6,0.16,0.3,6.7,0.043,43,153,0.9951,3.63,0.46,10.6
white,2,6.1,0.32,0.28,6.6,0.021,29,132,0.99188,3.15,0.36,11.45
white,2,6,0.34,0.66,15.9,0.046,26,164,0.9979,3.14,0.5,8.8
white,2,6,0.22,0.28,1.1,0.034,47,90,0.98862,3.22,0.38,12.6
white,2,7.2,0.25,0.28,14.4,0.055,55,205,0.9986,3.12,0.38,9
white,2,6.3,0.2,0.4,1.5,0.037,35,107,0.9917,3.46,0.5,11.4
white,2,6,0.33,0.26,5.1,0.051,16,119,0.99416,3.15,0.41,9.2
white,2,5.9,0.14,0.2,1.6,0.04,26,114,0.99105,3.25,0.45,11.4
white,2,6,0.33,0.27,0.8,0.185,12,188,0.9924,3.12,0.62,9.4
white,2,6.4,0.26,0.26,1.1,0.052,22,176,0.99304,3.09,0.54,9.3
white,2,8.1,0.2,0.28,0.9,0.023,49,87,0.99062,2.92,0.36,11.1
white,2,6.4,0.27,0.49,7.3,0.046,53,206,0.9956,3.24,0.43,9.2
white,2,6.2,0.2,0.32,2.8,0.05,17,126,0.9936,3.18,0.55,9.4
white,2,6.8,0.24,0.33,3.2,0.049,68,161,0.99324,3.1,0.69,10.2
white,2,5.9,0.445,0.26,1.4,0.027,23,109,0.99148,3.3,0.36,10.5
white,2,6.1,0.3,0.3,2.1,0.031,50,163,0.9895,3.39,0.43,12.7
white,2,6.4,0.3,0.3,2.25,0.038,8,210,0.9937,3.2,0.62,9.9
white,2,6.4,0.13,0.28,0.9,0.045,32,87,0.99175,3.47,0.52,11.2
white,2,6.5,0.26,0.31,1.3,0.034,59,145,0.98944,3.16,0.54,12.4
white,2,6.5,0.24,0.36,2.2,0.027,36,134,0.9898,3.28,0.36,12.5
white,2,6.2,0.25,0.21,15.55,0.039,28,159,0.9982,3.48,0.64,9.6
white,2,6.7,0.28,0.34,8.9,0.048,32,111,0.99455,3.25,0.54,11
white,2,7.1,0.18,0.42,1.4,0.045,47,157,0.9916,2.95,0.31,10.5
white,2,7.4,0.49,0.24,15.1,0.03,34,153,0.9953,3.13,0.51,12
white,2,6.8,0.18,0.21,5.4,0.053,34,104,0.99445,3.3,0.43,9.4
white,2,7.3,0.26,0.24,1.7,0.05,10,112,0.99286,3.11,0.43,9.9
white,2,7.9,0.14,0.28,1.8,0.041,44,178,0.9954,3.45,0.43,9.2
white,2,5.3,0.4,0.25,3.9,0.031,45,130,0.99072,3.31,0.58,11.75
white,2,7.7,0.31,0.36,4.3,0.026,15,87,0.99152,3.11,0.48,12
white,2,6.4,0.22,0.32,4.9,0.046,50,156,0.99316,3.38,0.55,11.2
white,2,6.6,0.56,0.16,3.1,0.045,28,92,0.994,3.12,0.35,9.1
white,2,6.6,0.27,0.33,1.4,0.042,24,183,0.99215,3.29,0.46,10.7
white,2,6.2,0.29,0.23,12.4,0.048,33,201,0.99612,3.11,0.56,9.9
white,2,7.4,0.16,0.27,15.5,0.05,25,135,0.9984,2.9,0.43,8.7
white,2,7.4,0.32,0.27,1.4,0.049,38,173,0.99335,3.03,0.52,9.3
white,2,7.6,0.27,0.25,13.9,0.05,45,199,0.9984,3.34,0.5,9.8
white,2,6,0.31,0.38,4.8,0.04,41,101,0.98968,3.24,0.56,13.1
white,2,6.1,0.28,0.25,12.9,0.054,34,189,0.9979,3.25,0.43,9
white,2,6.6,0.26,0.36,1.2,0.035,43,126,0.99094,3.01,0.63,11.4
white,2,6.4,0.24,0.32,0.95,0.041,23,131,0.99033,3.25,0.35,11.8
white,2,8.2,0.29,0.49,1,0.044,29,118,0.9928,3.24,0.36,10.9
white,2,6.5,0.18,0.33,1.4,0.029,35,138,0.99114,3.36,0.6,11.5
white,2,5.7,0.15,0.28,3.7,0.045,57,151,0.9913,3.22,0.27,11.2
white,2,6.7,0.11,0.34,8.8,0.043,41,113,0.9962,3.42,0.4,9.3
white,2,4.8,0.65,0.12,1.1,0.013,4,10,0.99246,3.32,0.36,13.5
white,2,6.2,0.28,0.33,1.7,0.029,24,111,0.99,3.24,0.5,12.1
white,2,6.7,0.24,0.35,13.1,0.05,64,205,0.997,3.15,0.5,9.5
white,2,6.4,0.16,0.44,1.2,0.051,39,122,0.99058,3.11,0.75,11.3
white,2,6.9,0.34,0.74,11.2,0.069,44,150,0.9968,3,0.81,9.2
white,2,7.4,0.32,0.55,16.6,0.056,53,238,1.0017,2.96,0.58,8.7
white,2,5.7,0.25,0.26,12.5,0.049,52.5,106,0.99691,3.08,0.45,9.4
white,2,6.6,0.26,0.22,18.15,0.05,23,139,0.99904,3.06,0.5,9.2
white,2,6.6,0.17,0.38,1.5,0.032,28,112,0.9914,3.25,0.55,11.4
white,2,7.6,0.18,0.28,7.1,0.041,29,110,0.99652,3.2,0.42,9.2
white,2,6.8,0.3,0.29,6.2,0.025,29,95,0.99071,3.03,0.32,12.9
white,2,5.6,0.15,0.31,5.3,0.038,8,79,0.9923,3.3,0.39,10.5
white,2,6.6,0.27,0.52,8.1,0.044,53,202,0.99548,3.18,0.48,9.5
white,2,6.5,0.38,0.26,5.2,0.042,33,112,0.99067,3.06,0.5,12.3
white,2,8.3,0.27,0.39,2.4,0.058,16,107,0.9955,3.28,0.59,10.3
white,2,6.8,0.24,0.34,5.1,0.038,31,99,0.9921,3.24,0.46,11.8
white,2,8,0.2,0.4,5.2,0.055,41,167,0.9953,3.18,0.4,10.6
white,2,7.5,0.26,0.25,1.7,0.038,29,129,0.99312,3.45,0.56,10.4
white,2,5.1,0.3,0.3,2.3,0.048,40,150,0.98944,3.29,0.46,12.2
white,2,8.5,0.2,0.4,1.1,0.046,31,106,0.99194,3,0.35,10.5
white,2,7.2,0.685,0.21,9.5,0.07,33,172,0.9971,3,0.55,9.1
white,2,6.6,0.435,0.38,9.2,0.058,66,243,0.99833,3.23,0.54,9.1
white,2,6.9,0.13,0.28,13.3,0.05,47,132,0.99655,3.34,0.42,10.1
white,2,7.2,0.23,0.39,14.2,0.058,49,192,0.9979,2.98,0.48,9
white,2,7.5,0.17,0.32,1.7,0.04,51,148,0.9916,3.21,0.44,11.5
white,2,6.4,0.36,0.2,5.7,0.118,61,172,0.9946,3.24,0.43,9.5
white,2,5.8,0.28,0.18,1.2,0.058,7,108,0.99288,3.23,0.58,9.55
white,2,5,0.33,0.23,11.8,0.03,23,158,0.99322,3.41,0.64,11.8
white,2,7.4,0.19,0.31,14.5,0.045,39,193,0.9986,3.1,0.5,9.2
white,2,6.9,0.29,0.16,6.8,0.034,65,212,0.9955,3.08,0.39,9
white,2,7,0.2,0.31,8,0.05,29,213,0.99596,3.28,0.57,10.4
white,2,6,0.31,0.24,3.3,0.041,25,143,0.9914,3.31,0.44,11.3
white,2,7.1,0.28,0.31,1.5,0.053,20,98,0.99069,3.15,0.5,11.4
white,2,6.1,0.27,0.3,16.7,0.039,49,172,0.99985,3.4,0.45,9.4
white,2,5.7,0.22,0.22,16.65,0.044,39,110,0.99855,3.24,0.48,9
white,2,6.7,0.24,0.39,2.9,0.173,63,157,0.9937,3.1,0.34,9.4
white,2,6.8,0.53,0.35,3.8,0.034,26,109,0.9906,3.26,0.57,12.7
white,2,7.8,0.445,0.56,1,0.04,8,84,0.9938,3.25,0.43,10.8
white,2,6.4,0.34,0.2,14.9,0.06,37,162,0.9983,3.13,0.45,9
white,2,7.7,0.3,0.32,1.6,0.037,23,124,0.9919,2.93,0.33,11
white,2,7,0.18,0.49,5.3,0.04,34,125,0.9914,3.24,0.4,12.2
white,2,7.2,0.21,0.34,11.9,0.043,37,213,0.9962,3.09,0.5,9.6
white,2,6.3,0.67,0.48,12.6,0.052,57,222,0.9979,3.17,0.52,9.3
white,2,5.6,0.2,0.66,10.2,0.043,78,175,0.9945,2.98,0.43,10.4
white,2,8.7,0.31,0.21,5.6,0.039,28,67,0.99328,2.96,0.52,11
white,2,6.4,0.15,0.44,1.2,0.043,67,150,0.9907,3.14,0.73,11.2
white,2,7.9,0.21,0.39,2,0.057,21,138,0.99176,3.05,0.52,10.9
white,2,6.1,0.36,0.16,6.4,0.037,36,198,0.9944,3.17,0.62,9.9
white,2,8,0.18,0.37,1.3,0.04,15,96,0.9912,3.06,0.61,12.1
white,2,7.6,0.26,0.47,1.6,0.068,5,55,0.9944,3.1,0.45,9.6
white,2,7.6,0.21,0.49,2.5,0.047,20,130,0.99178,3.15,0.48,11.1
white,2,7.5,0.22,0.33,6.7,0.036,45,138,0.9939,3.2,0.68,11.4
white,2,7.6,0.2,0.39,2.6,0.044,30,180,0.9941,3.46,0.44,10.8
white,2,7.5,0.26,0.26,18.35,0.084,33,139,1.0011,3.17,0.39,8.8
white,2,8.3,0.18,0.3,1.1,0.033,20,57,0.99109,3.02,0.51,11
white,2,6.3,0.27,0.49,1.2,0.063,35,92,0.9911,3.38,0.42,12.2
white,2,6.7,0.31,0.31,9.9,0.04,10,175,0.9953,3.46,0.55,11.4
white,2,8,0.61,0.38,12.1,0.301,24,220,0.9993,2.94,0.48,9.2
white,2,5.6,0.18,0.27,1.7,0.03,31,103,0.98892,3.35,0.37,12.9
white,2,7.3,0.26,0.49,5,0.028,32,107,0.9936,3.24,0.54,10.8
white,2,7.2,0.21,0.37,1.6,0.049,23,94,0.9924,3.16,0.48,10.9
white,2,7.1,0.26,0.31,2.2,0.044,29,128,0.9937,3.34,0.64,10.9
white,2,6.9,0.28,0.37,9.1,0.037,16,76,0.9948,3.05,0.54,11.1
white,2,7.4,0.16,0.27,15.5,0.05,25,135,0.9984,2.9,0.43,8.7
white,2,8.8,0.27,0.25,5,0.024,52,99,0.9925,2.87,0.49,11.4
white,2,6,0.26,0.24,1.3,0.053,66,150,0.9924,3.21,0.62,10.4
white,2,6.8,0.17,0.17,5.1,0.049,26,82,0.993,3,0.38,9.8
white,2,6.9,0.46,0.2,0.9,0.054,5,126,0.992,3.1,0.42,10.4
white,2,7.4,0.2,0.36,1.2,0.038,44,111,0.9926,3.36,0.34,9.9
white,2,7.5,0.3,0.71,1.3,0.16,44,149,0.9948,3.08,0.42,8.9
white,2,7.2,0.35,0.25,5.6,0.032,23,120,0.99334,2.93,0.66,10.3
white,2,7,0.23,0.36,13,0.051,72,177,0.9972,3.16,0.49,9.8
white,2,5.5,0.335,0.3,2.5,0.071,27,128,0.9924,3.14,0.51,9.6
white,2,6.8,0.37,0.51,11.8,0.044,62,163,0.9976,3.19,0.44,8.8
white,2,9.6,0.23,0.4,1.5,0.044,19,135,0.9937,2.96,0.49,10.9
white,2,6.3,0.17,0.32,4.2,0.04,37,117,0.99182,3.24,0.43,11.3
white,2,5.6,0.35,0.4,6.3,0.022,23,174,0.9922,3.54,0.5,11.6
white,2,7.4,0.4,0.41,14.1,0.053,37,194,0.99886,3.2,0.63,9.4
white,2,7.5,0.18,0.31,6.5,0.029,53,160,0.99276,3.03,0.38,10.9
white,2,7.1,0.26,0.34,14.4,0.067,35,189,0.9986,3.07,0.53,9.1
white,2,7.9,0.26,0.33,10.3,0.039,73,212,0.9969,2.93,0.49,9.5
white,2,6.4,0.46,0.22,14.7,0.047,51,183,0.998275,3.39,0.6,10.5
white,2,7.1,0.28,0.28,8.5,0.03,25,191,0.99338,3.16,0.46,12.2
white,2,6.3,0.36,0.28,2.5,0.035,18,73,0.98868,3.1,0.47,12.8
white,2,7.7,0.28,0.63,11.1,0.039,58,179,0.9979,3.08,0.44,8.8
white,2,10.3,0.25,0.48,2.2,0.042,28,164,0.998,3.19,0.59,9.7
white,2,6.5,0.21,0.28,1.4,0.046,26,66,0.99199,3.43,0.48,11.1
white,2,7.3,0.25,0.26,7.2,0.048,52,207,0.99587,3.12,0.37,9.2
white,2,6.5,0.22,0.25,17.1,0.05,44,138,1.0001,3.3,0.37,8.8
white,2,6.5,0.16,0.33,1,0.027,23,75,0.9908,3.3,0.39,11.4
white,2,8.8,0.2,0.28,1.1,0.018,18,72,0.9926,2.97,0.35,10.4
white,2,6.1,0.27,0.32,6.2,0.048,47,161,0.99281,3.22,0.6,11
white,2,8.6,0.485,0.29,4.1,0.026,19,101,0.9918,3.01,0.38,12.4
white,2,7.3,0.27,0.3,1.3,0.04,26,84,0.99222,3.28,0.53,10.7
white,2,6.5,0.31,0.61,13,0.053,31,123,0.99708,3.09,0.5,9.3
white,2,6.1,0.38,0.14,3.9,0.06,27,113,0.99344,3.07,0.34,9.2
white,2,7,0.31,0.26,7.4,0.069,28,160,0.9954,3.13,0.46,9.8
white,2,6.7,0.53,0.29,4.3,0.069,20,114,0.99014,3.22,0.59,13.4
white,2,8.1,0.28,0.34,1.3,0.035,11,126,0.99232,3.14,0.5,9.8
white,2,6.8,0.475,0.33,3.95,0.047,16,81,0.98988,3.23,0.53,13.4
white,2,6.1,0.3,0.3,2.1,0.031,50,163,0.9895,3.39,0.43,12.7
white,2,7,0.3,0.32,6.4,0.034,28,97,0.9924,3.23,0.44,11.8
white,2,7.3,0.28,0.54,12.9,0.049,62,152,0.9984,3.06,0.45,9.1
white,2,7.3,0.26,0.31,1.6,0.04,39,173,0.9918,3.19,0.51,11.4
white,2,7.8,0.25,0.34,13.7,0.044,66,184,0.99976,3.22,0.75,8.9
white,2,5.8,0.17,0.34,1.8,0.045,96,170,0.99035,3.38,0.9,11.8
white,2,7.2,0.24,0.27,11.4,0.034,40,174,0.99773,3.2,0.44,9
white,2,7.4,0.16,0.3,13.7,0.056,33,168,0.99825,2.9,0.44,8.7
white,2,7.4,0.36,0.23,1.9,0.017,31,69,0.9892,2.93,0.36,12.5
white,2,5.9,0.27,0.29,11.4,0.036,31,115,0.9949,3.35,0.48,10.5
white,2,6.5,0.4,0.31,3.5,0.046,22,147,0.99024,3.15,0.31,12
white,2,8.2,0.36,0.29,7.6,0.035,37,122,0.9939,3.16,0.34,12
white,2,6.3,0.27,0.38,0.9,0.051,7,140,0.9926,3.45,0.5,10.5
white,2,6.7,0.34,0.31,16.4,0.051,20,146,0.99834,3.06,0.54,9.1
white,2,6.1,0.22,0.4,1.85,0.031,25,111,0.98966,3.03,0.3,11.8
white,2,5.4,0.45,0.27,6.4,0.033,20,102,0.98944,3.22,0.27,13.4
white,2,8.3,0.33,0.43,9.2,0.046,22,126,0.9982,3.38,0.47,9.3
white,2,7,0.35,0.31,1.8,0.069,15,162,0.9944,3.18,0.47,9.4
white,2,7.6,0.32,0.36,1.6,0.04,32,155,0.993,3.23,0.52,11.3
white,2,5.6,0.41,0.22,7.1,0.05,44,154,0.9931,3.3,0.4,10.5
white,2,6,0.39,0.26,2.7,0.038,39,187,0.99325,3.41,0.5,10.8
white,2,6.6,0.35,0.29,14.4,0.044,54,177,0.9991,3.17,0.58,8.9
white,2,6,0.24,0.41,1.3,0.036,42,118,0.99018,3.04,0.64,11.73333333
white,2,6.2,0.3,0.21,1.1,0.032,31,111,0.9889,2.97,0.42,12.2
white,2,6.6,0.56,0.15,10,0.037,38,157,0.99642,3.28,0.52,9.4
white,2,6,0.19,0.26,1.4,0.039,30,104,0.98998,3.32,0.41,12.4
white,2,5.3,0.24,0.33,1.3,0.033,25,97,0.9906,3.59,0.38,11
white,2,5.9,0.29,0.16,7.9,0.044,48,197,0.99512,3.21,0.36,9.4
white,2,5.3,0.36,0.27,6.3,0.028,40,132,0.99186,3.37,0.4,11.6
white,2,6.4,0.21,0.34,16.05,0.04,56,142,0.99678,3.11,0.38,10.6
white,2,7.1,0.15,0.34,1,0.033,27,73,0.98974,3.24,0.41,12.2
white,2,8,0.45,0.28,10.8,0.051,25,157,0.9957,3.06,0.47,11.4
white,2,7.8,0.26,0.49,3.2,0.027,28,87,0.9919,3.03,0.32,11.3
white,2,7.5,0.31,0.51,14.8,0.039,62,204,0.9982,3.06,0.6,9.5
white,2,6.2,0.23,0.38,1.6,0.044,12,113,0.99176,3.3,0.73,11.4
white,2,7.6,0.48,0.28,10.4,0.049,57,205,0.99748,3.24,0.45,9.3
white,2,6.4,0.29,0.57,1,0.06,15,120,0.9924,3.06,0.41,9.5
white,2,6.2,0.16,0.54,1.4,0.126,37,110,0.9932,3.23,0.37,8.9
white,2,6.5,0.08,0.33,1.9,0.028,23,93,0.991,3.34,0.7,12
white,2,5.3,0.165,0.24,1.1,0.051,25,105,0.9925,3.32,0.47,9.1
white,2,6.8,0.14,0.35,1.5,0.047,40,117,0.99111,3.07,0.72,11.1
white,2,7.4,0.19,0.3,12.8,0.053,48.5,229,0.9986,3.14,0.49,9.1
white,2,5.7,0.1,0.27,1.3,0.047,21,100,0.9928,3.27,0.46,9.5
white,2,6.6,0.62,0.2,8.7,0.046,81,224,0.99605,3.17,0.44,9.3
white,2,5,0.27,0.32,4.5,0.032,58,178,0.98956,3.45,0.31,12.6
white,2,5.8,0.26,0.29,1,0.042,35,101,0.99044,3.36,0.48,11.4
white,2,6.7,0.24,0.33,12.3,0.046,31,145,0.9983,3.36,0.4,9.5
white,2,6.9,0.38,0.29,13.65,0.048,52,189,0.99784,3,0.6,9.5
white,2,6.5,0.29,0.31,1.7,0.035,24,79,0.99053,3.27,0.69,11.4
white,2,6.3,0.29,0.28,4.7,0.059,28,81,0.99036,3.24,0.56,12.7
white,2,6.2,0.3,0.32,1.7,0.032,30,130,0.9911,3.28,0.41,11.2
white,2,7.9,0.22,0.45,14.2,0.038,53,141,0.9992,3.03,0.46,9.2
white,2,7.5,0.33,0.32,11.1,0.036,25,119,0.9962,3.15,0.34,10.5
white,2,7.1,0.44,0.27,8.4,0.057,60,160,0.99257,3.16,0.36,11.8
white,2,7.2,0.2,0.28,1.6,0.028,13,168,0.99203,3.17,1.06,11.5
white,2,7.5,0.21,0.68,10.9,0.045,38,133,0.9978,3,0.36,8.7
white,2,6.3,0.2,0.26,12.7,0.046,60,143,0.99526,3.26,0.35,10.8
white,2,7.5,0.4,1,19.5,0.041,33,148,0.9977,3.24,0.38,12
white,2,7.2,0.31,0.35,7.2,0.046,45,178,0.9955,3.14,0.53,9.7
white,2,6.3,0.13,0.42,1.1,0.043,63,146,0.99066,3.13,0.72,11.2
white,2,7,0.31,0.35,1.6,0.063,13,119,0.99184,3.22,0.5,10.7
white,2,7,0.45,0.34,19.8,0.04,12,67,0.9976,3.07,0.38,11
white,2,7.3,0.34,0.3,1.3,0.057,25,173,0.9948,3.26,0.51,9.1
white,2,5.9,0.31,0.3,7.7,0.047,60,206,0.995,3.2,0.39,9.6
white,2,6.3,0.33,0.27,1.2,0.046,34,175,0.9934,3.37,0.54,9.4
white,2,5.9,0.19,0.26,7.4,0.034,33,123,0.995,3.49,0.42,10.1
white,2,6.2,0.3,0.49,11.2,0.058,68,215,0.99656,3.19,0.6,9.4
white,2,7.3,0.49,0.32,5.2,0.043,18,104,0.9952,3.24,0.45,10.7
white,2,7.6,0.18,0.49,18.05,0.046,36,158,0.9996,3.06,0.41,9.2
white,2,5.9,0.32,0.2,14.4,0.05,29,144,0.99666,3.24,0.41,10.3
white,2,8.4,0.2,0.38,11.8,0.055,51,170,1.0004,3.34,0.82,8.9
white,2,6.8,0.27,0.32,1.5,0.044,19,142,0.9921,3.1,0.43,9.9
white,2,5.7,0.23,0.25,7.95,0.042,16,108,0.99486,3.44,0.61,10.3
white,2,6.6,0.32,0.34,7.7,0.044,63,212,0.99526,3.22,0.48,9.7
white,2,7.6,0.13,0.34,9.3,0.062,40,126,0.9966,3.21,0.39,9.6
white,2,6.4,0.5,0.16,12.9,0.042,26,138,0.9974,3.28,0.33,9
white,2,6.5,0.16,0.33,4.8,0.043,45,114,0.992,3.18,0.44,11.2
white,2,7.1,0.2,0.31,7.4,0.053,32,211,0.99587,3.31,0.59,10.4
white,2,5.8,0.32,0.23,1.5,0.033,39,121,0.9887,2.96,0.35,12
white,2,6.7,0.5,0.63,13.4,0.078,81,238,0.9988,3.08,0.44,9.2
white,2,5.9,0.23,0.28,8.6,0.046,37,142,0.99432,3.23,0.53,10.6
white,2,7.1,0.25,0.49,3,0.03,30,96,0.9903,3.13,0.39,12.3
white,2,6.2,0.22,0.2,20.8,0.035,58,184,1.00022,3.11,0.53,9
white,2,6,0.28,0.29,19.3,0.051,36,174,0.99911,3.14,0.5,9
white,2,7.7,0.26,0.31,1.3,0.043,47,155,0.9937,3.42,0.5,10.1
white,2,7.6,0.28,0.17,1.6,0.046,28,117,0.99288,3.08,0.43,10
white,2,6.2,0.28,0.28,4.3,0.026,22,105,0.989,2.98,0.64,13.1
white,2,6.5,0.33,0.38,8.3,0.048,68,174,0.99492,3.14,0.5,9.6
white,2,5.8,0.2,0.34,1,0.035,40,86,0.98993,3.5,0.42,11.7
white,2,6.5,0.48,0.02,0.9,0.043,32,99,0.99226,3.14,0.47,9.8
white,2,7.6,0.15,0.4,1.3,0.036,24,112,0.9932,3.14,0.76,10
white,2,6.7,0.31,0.42,6.4,0.057,25,148,0.9955,3.16,0.45,9.6
white,2,7.2,0.2,0.25,4.5,0.044,31,109,0.9949,3.23,0.36,9.4
white,2,6.7,0.21,0.48,14.8,0.05,31,195,0.99942,2.95,0.75,8.8
white,2,9.2,0.15,0.68,1.6,0.046,22,130,0.9948,3.02,0.45,10.4
white,2,6.4,0.31,0.31,12.9,0.045,55,161,0.99546,3.02,0.59,10.2
white,2,6.8,0.18,0.3,12.8,0.062,19,171,0.99808,3,0.52,9
white,2,9.7,0.14,0.59,1.5,0.049,23,142,0.9958,2.98,0.62,9.5
white,2,6.3,0.2,0.4,1.5,0.037,35,107,0.9917,3.46,0.5,11.4
white,2,7.4,0.16,0.3,1.4,0.064,34,166,0.99136,3.11,0.42,11.43333333
white,2,6.5,0.32,0.3,2.3,0.051,20,127,0.98964,3.13,0.52,12.8
white,2,5.5,0.12,0.33,1,0.038,23,131,0.99164,3.25,0.45,9.8
white,2,7.7,0.275,0.3,1,0.039,19,75,0.992,3.01,0.56,10.7
white,2,6.3,0.24,0.29,13.7,0.035,53,134,0.99567,3.17,0.38,10.6
white,2,6.1,0.22,0.4,1.85,0.031,25,111,0.98966,3.03,0.3,11.8
white,2,7.9,0.17,0.32,1.6,0.053,47,150,0.9948,3.29,0.76,9.6
white,2,6.5,0.24,0.29,8.2,0.043,32,156,0.99453,3.13,0.7,10.1
white,2,6.9,0.24,0.37,6.1,0.027,38,112,0.99086,3.19,0.34,12.4
white,2,6.2,0.27,0.18,1.5,0.028,20,111,0.99228,3.41,0.5,10
white,2,7.8,0.3,0.29,16.85,0.054,23,135,0.9998,3.16,0.38,9
white,2,6.3,0.2,0.37,11.8,0.045,58,130,0.99519,3.2,0.35,10.8
white,2,6.8,0.15,0.41,12.9,0.044,79.5,183,0.99742,3.24,0.78,10.2
white,2,6.2,0.28,0.45,7.5,0.045,46,203,0.99573,3.26,0.46,9.2
white,2,5.8,0.36,0.5,1,0.127,63,178,0.99212,3.1,0.45,9.7
white,2,8,0.25,0.49,9,0.044,31,185,0.998,3.34,0.49,10
white,2,6.6,0.54,0.21,16.3,0.055,41,182,0.9986,3.35,0.54,10.4
white,2,7.4,0.44,0.2,11.5,0.049,44,157,0.998,3.27,0.44,9
white,2,5.6,0.34,0.3,6.9,0.038,23,89,0.99266,3.25,0.49,11.1
white,2,5.4,0.185,0.19,7.1,0.048,36,110,0.99438,3.26,0.41,9.5
white,2,9,0.245,0.38,5.9,0.045,52,159,0.995,2.93,0.35,10.2
white,2,6.8,0.63,0.04,1.3,0.058,25,133,0.99271,3.17,0.39,10.2
white,2,6.8,0.26,0.33,1.5,0.047,44,167,0.9928,3.12,0.44,10.5
white,2,5.4,0.53,0.16,2.7,0.036,34,128,0.98856,3.2,0.53,13.2
white,2,5.6,0.185,0.19,7.1,0.048,36,110,0.99438,3.26,0.41,9.5
white,2,6.9,0.25,0.29,2.4,0.038,28,76,0.99088,3.01,0.36,11.7
white,2,7.7,0.42,0.38,8.1,0.061,49,144,0.9966,3.4,0.58,11
white,2,7.8,0.4,0.49,7.8,0.06,34,162,0.9966,3.26,0.58,11.3
white,2,7.5,0.33,0.38,8.7,0.126,49,199,0.99711,2.98,0.57,9.4
white,2,6.1,0.37,0.36,4.7,0.035,36,116,0.991,3.31,0.62,12.6
white,2,6.9,0.21,0.33,1.8,0.034,48,136,0.9899,3.25,0.41,12.6
white,2,6.2,0.3,0.31,1.2,0.048,19,125,0.98999,3.32,0.54,12.6
white,2,5.7,0.16,0.26,6.3,0.043,28,113,0.9936,3.06,0.58,9.9
white,2,6.9,0.28,0.31,7.2,0.04,47,168,0.9946,3.29,0.57,10.6
white,2,6.8,0.19,0.23,5.1,0.034,71,204,0.9942,3.23,0.69,10.1
white,2,7.2,0.26,0.38,1.5,0.061,12,120,0.99192,3.18,0.46,10.4
white,2,6.5,0.26,0.27,12.9,0.044,69,215,0.9967,3.17,0.43,10
white,2,7.6,0.2,0.3,14.2,0.056,53,212.5,0.999,3.14,0.46,8.9
white,2,8.1,0.2,0.36,9.7,0.044,63,162,0.997,3.1,0.46,10
white,2,6.8,0.25,0.38,8.1,0.046,24,155,0.9956,3.33,0.59,10.2
white,2,7.4,0.16,0.33,1.2,0.042,47,121,0.99198,3.04,0.68,10.5
white,2,6.5,0.33,0.28,6.1,0.018,41,103,0.99122,3.24,0.32,12.2
white,2,6.8,0.28,0.44,9.3,0.031,35,137,0.9946,3.16,0.36,10.4
white,2,7.3,0.25,0.36,2.1,0.034,30,177,0.99085,3.25,0.4,11.9
white,2,7,0.23,0.42,18.05,0.05,35,144,0.9999,3.22,0.42,8.8
white,2,8.2,0.21,0.48,1.4,0.041,11,99,0.9958,3.17,0.57,9.9
white,2,5.8,0.27,0.27,12.3,0.045,55,170,0.9972,3.28,0.42,9.3
white,2,7.6,0.25,1.23,4.6,0.035,51,294,0.99018,3.03,0.43,13.1
white,2,6.5,0.14,0.33,7.6,0.05,53,189,0.9966,3.25,0.49,8.6
white,2,6.4,0.125,0.36,1.4,0.044,22,68,0.99014,3.15,0.5,11.7
white,2,6.6,0.26,0.28,9.4,0.028,13,121,0.99254,3.17,0.34,12.1
white,2,5,0.61,0.12,1.3,0.009,65,100,0.9874,3.26,0.37,13.5
white,2,6.7,0.31,0.31,4.9,0.031,20,151,0.9926,3.36,0.82,12
white,2,6.9,0.38,0.28,8.3,0.062,22,166,0.99506,3.16,0.72,10.6
white,2,7.2,0.24,0.29,2.2,0.037,37,102,0.992,3.27,0.64,11
white,2,6,0.26,0.26,2.2,0.035,10,72,0.989465,3.11,0.48,12.15
white,2,6.5,0.17,0.31,1.5,0.041,34,121,0.99092,3.06,0.46,10.5
white,2,8.4,0.17,0.31,5.4,0.052,47,150,0.9953,3.24,0.38,9.8
white,2,7,0.29,0.37,4.9,0.034,26,127,0.9928,3.17,0.44,10.8
white,2,7.9,0.16,0.64,17,0.05,69,210,1.0004,3.15,0.51,9.3
white,2,7,0.25,0.56,2,0.035,20,95,0.9918,3.23,0.53,11
white,2,6,0.24,0.41,1.3,0.036,42,118,0.99018,3.04,0.64,11.75
white,2,7.2,0.4,0.62,10.8,0.041,70,189,0.9976,3.08,0.49,8.6
white,2,7.2,0.22,0.49,1,0.045,34,140,0.99,3.05,0.34,12.7
white,2,6.9,0.19,0.32,7.9,0.042,30,130,0.99456,3.4,0.39,10.5
white,2,7.6,0.345,0.26,1.9,0.043,15,134,0.9936,3.08,0.38,9.5
white,2,7.2,0.23,0.82,1.3,0.149,70,109,0.99304,2.93,0.42,9.2
white,2,6.7,0.24,0.41,9.4,0.04,49,166,0.9954,3.12,0.61,9.9
white,2,6,0.24,0.27,1.9,0.048,40,170,0.9938,3.64,0.54,10
white,2,6.8,0.24,0.37,7.45,0.043,59,188,0.99579,3.2,0.5,9.4
white,2,6,0.34,0.24,5.4,0.06,23,126,0.9951,3.25,0.44,9
white,2,5.9,0.26,0.29,5.4,0.046,34,116,0.99224,3.24,0.41,11.4
white,2,6.5,0.52,0.17,1.4,0.047,5,26,0.9932,3.26,0.32,10
white,2,7,0.24,0.36,2.8,0.034,22,112,0.99,3.19,0.38,12.6
white,2,6.7,0.18,0.31,10.6,0.035,42,143,0.99572,3.08,0.49,9.8
white,2,6.8,0.32,0.23,3.3,0.026,31,99,0.9896,3.1,0.4,12.4
white,2,7,0.16,0.25,14.3,0.044,27,149,0.998,2.91,0.46,9.2
white,2,7.4,0.3,0.22,1.4,0.046,16,135,0.9928,3.08,0.77,10.4
white,2,6.6,0.17,0.26,7.4,0.052,45,128,0.99388,3.16,0.37,10
white,2,7.6,0.31,0.27,8.8,0.021,57,156,0.99442,3.08,0.38,11
white,2,9.2,0.22,0.4,2.4,0.054,18,151,0.9952,3.04,0.46,9.3
white,2,7.1,0.29,0.3,16,0.036,58,201,0.99954,3.3,0.67,9
white,2,7.1,0.23,0.39,13.7,0.058,26,172,0.99755,2.9,0.46,9
white,2,6.7,0.28,0.28,2.4,0.012,36,100,0.99064,3.26,0.39,11.7
white,2,6.2,0.33,0.19,5.6,0.042,22,143,0.99425,3.15,0.63,9.9
white,2,6.8,0.3,0.22,6.2,0.06,41,190,0.99858,3.18,0.51,9.2
white,2,6.8,0.25,0.34,4.7,0.031,34,134,0.9927,3.21,0.38,10.6
white,2,6.7,0.3,0.29,2.8,0.025,37,107,0.99159,3.31,0.63,11.3
white,2,8.6,0.18,0.28,0.8,0.032,25,78,0.99104,2.99,0.38,11.1
white,2,6.5,0.36,0.28,3.2,0.037,29,119,0.9908,3.25,0.65,12.4
white,2,7.5,0.21,0.34,1.2,0.06,26,111,0.9931,3.51,0.47,10.7
white,2,5.6,0.15,0.26,5.55,0.051,51,139,0.99336,3.47,0.5,11
white,2,6.8,0.17,0.74,2.4,0.053,61,182,0.9953,3.63,0.76,10.5
white,2,6.6,0.18,0.35,1.5,0.049,49,141,0.9934,3.43,0.85,10.2
white,2,5.8,0.17,0.3,1.4,0.037,55,130,0.9909,3.29,0.38,11.3
white,2,5.8,0.2,0.24,1.4,0.033,65,169,0.99043,3.59,0.56,12.3
white,2,6.6,0.22,0.28,4.9,0.042,51,180,0.9952,3.3,0.75,9.5
white,2,6.1,0.36,0.58,15,0.044,42,115,0.9978,3.15,0.51,9
white,2,8,0.22,0.42,14.6,0.044,45,163,1.0003,3.21,0.69,8.6
white,2,6.1,0.37,0.2,7.6,0.031,49,170,0.99558,3.22,0.48,9.5
white,2,7.1,0.26,0.32,14.45,0.074,29,107,0.998,2.96,0.42,9.2
white,2,6.9,0.37,0.28,13.8,0.031,34,137,0.9948,3.1,0.37,11.6
white,2,3.9,0.225,0.4,4.2,0.03,29,118,0.989,3.57,0.36,12.8
white,2,6.4,0.55,0.26,9.6,0.027,20,104,0.9924,3.22,0.73,13.1
white,2,6.8,0.35,0.32,2.4,0.048,35,103,0.9911,3.28,0.46,12
white,2,6.8,0.52,0.32,13.2,0.044,54,221,0.9972,3.27,0.5,9.6
white,2,6.6,0.26,0.21,2.9,0.026,48,126,0.99089,3.22,0.38,11.3
white,2,7.9,0.18,0.37,3,0.061,25,178,0.995,3.22,0.51,10
white,2,6.1,0.26,0.25,2.9,0.047,289,440,0.99314,3.44,0.64,10.5
white,2,6.9,0.3,0.33,4.1,0.035,26,155,0.9925,3.25,0.79,12.3
white,2,7.7,0.3,0.34,1.2,0.048,4,119,0.99084,3.18,0.34,12.1
white,2,6,0.27,0.26,1.3,0.038,32,138,0.99125,3.46,0.43,11.1
white,2,6.1,0.25,0.24,12.1,0.046,51,172,0.998,3.35,0.45,9.5
white,2,7.3,0.22,0.5,13.7,0.049,56,189,0.9994,3.24,0.66,9
white,2,7.5,0.18,0.39,1.9,0.054,23,91,0.9941,3.27,0.45,10.3
white,2,6,0.3,0.44,1.5,0.046,15,182,0.99455,3.5,0.52,10.4
white,2,5.8,0.23,0.21,1.5,0.044,21,110,0.99138,3.3,0.57,11
white,2,5.2,0.155,0.33,1.6,0.028,13,59,0.98975,3.3,0.84,11.9
white,2,6,0.615,0.04,0.8,0.032,8,50,0.99036,3.14,0.4,11
white,2,6,0.14,0.37,1.2,0.032,63,148,0.99185,3.32,0.44,11.2
white,2,6.9,0.24,0.33,12.5,0.046,47,153,0.9983,3.28,0.77,9.6
white,2,7.7,0.49,1,19.6,0.03,28,135,0.9973,3.24,0.4,12
white,2,7.5,0.26,0.59,11.8,0.046,58,164,0.99814,3.17,0.46,8.9
white,2,6.2,0.21,0.24,1.2,0.051,31,95,0.99036,3.24,0.57,11.3
white,2,6.5,0.33,0.24,14.5,0.048,20,96,0.99456,3.06,0.3,11.5
white,2,7.2,0.32,0.47,5.1,0.044,19,65,0.991,3.03,0.41,12.6
white,2,7,0.26,0.59,1.4,0.037,40,120,0.9918,3.34,0.41,11.1
white,2,6.6,0.31,0.07,1.5,0.033,55,144,0.99208,3.16,0.42,10
white,2,6.6,0.22,0.37,15.4,0.035,62,153,0.99845,3.02,0.4,9.3
white,2,7.3,0.28,0.36,12.7,0.04,38,140,0.998,3.3,0.79,9.6
white,2,9.4,0.28,0.3,1.6,0.045,36,139,0.99534,3.11,0.49,9.3
white,2,7.7,0.39,0.28,4.9,0.035,36,109,0.9918,3.19,0.58,12.2
white,2,7.8,0.3,0.4,1.8,0.028,23,122,0.9914,3.14,0.39,10.9
white,2,5.8,0.28,0.34,4,0.031,40,99,0.9896,3.39,0.39,12.8
white,2,6.8,0.21,0.36,18.1,0.046,32,133,1,3.27,0.48,8.8
white,2,8.6,0.37,0.7,12.15,0.039,21,158,0.9983,3,0.73,9.3
white,2,7.5,0.28,0.78,12.1,0.041,53,161,0.99838,2.98,0.44,8.7
white,2,6.7,0.28,0.34,8.9,0.048,32,111,0.99455,3.25,0.54,11
white,2,8.1,0.22,0.28,7.7,0.043,57,176,0.9954,3.12,0.55,10
white,2,7.5,0.29,0.31,8.95,0.055,20,151,0.9968,3.08,0.54,9.3
white,2,6.4,0.24,0.32,14.9,0.047,54,162,0.9968,3.28,0.5,10.2
white,2,6.7,0.41,0.34,9.2,0.049,29,150,0.9968,3.22,0.51,9.1
white,2,7.9,0.16,0.74,17.85,0.037,52,187,0.9998,2.99,0.41,9.3
white,2,6.9,0.4,0.56,11.2,0.043,40,142,0.9975,3.14,0.46,8.7
white,2,7.4,0.155,0.34,2.3,0.045,73.5,214,0.9934,3.18,0.61,9.9
white,2,6.2,0.22,0.49,6,0.029,31,128,0.9928,3.41,0.36,11.3
white,2,6.7,0.18,0.28,10.2,0.039,29,115,0.99469,3.11,0.45,10.9
white,2,6.9,0.28,0.27,2.1,0.036,42,121,0.9926,3.42,0.49,10.8
white,2,6.2,0.33,0.41,16.8,0.037,58,173,0.99882,3.25,0.57,9.4
white,2,7.5,0.26,0.52,13.2,0.047,64,179,0.9982,3.1,0.46,9
white,2,8.3,0.2,0.74,4.45,0.044,33,130,0.9924,3.25,0.42,12.2
white,2,8.2,0.61,0.45,5.4,0.03,15,118,0.9954,3.14,0.34,9.6
white,2,7.6,0.19,0.37,13.1,0.033,52,151,0.99726,3.18,0.79,10.4
white,2,6.6,0.39,0.22,4,0.038,17,98,0.99018,3.25,0.53,13
white,2,5.8,0.34,0.16,7,0.037,26,116,0.9949,3.46,0.45,10
white,2,6.3,0.38,0.17,8.8,0.08,50,212,0.99803,3.47,0.66,9.4
white,2,5.9,0.26,0.3,1,0.036,38,114,0.9928,3.58,0.48,9.4
white,2,7.3,0.22,0.37,14.3,0.063,48,191,0.9978,2.89,0.38,9
white,2,7,0.17,0.74,12.8,0.045,24,126,0.9942,3.26,0.38,12.2
white,2,6.5,0.15,0.44,12.6,0.052,65,158,0.99688,3.26,0.7,10.3
white,2,8,0.37,0.31,4.7,0.038,3,127,0.99186,2.9,0.72,12.1
white,2,7.2,0.27,0.28,15.2,0.046,6,41,0.99665,3.17,0.39,10.9
white,2,8.1,0.4,0.32,7.9,0.031,23,118,0.99176,3.05,0.46,13.3
white,2,6.4,0.475,0.06,1,0.03,9,131,0.9904,2.97,0.29,10.8
white,2,7.2,0.43,0.24,6.7,0.058,40,163,0.995,3.2,0.41,9.9
white,2,7.2,0.25,0.32,1.5,0.047,27,132,0.9933,3.26,0.44,10.5
white,2,7.1,0.37,0.32,1.4,0.037,27,126,0.9918,3.19,0.62,12
white,2,7.4,0.26,0.43,6,0.022,22,125,0.9928,3.13,0.55,11.5
white,2,5.8,0.25,0.24,13.3,0.044,41,137,0.9972,3.34,0.42,9.5
white,2,6.4,0.68,0.26,3.4,0.069,25,146,0.99347,3.18,0.4,9.3
white,2,6.1,0.25,0.18,10.5,0.049,41,124,0.9963,3.14,0.35,10.5
white,2,5.8,0.29,0.21,2.6,0.025,12,120,0.9894,3.39,0.79,14
white,2,5.8,0.17,0.36,1.3,0.036,11,70,0.99202,3.43,0.68,10.4
white,2,6.8,0.26,0.22,4.8,0.041,110,198,0.99437,3.29,0.67,10.6
white,2,6.6,0.25,0.24,1.7,0.048,26,124,0.9942,3.37,0.6,10.1
white,2,5.6,0.18,0.31,1.5,0.038,16,84,0.9924,3.34,0.58,10.1
white,2,7,0.17,0.37,5.7,0.025,29,111,0.9938,3.2,0.49,10.8
white,2,6.8,0.31,0.3,8,0.028,33,122,0.99164,3.13,0.63,12.6
white,2,6.5,0.21,0.4,7.3,0.041,49,115,0.99268,3.21,0.43,11
white,2,7.1,0.26,0.3,2,0.031,13,128,0.9917,3.19,0.49,11.4
white,2,10.7,0.22,0.56,8.2,0.044,37,181,0.998,2.87,0.68,9.5
white,2,6.2,0.2,0.25,15,0.055,8,120,0.99767,3.19,0.53,9.6
white,2,6,0.16,0.37,1.5,0.025,43,117,0.9928,3.46,0.51,9.7
white,2,8.2,0.42,0.29,4.1,0.03,31,100,0.9911,3,0.32,12.8
white,2,6.4,0.21,0.21,5.1,0.097,21,105,0.9939,3.07,0.46,9.6
white,2,5.4,0.53,0.16,2.7,0.036,34,128,0.98856,3.2,0.53,13.2
white,2,6.8,0.31,0.3,8,0.028,33,122,0.99164,3.13,0.63,12.6
white,2,6.9,0.33,0.26,5,0.027,46,143,0.9924,3.25,0.43,11.2
white,2,6.8,0.3,0.26,20.3,0.037,45,150,0.99727,3.04,0.38,12.3
white,2,6.3,0.24,0.74,1.4,0.172,24,108,0.9932,3.27,0.39,9.9
white,2,7.4,0.19,0.3,12.8,0.053,48.5,229,0.9986,3.14,0.49,9.1
white,2,5.9,0.29,0.25,12,0.057,48,224,0.9981,3.23,0.41,9
white,2,7.2,0.19,0.39,1.2,0.036,32,85,0.9918,3.16,0.5,10.5
white,2,7.5,0.42,0.2,1.4,0.06,15,168,0.9944,3.06,0.4,9.4
white,2,6.4,0.17,0.3,2.8,0.034,33,125,0.99152,3.03,0.49,10.4
white,2,7.1,0.26,0.19,8.2,0.051,53,187,0.996,3.16,0.52,9.7
white,2,5.3,0.32,0.23,9.65,0.026,26,119,0.99168,3.18,0.53,12.2
white,2,5.8,0.24,0.44,3.5,0.029,5,109,0.9913,3.53,0.43,11.7
white,2,6.5,0.22,0.31,3.9,0.046,17,106,0.99098,3.15,0.31,11.5
white,2,7.8,0.17,0.5,1.3,0.045,35,140,0.9904,3.16,0.4,12
white,2,6.8,0.23,0.32,8.6,0.046,47,159,0.99452,3.08,0.52,10.5
white,2,5,0.3,0.33,3.7,0.03,54,173,0.9887,3.36,0.3,13
white,2,7.6,0.2,0.36,1.9,0.043,24,111,0.99237,3.29,0.54,11.3
white,2,6.6,0.25,0.31,12.4,0.059,52,181,0.9984,3.51,0.47,9.8
white,2,7,0.15,0.29,16.4,0.058,45,110,0.9978,3.15,0.37,9.7
white,2,5.7,0.27,0.32,1.2,0.046,20,155,0.9934,3.8,0.41,10.2
white,2,6.9,0.26,0.33,12.6,0.051,59,173,0.998,3.39,0.38,9.9
white,2,6.4,0.22,0.49,7.5,0.054,42,151,0.9948,3.27,0.52,10.1
white,2,7,0.13,0.37,12.85,0.042,36,105,0.99581,3.05,0.55,10.7
white,2,6.3,0.35,0.3,5.7,0.035,8,97,0.9927,3.27,0.41,11
white,2,7.4,0.34,0.42,1.1,0.033,17,171,0.9917,3.12,0.53,11.3
white,2,7.3,0.36,0.34,14.8,0.057,46,173,0.99751,3.14,0.57,10.2
white,2,6.8,0.24,0.4,1.8,0.047,34,105,0.99,3.13,0.49,12.8
white,2,5.5,0.375,0.38,1.7,0.036,17,98,0.99142,3.29,0.39,10.5
white,2,6.7,0.18,0.37,1.3,0.027,42,125,0.98939,3.24,0.37,12.8
white,2,8,0.19,0.3,2,0.053,48,140,0.994,3.18,0.49,9.6
white,2,7,0.22,0.28,10.6,0.039,32,117,0.99355,3.05,0.55,11.5
white,2,6.4,0.125,0.29,5.85,0.042,24,99,0.992,3.23,0.32,12
white,2,7,0.31,0.52,1.7,0.029,5,61,0.9918,3.07,0.43,10.4
white,2,6.2,0.23,0.36,17.2,0.039,37,130,0.99946,3.23,0.43,8.8
white,2,6.9,0.27,0.4,14,0.05,64,227,0.9979,3.18,0.58,9.6
white,2,9.8,0.44,0.4,2.8,0.036,35,167,0.9956,2.97,0.39,9.2
white,2,7.3,0.24,0.39,17.95,0.057,45,149,0.9999,3.21,0.36,8.6
white,2,5.1,0.29,0.28,8.3,0.026,27,107,0.99308,3.36,0.37,11
white,2,6.4,0.35,0.35,5.6,0.034,9,148,0.99441,3.17,0.5,9.8
white,2,7.4,0.32,0.22,1.7,0.051,50,179,0.9955,3.28,0.69,8.9
white,2,6.8,0.32,0.28,4.8,0.034,25,100,0.99026,3.08,0.47,12.4
white,2,6.5,0.28,0.28,20.4,0.041,40,144,1.0002,3.14,0.38,8.7
white,2,6.7,0.48,0.49,2.9,0.03,28,122,0.98926,3.13,0.4,13
white,2,6.3,0.24,0.55,8.1,0.04,67,216,0.99596,3.24,0.5,9.2
white,2,5.4,0.415,0.19,1.6,0.039,27,88,0.99265,3.54,0.41,10
white,2,8,0.25,0.49,1.2,0.061,27,117,0.9938,3.08,0.34,9.4
white,2,7.7,0.3,0.42,14.3,0.045,45,213,0.9991,3.18,0.63,9.2
white,2,7.5,0.33,0.48,19.45,0.048,55,243,1.001,2.95,0.4,8.8
white,2,7.2,0.29,0.4,7.6,0.024,56,177,0.9928,3.04,0.32,11.5
white,2,6.3,0.305,0.22,16,0.061,26,141,0.99824,3.08,0.5,9.1
white,2,7.2,0.27,0.74,12.5,0.037,47,156,0.9981,3.04,0.44,8.7
white,2,8.4,0.2,0.38,11.8,0.055,51,170,1.0004,3.34,0.82,8.9
white,2,6.3,0.28,0.3,6.6,0.208,60,154,0.99478,3.1,0.4,9.4
white,2,7.4,0.28,0.5,12.1,0.049,48,122,0.9973,3.01,0.44,9
white,2,6.6,0.34,0.24,3.3,0.034,29,99,0.99031,3.1,0.4,12.3
white,2,6.8,0.37,0.28,1.9,0.024,64,106,0.98993,3.45,0.6,12.6
white,2,5,0.55,0.14,8.3,0.032,35,164,0.9918,3.53,0.51,12.5
white,2,6.7,0.23,0.42,11.2,0.047,52,171,0.99758,3.54,0.74,10.4
white,2,6.9,0.23,0.41,8,0.03,30,114,0.99368,3.22,0.54,11
white,2,5.6,0.19,0.39,1.1,0.043,17,67,0.9918,3.23,0.53,10.3
white,2,7.3,0.32,0.35,1.4,0.05,8,163,0.99244,3.24,0.42,10.7
white,2,6.9,0.3,0.25,3.3,0.041,26,124,0.99428,3.18,0.5,9.3
white,2,7.4,0.17,0.4,5.5,0.037,34,161,0.9935,3.05,0.62,11.5
white,2,7,0.3,0.27,1.5,0.076,24,145,0.99344,3.1,0.52,10.1
white,2,6.4,0.5,0.2,2.4,0.059,19,112,0.99314,3.18,0.4,9.2
white,2,6.2,0.29,0.29,5.6,0.046,35,178,0.99313,3.25,0.51,10.53333333
white,2,5.8,0.26,0.18,1.2,0.031,40,114,0.9908,3.42,0.4,11
white,2,5.9,0.34,0.25,2,0.042,12,110,0.99034,3.02,0.54,11.4
white,2,7.5,0.26,0.3,4.6,0.027,29,92,0.99085,3.15,0.38,12
white,2,6,0.26,0.29,1,0.032,27,96,0.9896,3.38,0.44,12.3
white,2,7.7,0.24,0.27,1.8,0.051,52,190,0.9928,3.23,0.5,10.8
white,2,5.2,0.24,0.15,7.1,0.043,32,134,0.99378,3.24,0.48,9.9
white,2,6.3,0.26,0.21,4,0.03,24,125,0.9915,3.06,0.34,10.7
white,2,5.5,0.16,0.31,1.2,0.026,31,68,0.9898,3.33,0.44,11.65
white,2,6.3,0.13,0.42,1.1,0.043,63,146,0.99066,3.13,0.72,11.2
white,2,7.7,0.38,0.4,2,0.038,28,152,0.9906,3.18,0.32,12.9
white,2,6.9,0.14,0.38,1,0.041,22,81,0.99043,3.03,0.54,11.4
white,2,5.7,0.21,0.25,1.1,0.035,26,81,0.9902,3.31,0.52,11.4
white,2,6.7,0.31,0.18,7.7,0.043,57,200,0.99566,3.17,0.44,9.4
white,2,6.6,0.23,0.3,14.9,0.051,33,118,0.99835,3.04,0.54,9
white,2,6.2,0.45,0.26,4.4,0.063,63,206,0.994,3.27,0.52,9.8
white,2,6.9,0.21,0.81,1.1,0.137,52,123,0.9932,3.03,0.39,9.2
white,2,7.4,0.13,0.39,4.7,0.042,36,137,0.995,3.36,0.56,10.3
white,2,6.6,0.18,0.28,3.3,0.044,18,91,0.993,3.42,0.64,10.8
white,2,5.9,0.36,0.04,5.7,0.046,21,87,0.9934,3.22,0.51,10.2
white,2,6.8,0.27,0.42,7.3,0.054,58,200,0.99556,3.12,0.49,9.4
white,2,6.7,0.51,0.24,2.1,0.043,14,155,0.9904,3.22,0.6,13
white,2,6.4,0.22,0.49,7.5,0.054,42,151,0.9948,3.27,0.52,10.1
white,2,7,0.14,0.28,1.3,0.026,10,56,0.99352,3.46,0.45,9.9
white,2,7.5,0.34,0.35,6,0.034,12,126,0.9924,3.16,0.39,12
white,2,8.6,0.33,0.34,11.8,0.059,42,240,0.99882,3.17,0.52,10
white,2,5.7,0.25,0.21,1.5,0.044,21,108,0.99142,3.3,0.59,11
white,2,6.9,0.16,0.3,9.6,0.057,50,185,0.9978,3.39,0.38,9.6
white,2,9.4,0.3,0.32,10.7,0.029,14,111,0.9958,2.85,0.42,10.6
white,2,6.2,0.26,0.19,3.4,0.049,47,172,0.9924,3.14,0.43,10.4
white,2,5.4,0.27,0.22,4.6,0.022,29,107,0.98889,3.33,0.54,13.8
white,2,6.2,0.2,0.28,1.1,0.039,24,78,0.9899,3.36,0.47,12.1
white,2,6.7,0.31,0.33,2,0.033,12,74,0.99064,3.29,0.65,12.5
white,2,6.6,0.23,0.26,1.3,0.045,16,128,0.9934,3.36,0.6,10
white,2,6.4,0.28,0.56,1.7,0.156,49,106,0.99354,3.1,0.37,9.2
white,2,6.5,0.23,0.38,1.3,0.032,29,112,0.99298,3.29,0.54,9.7
white,2,6.5,0.14,0.32,2.7,0.037,18,89,0.9924,3.4,0.74,11.5
white,2,8.3,0.14,0.36,8.8,0.026,13,60,0.9956,3.13,0.35,11.05
white,2,7.1,0.33,0.25,1.6,0.03,25,126,0.9901,3.22,0.34,12.1
white,2,8.7,0.23,0.32,13.4,0.044,35,169,0.99975,3.12,0.47,8.8
white,2,8,0.13,0.25,1.1,0.033,15,86,0.99044,2.98,0.39,11.2
white,2,6.7,0.26,0.3,1.8,0.043,25,121,0.9944,3.44,0.61,10.2
white,2,7,0.32,0.29,4.9,0.036,41,150,0.99168,3.38,0.43,12.2
white,2,6.8,0.19,0.58,14.2,0.038,51,164,0.9975,3.12,0.48,9.6
white,2,5.9,0.37,0.3,1.5,0.033,35,95,0.98986,3.36,0.56,12
white,2,6.8,0.26,0.24,7.8,0.052,54,214,0.9961,3.13,0.47,8.9
white,2,6.5,0.33,0.32,1,0.041,39,120,0.99004,3.06,0.37,12.2
white,2,8.7,0.3,0.34,4.8,0.018,23,127,0.99474,3.12,0.49,11.2
white,2,5.9,0.34,0.31,2,0.03,38,142,0.98892,3.4,0.41,12.9
white,2,6,0.52,0.33,7.7,0.046,24,119,0.99224,3.04,0.38,11
white,2,8.3,0.22,0.38,14.8,0.054,32,126,1.0002,3.22,0.5,9.7
white,2,6.8,0.25,0.24,1.6,0.045,39,164,0.99402,3.53,0.58,10.8
white,2,6,0.26,0.34,1.3,0.046,6,29,0.9924,3.29,0.63,10.4
white,2,6.2,0.21,0.27,1.7,0.038,41,150,0.9933,3.49,0.71,10.5
white,2,6.5,0.24,0.38,1,0.027,31,90,0.98926,3.24,0.36,12.3
white,2,7.2,0.34,0.44,4.2,0.047,51,144,0.991,3.01,0.76,12.3
white,2,6.8,0.25,0.27,10.7,0.076,47,154,0.9967,3.05,0.38,9
white,2,7.1,0.34,0.2,6.1,0.063,47,164,0.9946,3.17,0.42,10
white,2,7.7,0.28,0.33,6.7,0.037,32,155,0.9951,3.39,0.62,10.7
white,2,9.4,0.16,0.23,1.6,0.042,14,67,0.9942,3.07,0.32,9.5
white,2,6.5,0.19,0.1,1.3,0.046,23,107,0.9937,3.29,0.45,10
white,2,6,0.26,0.15,1.2,0.053,35,124,0.99347,3.08,0.46,8.8
white,2,6.6,0.17,0.36,1.9,0.036,38,110,0.99056,3.05,0.54,11.4
white,2,8.1,0.46,0.31,1.7,0.052,50,183,0.9923,3.03,0.42,11.2
white,2,5.6,0.46,0.24,4.8,0.042,24,72,0.9908,3.29,0.37,12.6
white,2,6.9,0.23,0.38,8.3,0.047,47,162,0.9954,3.34,0.52,10.5
white,2,6.2,0.38,0.42,2.5,0.038,34,117,0.99132,3.36,0.59,11.6
white,2,7.4,0.22,0.27,1.6,0.057,45,98,0.99299,3.29,0.44,9.9
white,2,6.9,0.19,0.31,19.25,0.043,38,167,0.99954,2.93,0.52,9.1
white,2,6.2,0.22,0.28,2.2,0.04,24,125,0.9917,3.19,0.48,10.5
white,2,5.7,0.26,0.25,10.4,0.02,7,57,0.994,3.39,0.37,10.6
white,2,6.5,0.25,0.2,1.4,0.024,29,101,0.9916,3.24,0.54,10.8
white,2,5.6,0.295,0.2,2.2,0.049,18,134,0.99378,3.21,0.68,10
white,2,6.4,0.18,0.28,17.05,0.047,53,139,0.99724,3.25,0.35,10.5
white,2,9,0.27,0.35,4.9,0.028,27,95,0.9932,3.04,0.4,11.3
white,2,7.5,0.32,0.37,1.2,0.048,22,184,0.9938,3.09,0.43,9.3
white,2,7.1,0.17,0.4,14.55,0.047,47,156,0.99945,3.34,0.78,9.1
white,2,6.1,0.17,0.42,15.1,0.033,28,124,0.99684,2.87,0.47,9.5
white,2,6.8,0.45,0.28,26.05,0.031,27,122,1.00295,3.06,0.42,10.6
white,2,6.7,0.27,0.69,1.2,0.176,36,106,0.99288,2.96,0.43,9.2
white,2,7,0.26,0.46,15.55,0.037,61,171,0.9986,2.94,0.35,8.8
white,2,6.9,0.4,0.37,8.9,0.053,36,148,0.996,3.16,0.5,9.3
white,2,7.9,0.2,0.39,1,0.041,37,154,0.99093,3.08,0.43,11.9
white,2,7.7,0.35,0.46,11.8,0.088,61,183,0.99786,2.86,0.47,9
white,2,6.4,0.22,0.38,9.1,0.044,35,127,0.99326,2.97,0.3,11
white,2,7.2,0.19,0.31,6.3,0.034,17,103,0.99305,3.15,0.52,11.4
white,2,6.2,0.24,0.27,16.8,0.04,48,129,0.99691,3.23,0.38,10.5
white,2,7.6,0.37,0.51,11.7,0.094,58,181,0.99776,2.91,0.51,9
white,2,6.5,0.115,0.29,1.95,0.038,73,166,0.989,3.12,0.25,12.9
white,2,7.2,0.47,0.65,8.3,0.083,27,182,0.9964,3,0.35,9.2
white,2,5.8,0.27,0.26,3.5,0.071,26,69,0.98994,3.1,0.38,11.5
white,2,7.6,0.3,0.27,10.6,0.039,31,119,0.99815,3.27,0.3,9.3
white,2,7.6,0.31,0.49,3.95,0.044,27,131,0.9912,3.08,0.67,12.8
white,2,8.9,0.21,0.37,1.2,0.028,20,93,0.99244,3.2,0.37,11.5
white,2,7.4,0.24,0.22,10.7,0.042,26,81,0.9954,2.86,0.36,9.7
white,2,5.4,0.255,0.33,1.2,0.051,29,122,0.99048,3.37,0.66,11.3
white,2,6.3,0.17,0.42,2.8,0.028,45,107,0.9908,3.27,0.43,11.8
white,2,7.9,0.18,0.37,1.2,0.04,16,75,0.992,3.18,0.63,10.8
white,2,6.8,0.3,0.35,2.8,0.038,10,164,0.9912,3.09,0.53,12
white,2,7.6,0.13,0.34,9.3,0.062,40,126,0.9966,3.21,0.39,9.6
white,2,8.3,0.21,0.4,1.6,0.032,35,110,0.9907,3.02,0.6,12.9
white,2,6.2,0.37,0.22,8.3,0.025,36,216,0.9964,3.33,0.6,9.6
white,2,6.2,0.44,0.18,7.7,0.096,28,210,0.99771,3.56,0.72,9.2
white,2,6,0.13,0.36,1.6,0.052,23,72,0.98974,3.1,0.5,11.5
white,2,6.5,0.26,0.32,6.65,0.059,34,104,0.99254,3.18,0.42,11.1
white,2,5.8,0.13,0.26,5.1,0.039,19,103,0.99478,3.36,0.47,9.3
white,2,6.4,0.13,0.47,1.6,0.092,40,158,0.9928,3.21,0.36,9.8
white,2,6.8,0.28,0.4,22,0.048,48,167,1.001,2.93,0.5,8.7
white,2,6.4,0.44,0.44,14.4,0.048,29,228,0.99955,3.26,0.54,8.8
white,2,7,0.22,0.24,11,0.041,75,167,0.99508,2.98,0.56,10.5
white,2,6.5,0.43,0.28,11.25,0.032,31,87,0.9922,3.02,0.38,12.4
white,2,6.6,0.28,0.23,10.4,0.049,45,190,0.99754,3.12,0.51,8.8
white,2,5.6,0.18,0.58,1.25,0.034,29,129,0.98984,3.51,0.6,12
white,2,6.1,0.55,0.15,9.8,0.031,19,125,0.9957,3.36,0.47,10.2
white,2,7.3,0.21,0.49,1.8,0.038,44,152,0.9912,3.32,0.44,12.6
white,2,7.3,0.25,0.39,6.4,0.034,8,84,0.9942,3.18,0.46,11.5
white,2,6.8,0.22,0.31,6.3,0.035,33,170,0.9918,3.24,0.66,12.6
white,2,6.8,0.27,0.35,7.8,0.048,76,197,0.9959,3.24,0.43,9.5
white,2,6.8,0.34,0.74,2.8,0.088,23,185,0.9928,3.51,0.7,12
white,2,7.7,0.22,0.42,1.9,0.052,10,87,0.9922,3.3,0.49,11.8
white,2,8.2,0.31,0.43,7,0.047,18,87,0.99628,3.23,0.64,10.6
white,2,7.5,0.21,0.32,4.8,0.056,39,113,0.99393,3.11,0.52,10.2
white,2,6.9,0.21,0.33,1.4,0.056,35,136,0.9938,3.63,0.78,10.3
white,2,6.6,0.24,0.38,12.75,0.034,8,74,0.99386,3.1,0.57,12.9
white,2,6.5,0.22,0.45,8,0.053,52,196,0.9959,3.23,0.48,9.1
white,2,7,0.19,0.23,5.7,0.123,27,104,0.9954,3.04,0.54,9.4
white,2,6.1,0.25,0.48,15.8,0.052,25,94,0.99782,3.07,0.45,9.2
white,2,6.7,0.31,0.09,1.4,0.039,53,141,0.99206,3.12,0.44,10.1
white,2,6.6,0.21,0.3,9.9,0.041,64,174,0.995,3.07,0.5,10.1
white,2,8,0.45,0.28,10.8,0.051,25,157,0.9957,3.06,0.47,11.4
white,2,7.1,0.33,0.64,13.2,0.056,12,105,0.9972,3.05,0.39,9.2
white,2,5.9,0.3,0.47,7.85,0.03,19,133,0.9933,3.52,0.43,11.5
white,2,6.7,0.45,0.3,5.3,0.036,27,165,0.99122,3.12,0.46,12.2
white,2,6.6,0.28,0.41,7,0.046,59,194,0.99558,3.14,0.48,9.4
white,2,6,0.14,0.17,5.6,0.036,37,127,0.99373,3.05,0.57,9.8
white,2,7.2,0.21,0.31,10.5,0.035,36,122,0.99478,3.12,0.4,10.6
white,2,6.7,0.37,0.25,2.5,0.028,24,84,0.9909,3.14,0.36,11.7
white,2,6.2,0.36,0.38,3.2,0.031,20,89,0.98956,3.06,0.33,12
white,2,6.5,0.32,0.23,8.5,0.051,20,138,0.9943,3.03,0.42,10.7
white,2,5.2,0.3,0.34,1.5,0.038,18,96,0.98942,3.56,0.48,13
white,2,9.1,0.28,0.49,2,0.059,10,112,0.9958,3.15,0.46,10.1
white,2,6.8,0.29,0.49,1.4,0.142,52,148,0.9937,3.08,0.49,9
white,2,6.1,0.25,0.49,7.6,0.052,67,226,0.9956,3.16,0.47,8.9
white,2,6.6,0.23,0.3,14.9,0.051,33,118,0.99835,3.04,0.54,9
white,2,6.1,0.25,0.28,10,0.055,56,131,0.994,3.22,0.35,10.9
white,2,6.2,0.28,0.27,10.3,0.03,26,108,0.99388,3.2,0.36,10.7
white,2,6.9,0.25,0.47,8.4,0.042,36,156,0.99604,3.15,0.55,9.4
white,2,6.7,0.3,0.29,2.8,0.025,37,107,0.99159,3.31,0.63,11.3
white,2,6.7,0.14,0.51,4.3,0.028,57,124,0.99176,2.91,0.54,10.7
white,2,6.3,0.27,0.51,7.6,0.049,35,200,0.99548,3.16,0.54,9.4
white,2,6.6,0.27,0.41,1.3,0.052,16,142,0.9951,3.42,0.47,10
white,2,8.9,0.3,0.35,4.6,0.032,32,148,0.99458,3.15,0.45,11.5
white,2,7.6,0.19,0.32,18.75,0.047,32,193,1.00014,3.1,0.5,9.3
white,2,7.1,0.26,0.34,14.4,0.067,35,189,0.9986,3.07,0.53,9.1
white,2,6.8,0.21,0.36,18.1,0.046,32,133,1,3.27,0.48,8.8
white,2,6.7,0.29,0.45,14.3,0.054,30,181,0.99869,3.14,0.57,9.1
white,2,7.2,0.14,0.32,1.1,0.022,48,116,0.99218,3.04,0.67,10
white,2,7.8,0.24,0.32,12.2,0.054,42,138,0.9984,3.01,0.54,8.8
white,2,5.6,0.49,0.13,4.5,0.039,17,116,0.9907,3.42,0.9,13.7
white,2,5.7,0.15,0.47,11.4,0.035,49,128,0.99456,3.03,0.34,10.5
white,2,6.6,0.22,0.53,15.1,0.052,22,136,0.9986,2.94,0.35,9.4
white,2,7.1,0.46,0.23,13.7,0.045,44,192,0.9981,3.11,0.53,9.4
white,2,7.2,0.27,0.46,18.75,0.052,45,255,1,3.04,0.52,8.9
white,2,9.2,0.71,0.23,6.2,0.042,15,93,0.9948,2.89,0.34,10.1
white,2,7,0.32,0.35,1.5,0.039,24,125,0.9918,3.17,0.64,12.2
white,2,8.1,0.3,0.49,8.1,0.037,26,174,0.9943,3.1,0.3,11.2
white,2,3.8,0.31,0.02,11.1,0.036,20,114,0.99248,3.75,0.44,12.4
white,2,8.2,0.61,0.45,5.4,0.03,15,118,0.9954,3.14,0.34,9.6
white,2,7.5,0.31,0.24,7.1,0.031,28,141,0.99397,3.16,0.38,10.6
white,2,5.9,0.42,0.36,2.4,0.034,19,77,0.99184,3.25,0.48,10.9
white,2,6.7,0.19,0.39,1,0.032,14,71,0.98912,3.31,0.38,13
white,2,7.1,0.31,0.38,1.2,0.036,10,124,0.9924,3.14,0.44,9.9
white,2,5.3,0.2,0.31,3.6,0.036,22,91,0.99278,3.41,0.5,9.8
white,2,6.8,0.21,0.55,14.6,0.053,34,159,0.99805,2.93,0.44,9.2
white,2,7.6,0.17,0.27,4.6,0.05,23,98,0.99422,3.08,0.47,9.5
white,2,6.3,0.22,0.34,1.2,0.036,32,96,0.98961,3.06,0.74,11.6
white,2,6.7,0.41,0.27,2.6,0.033,25,85,0.99086,3.05,0.34,11.7
white,2,6,0.2,0.26,1.1,0.033,38,67,0.98954,3.14,0.38,11.5
white,2,8.1,0.26,0.27,4.3,0.03,43,123,0.99212,3.16,0.33,11.2
white,2,7.2,0.15,0.39,1.8,0.043,21,159,0.9948,3.52,0.47,10
white,2,5.2,0.37,0.33,1.2,0.028,13,81,0.9902,3.37,0.38,11.7
white,2,7.2,0.55,0.09,1.5,0.108,16,151,0.9938,3.07,0.57,9.2
white,2,7,0.36,0.32,10.5,0.045,35,135,0.9935,3.09,0.33,11.6
white,2,6.8,0.19,0.34,1.9,0.04,41,108,0.99,3.25,0.45,12.9
white,2,7,0.17,0.33,4,0.034,17,127,0.9934,3.19,0.39,10.6
white,2,7.3,0.28,0.35,1.6,0.054,31,148,0.99178,3.18,0.47,10.7
white,2,6,0.38,0.26,6,0.034,42,134,0.9912,3.38,0.38,12.3
white,2,7.3,0.2,0.29,19.9,0.039,69,237,1.00037,3.1,0.48,9.2
white,2,7.4,0.25,0.36,2.05,0.05,31,100,0.992,3.19,0.44,10.8
white,2,5.8,0.3,0.33,3.5,0.033,25,116,0.99057,3.2,0.44,11.7
white,2,7.4,0.2,0.35,6.1,0.025,10,40,0.99244,2.79,0.52,10.9
white,2,6.8,0.29,0.5,13.3,0.053,48,194,0.9974,3.09,0.45,9.4
white,2,7.1,0.37,0.3,6.2,0.04,49,139,0.99021,3.17,0.27,13.6
white,2,7.6,0.2,0.26,4.5,0.086,37,133,0.9963,3.15,0.42,9.2
white,2,6.4,0.26,0.25,10.7,0.046,66,179,0.99606,3.17,0.55,9.9
white,2,6.3,0.39,0.22,2.8,0.048,53,173,0.99304,3.24,0.45,9.8
white,2,8.3,0.25,0.33,2.5,0.053,12,72,0.99404,2.89,0.48,9.5
white,2,7.9,0.25,0.29,5.3,0.031,33,117,0.9918,3.06,0.32,11.8
white,2,7.5,0.26,0.31,1.6,0.032,36,109,0.99044,2.97,0.43,11.9
white,2,6.8,0.22,0.29,8.9,0.046,82,188,0.9955,3.3,0.44,10.3
white,2,7.6,0.38,0.2,3.4,0.046,9,116,0.9944,3.15,0.41,9.4
white,2,6.9,0.18,0.3,2,0.038,39,190,0.9914,3.32,0.37,12.2
white,2,6.6,0.24,0.38,8,0.042,56,187,0.99577,3.21,0.46,9.2
white,2,7.3,0.2,0.39,2.3,0.048,24,87,0.99044,2.94,0.35,12
white,2,6.3,0.28,0.47,11.2,0.04,61,183,0.99592,3.12,0.51,9.5
white,2,6.6,0.19,0.25,1.2,0.052,34,181,0.99352,3.3,0.42,9.4
white,2,7.1,0.26,0.29,12.4,0.044,62,240,0.9969,3.04,0.42,9.2
white,2,6.8,0.34,0.27,5.2,0.06,14,169,0.99252,3.27,0.57,11.6
white,2,8.9,0.32,0.49,1.6,0.05,17,131,0.9956,3.13,0.34,9.4
white,2,8,0.4,0.33,7.7,0.034,27,98,0.9935,3.18,0.41,12.2
white,2,7.2,0.27,0.37,5.4,0.026,27,114,0.99174,3.13,0.84,12.7
white,2,6.4,0.12,0.3,1.1,0.031,37,94,0.98986,3.01,0.56,11.7
white,2,7.7,0.27,0.61,12,0.046,64,179,0.9982,3.07,0.46,8.9
white,2,5.5,0.24,0.45,1.7,0.046,22,113,0.99224,3.22,0.48,10
white,2,6.4,0.25,0.28,4.9,0.03,29,98,0.99024,3.09,0.58,12.8
white,2,5.6,0.175,0.29,0.8,0.043,20,67,0.99112,3.28,0.48,9.9
white,2,6.9,0.19,0.31,19.25,0.043,38,167,0.99954,2.93,0.52,9.1
white,2,7.7,0.42,0.31,9.2,0.048,22,221,0.9969,3.06,0.61,9.2
white,2,6.6,0.23,0.32,0.9,0.041,25,79,0.9926,3.39,0.54,10.2
white,2,7.6,0.19,0.41,1.1,0.04,38,143,0.9907,2.92,0.42,11.4
white,2,6.9,0.12,0.36,2.2,0.037,18,111,0.9919,3.41,0.82,11.9
white,2,5.5,0.42,0.09,1.6,0.019,18,68,0.9906,3.33,0.51,11.4
white,2,6.5,0.36,0.36,6.7,0.185,51.5,151,0.99528,3.17,0.42,9.3
white,2,6,0.34,0.29,6.1,0.046,29,134,0.99462,3.48,0.57,10.7
white,2,6.4,0.23,0.35,4.6,0.039,43,147,0.99216,3.18,0.4,11
white,2,6.9,0.21,0.24,1.8,0.021,17,80,0.98992,3.15,0.46,12.3
white,2,6.9,0.38,0.29,13.65,0.048,52,189,0.99784,3,0.6,9.5
white,2,5.8,0.32,0.28,4.3,0.032,46,115,0.98946,3.16,0.57,13
white,2,6.5,0.22,0.19,4.5,0.096,16,115,0.9937,3.02,0.44,9.6
white,2,5.4,0.265,0.28,7.8,0.052,27,91,0.99432,3.19,0.38,10.4
white,2,7.7,0.34,0.28,11,0.04,31,117,0.99815,3.27,0.29,9.2
white,2,7.2,0.24,0.4,1.4,0.045,31,106,0.9914,2.88,0.38,10.8
white,2,7.6,0.2,0.34,1.8,0.041,42,148,0.99335,3.35,0.66,11.1
white,2,6.1,0.27,0.28,9.8,0.042,61,125,0.99532,3.14,0.42,10.2
white,2,6.6,0.27,0.31,5.3,0.137,35,163,0.9951,3.2,0.38,9.3
white,2,6.1,0.22,0.38,2.8,0.144,12,65,0.9908,2.95,0.64,11.4
white,2,7.4,0.18,0.27,1.3,0.048,26,105,0.994,3.52,0.66,10.6
white,2,5.7,0.21,0.32,0.9,0.038,38,121,0.99074,3.24,0.46,10.6
white,2,6.4,0.24,0.49,5.8,0.053,25,120,0.9942,3.01,0.98,10.5
white,2,7.5,0.23,0.68,11,0.047,37,133,0.9978,2.99,0.38,8.8
white,2,6.5,0.44,0.49,7.7,0.045,16,169,0.9957,3.11,0.37,8.7
white,2,6.6,0.22,0.23,17.3,0.047,37,118,0.99906,3.08,0.46,8.8
white,2,7.2,0.24,0.3,1.2,0.037,11,95,0.98914,2.96,0.36,12.5
white,2,6.5,0.13,0.27,2.6,0.035,32,76,0.9914,3.21,0.76,11.33333333
white,2,7.8,0.25,0.37,1,0.043,10,80,0.99128,3.08,0.38,11.4
white,2,8.1,0.24,0.26,11,0.043,41,211,0.99676,3.11,0.49,10
white,2,7.5,0.33,0.36,2.6,0.051,26,126,0.99097,3.32,0.53,12.7
white,2,6.1,0.22,0.49,1.5,0.051,18,87,0.9928,3.3,0.46,9.6
white,2,7.8,0.3,0.29,16.85,0.054,23,135,0.9998,3.16,0.38,9
white,2,6.9,0.615,0.42,12,0.067,24,131,0.99727,3.19,0.34,9.3
white,2,6.4,0.23,0.3,7.1,0.037,63,236,0.9952,3.06,0.34,9.2
white,2,8.3,0.28,0.4,7.8,0.041,38,194,0.9976,3.34,0.51,9.6
white,2,6.2,0.1,0.41,1,0.04,17,76,0.98988,3.14,0.56,11.4
white,2,7.8,0.26,0.27,1.9,0.051,52,195,0.9928,3.23,0.5,10.9
white,2,6.4,0.38,0.26,8.2,0.043,28,98,0.99234,2.99,0.31,11.4
white,2,5.5,0.19,0.27,0.9,0.04,52,103,0.99026,3.5,0.39,11.2
white,2,5.4,0.29,0.38,1.2,0.029,31,132,0.98895,3.28,0.36,12.4
white,2,6.8,0.32,0.33,0.7,0.027,15,66,0.9899,3.11,0.31,11.8
white,2,6.8,0.18,0.35,5.4,0.054,53,143,0.99287,3.1,0.54,11
white,2,5.6,0.19,0.47,4.5,0.03,19,112,0.9922,3.56,0.45,11.2
white,2,8.4,0.57,0.44,10.7,0.051,46,195,0.9981,3.15,0.51,10.4
white,2,7.3,0.15,0.4,2,0.05,24,92,0.9932,3.14,0.45,10.5
white,2,7.2,0.4,0.24,8.5,0.055,45,151,0.99626,3.2,0.52,9.2
white,2,6,0.2,0.38,1.3,0.034,37,104,0.98865,3.11,0.52,12.7
white,2,6.8,0.2,0.36,1.6,0.028,7,46,0.99175,3.21,0.6,10.9
white,2,7.4,0.18,0.3,10.4,0.045,44,174,0.9966,3.11,0.57,9.7
white,2,6.5,0.28,0.35,9.8,0.067,61,180,0.9972,3.15,0.57,9
white,2,5.9,0.22,0.38,1.3,0.046,24,90,0.99232,3.2,0.47,10
white,2,6.6,0.39,0.39,11.9,0.057,51,221,0.99851,3.26,0.51,8.9
white,2,5.9,0.26,0.24,2.4,0.046,27,132,0.99234,3.63,0.73,11.3
white,2,6.5,0.38,0.34,3.4,0.036,34,200,0.9937,3.14,0.76,10
white,2,6.4,0.17,0.34,1.5,0.091,42,135,0.9938,3.25,0.49,9.6
white,2,6.7,0.22,0.33,1.2,0.036,36,86,0.99058,3.1,0.76,11.4
white,2,6.1,0.32,0.37,1.8,0.051,13,200,0.9945,3.49,0.44,10.5
white,2,5,0.24,0.21,2.2,0.039,31,100,0.99098,3.69,0.62,11.7
white,2,6.3,0.31,0.3,10,0.046,49,212,0.9962,3.74,0.55,11.9
white,2,6.6,0.24,0.22,12.3,0.051,35,146,0.99676,3.1,0.67,9.4
white,2,7.8,0.34,0.35,1.8,0.042,8,167,0.9908,3.11,0.41,12.1
white,2,9.2,0.28,0.46,3.2,0.058,39,133,0.996,3.14,0.58,9.5
white,2,6.3,0.37,0.37,1.5,0.024,12,76,0.98876,2.94,0.39,12.3
white,2,6.4,0.26,0.22,5.1,0.037,23,131,0.9944,3.29,0.32,10.1
white,2,7.4,0.24,0.36,2,0.031,27,139,0.99055,3.28,0.48,12.5
white,2,6.4,0.15,0.29,1.8,0.044,21,115,0.99166,3.1,0.38,10.2
white,2,6.2,0.55,0.45,12,0.049,27,186,0.9974,3.17,0.5,9.3
white,2,6.3,0.2,0.26,4.7,0.04,108,168,0.99278,3.07,0.75,10.7
white,2,6.8,0.19,0.32,7.6,0.049,37,107,0.99332,3.12,0.44,10.7
white,2,5.9,0.29,0.28,3.2,0.035,16,117,0.98959,3.26,0.42,12.6
white,2,5.3,0.58,0.07,6.9,0.043,34,149,0.9944,3.34,0.57,9.7
white,2,7.2,0.27,0.42,1.6,0.05,35,135,0.992,2.94,0.46,11
white,2,7.5,0.18,0.72,9.6,0.039,53,151,0.99802,3.03,0.46,8.9
white,2,9.5,0.42,0.41,2.3,0.034,22,145,0.9951,3.06,0.52,11
white,2,6.9,0.28,0.28,12.2,0.042,52,139,0.99522,3.03,0.56,10.4
white,2,7.1,0.09,0.3,6.2,0.032,24,134,0.993,2.99,0.39,10.9
white,2,5.9,0.415,0.02,0.8,0.038,22,63,0.9932,3.36,0.36,9.3
white,2,6.6,0.28,0.41,7,0.046,59,194,0.99558,3.14,0.48,9.4
white,2,7.6,0.19,0.38,10.6,0.06,48,174,0.9962,3.13,0.38,10.5
white,2,7.2,0.19,0.46,3.8,0.041,82,187,0.9932,3.19,0.6,11.2
white,2,6.1,0.31,0.26,2.2,0.051,28,167,0.9926,3.37,0.47,10.4
white,2,8.9,0.27,0.28,0.8,0.024,29,128,0.98984,3.01,0.35,12.4
white,2,7.3,0.19,0.27,13.9,0.057,45,155,0.99807,2.94,0.41,8.8
white,2,5.7,0.24,0.3,1.3,0.03,25,98,0.98968,3.37,0.43,12.4
white,2,7.5,0.23,0.3,1.2,0.03,27,80,0.99192,3.05,0.68,10.5
white,2,9.4,0.42,0.32,6.5,0.027,20,167,0.99479,3.08,0.43,10.6
white,2,5.8,0.3,0.38,4.9,0.039,22,86,0.98963,3.23,0.58,13.1
white,2,6.9,0.18,0.33,1,0.054,24,164,0.9926,3.42,0.51,10.5
white,2,6.1,0.3,0.47,1.4,0.049,50,187,0.9927,3.19,0.45,9.5
white,2,6,0.21,0.3,8.7,0.036,47,127,0.99368,3.18,0.39,10.6
white,2,7.3,0.33,0.4,6.85,0.038,32,138,0.992,3.03,0.3,11.9
white,2,5,0.17,0.56,1.5,0.026,24,115,0.9906,3.48,0.39,10.8
white,2,7.7,0.16,0.36,5.9,0.054,25,148,0.99578,3.25,0.54,10.2
white,2,6.6,0.285,0.49,11.4,0.035,57,137,0.99732,3.08,0.54,8.9
white,2,8.4,0.19,0.42,1.6,0.047,9,101,0.994,3.06,0.65,11.1
white,2,6.8,0.39,0.34,7.4,0.02,38,133,0.99212,3.18,0.44,12
white,2,8.2,0.37,0.64,13.9,0.043,22,171,0.99873,2.99,0.8,9.3
white,2,7.9,0.21,0.39,2,0.057,21,138,0.99176,3.05,0.52,10.9
white,2,7.7,0.28,0.24,2.4,0.044,29,157,0.99312,3.27,0.56,10.6
white,2,8.2,0.23,0.49,0.9,0.057,15,73,0.9928,3.07,0.38,10.4
white,2,9,0.2,0.33,3.5,0.049,10,40,0.9944,3.14,0.36,9.8
white,2,6.9,0.3,0.29,1.3,0.053,24,189,0.99362,3.29,0.54,9.9
white,2,6.6,0.22,0.23,17.3,0.047,37,118,0.99906,3.08,0.46,8.8
white,2,5.8,0.28,0.66,9.1,0.039,26,159,0.9965,3.66,0.55,10.8
white,2,6.8,0.26,0.32,7,0.041,38,118,0.9939,3.25,0.52,10.8
white,2,7.4,0.19,0.31,14.5,0.045,39,193,0.9986,3.1,0.5,9.2
white,2,6.8,0.52,0.26,5.7,0.038,27,130,0.99,3.11,0.27,13
white,2,6.9,0.24,0.33,4.8,0.04,16,131,0.9936,3.26,0.64,10.7
white,2,8,0.25,0.27,9.7,0.036,15,85,0.99406,2.99,0.36,11.2
white,2,8.3,0.49,0.43,2.5,0.036,32,116,0.9944,3.23,0.47,10.7
white,2,8,0.3,0.49,9.4,0.046,47,188,0.9964,3.14,0.48,10
white,2,5.7,0.36,0.21,6.7,0.038,51,166,0.9941,3.29,0.63,10
white,2,7,0.24,0.3,4.2,0.04,41,213,0.9927,3.28,0.49,11.8
white,2,6.5,0.23,0.25,17.3,0.046,15,110,0.99828,3.15,0.42,9.2
white,2,4.4,0.46,0.1,2.8,0.024,31,111,0.98816,3.48,0.34,13.1
white,2,7.3,0.25,0.36,13.1,0.05,35,200,0.9986,3.04,0.46,8.9
white,2,6.6,0.29,0.73,2.2,0.027,21,92,0.99,3.12,0.48,12.4
white,2,5.8,0.4,0.42,4.4,0.047,38.5,245,0.9937,3.25,0.57,9.6
white,2,7,0.14,0.4,1.7,0.035,16,85,0.9911,3.19,0.42,11.8
white,2,6.2,0.25,0.44,15.8,0.057,39,167,0.99804,3.14,0.51,9.2
white,2,8.2,0.2,0.49,3.5,0.057,14,108,0.9928,3.19,0.35,11.5
white,2,6.5,0.23,0.36,16.3,0.038,43,133,0.99924,3.26,0.41,8.8
white,2,6.4,0.26,0.43,12.6,0.033,64,230,0.9974,3.08,0.38,8.9
white,2,8,0.32,0.36,4.6,0.042,56,178,0.9928,3.29,0.47,12
white,2,7.8,0.19,0.32,7.4,0.015,47,124,0.99278,2.99,0.39,11
white,2,7.6,0.32,0.58,16.75,0.05,43,163,0.9999,3.15,0.54,9.2
white,2,6.6,0.295,0.24,1.6,0.039,29,140,0.99304,3.35,0.61,10.4
white,2,6.7,0.38,0.26,9.55,0.036,35,91,0.9919,2.98,0.37,12.4
white,2,6.7,0.23,0.39,2.5,0.172,63,158,0.9937,3.11,0.36,9.4
white,2,6,0.45,0.42,1.1,0.051,61,197,0.9932,3.02,0.4,9
white,2,7.6,0.3,0.4,2.2,0.054,29,175,0.99445,3.19,0.53,9.8
white,2,6.7,0.12,0.36,2.3,0.039,43,125,0.99229,3.07,0.67,10.1
white,2,7.4,0.26,0.29,3.7,0.048,14,73,0.9915,3.06,0.45,11.4
white,2,6.2,0.355,0.35,2,0.046,31,95,0.98822,3.06,0.46,13.6
white,2,6.1,0.6,0,1.3,0.042,24,79,0.9937,3.31,0.38,9.4
white,2,5,0.33,0.16,1.5,0.049,10,97,0.9917,3.48,0.44,10.7
white,2,7.2,0.23,0.39,14.2,0.058,49,192,0.9979,2.98,0.48,9
white,2,7.2,0.4,0.49,1.1,0.048,11,138,0.9929,3.01,0.42,9.3
white,2,7.4,0.56,0.09,1.5,0.071,19,117,0.99496,3.22,0.53,9.8
white,2,6.6,0.23,0.24,3.9,0.045,36,138,0.9922,3.15,0.64,11.3
white,2,8,0.27,0.33,1.2,0.05,41,103,0.99002,3,0.45,12.4
white,2,6,0.24,0.32,6.3,0.03,34,129,0.9946,3.52,0.41,10.4
white,2,6.8,0.67,0.3,13,0.29,22,193,0.9984,3.08,0.67,9
white,2,7.3,0.39,0.37,1.1,0.043,36,113,0.991,3.39,0.48,12.7
white,2,5.9,0.22,0.29,4.2,0.037,69,144,0.99214,3.13,0.74,10.8
white,2,4.8,0.17,0.28,2.9,0.03,22,111,0.9902,3.38,0.34,11.3
white,2,5.6,0.255,0.57,10.7,0.056,66,171,0.99464,3.25,0.61,10.4
white,2,6.1,0.21,0.19,1.4,0.046,51,131,0.99184,3.22,0.39,10.5
white,2,8.5,0.15,0.49,1.5,0.031,17,122,0.9932,3.03,0.4,10.3
,2,7.5,0.24,0.31,13.1,0.05,26,180,0.99884,3.05,0.53,9.1
