wine_type,winetype_numeric,fixed acidity,residual sugar,density,alcohol,alcohol 1=low 2=high,fixed acidity 1=low 2=high,quality
red,1,5,1.4,0.9938,10.5,2,1,2
red,1,6,2.2,0.99647,10,2,1,2
red,1,6.1,1.8,0.99464,10.1,2,1,2
red,1,6.1,1.8,0.99464,10.1,2,1,2
red,1,6.1,2.4,0.99358,11,2,1,2
red,1,6.3,2,0.99488,11.2,2,1,2
red,1,6.3,1.4,0.9922,12.3,2,1,2
red,1,6.4,2.1,0.9949,11.4,2,1,2
red,1,6.4,3.2,0.995,12.7,2,1,2
red,1,6.6,1.6,0.99396,10.4,2,1,2
red,1,6.6,5.5,0.99655,10.8,2,1,2
red,1,6.6,5.5,0.99655,10.8,2,1,2
red,1,6.6,1.8,0.9936,11.9,2,1,2
red,1,6.7,2.4,0.99064,11.7,2,1,2
red,1,6.7,2.4,0.99064,11.7,2,1,2
red,1,6.9,2.1,0.9948,11.4,2,1,2
red,1,6.9,1.75,0.99322,11.7,2,1,2
red,1,7,2,0.9956,10,2,1,2
red,1,7,1.7,0.996,10.3,2,1,2
red,1,7,1.9,0.9956,10.5,2,1,2
red,1,7,3.6,0.99416,11.3,2,1,2
red,1,7,2,0.99346,11.9,2,1,2
red,1,7,2,0.99346,11.9,2,1,2
red,1,7.1,2.8,0.99624,10.7,2,1,2
red,1,7.1,2.8,0.99624,10.7,2,1,2
red,1,7.1,2.2,0.99242,12.8,2,1,2
red,1,7.1,2.2,0.99242,12.8,2,1,2
red,1,7.2,3,0.99586,10,2,1,2
red,1,7.2,4.65,0.9962,10.9,2,1,2
red,1,7.2,4.65,0.9962,10.9,2,1,2
red,1,7.3,1.2,0.9946,10,2,1,2
red,1,7.3,2.6,0.99562,10.5,2,1,2
red,1,7.4,1.7,0.99502,10,2,1,2
red,1,7.5,2.7,0.99628,10.4,2,1,2
red,1,7.6,1.9,0.9969,10.3,2,1,2
red,1,7.6,1.9,0.9969,10.3,2,1,2
red,1,7.6,2.1,0.99476,10.9,2,1,2
red,1,7.7,2.1,0.99604,10,2,1,2
red,1,7.7,1.7,0.9949,10.8,2,1,2
red,1,7.7,2,0.9955,10.9,2,1,2
red,1,7.7,2,0.9955,10.9,2,1,2
red,1,7.8,1.9,0.99525,10.7,2,1,2
red,1,8,2,0.99612,10.2,2,1,2
red,1,8,2.2,0.9962,10.2,2,1,2
red,1,8,1.9,0.99532,10.5,2,1,2
red,1,8,0.9,0.99007,12.7,2,1,2
red,1,8,0.9,0.99007,12.7,2,1,2
red,1,8,2.6,0.99286,13,2,1,2
red,1,8.1,1.8,0.9964,10.9,2,1,2
red,1,8.2,1.4,0.9946,10,2,1,2
red,1,8.2,2.1,0.9962,10,2,1,2
red,1,8.2,2.2,0.9959,10.1,2,1,2
red,1,8.2,1.7,0.9964,10.9,2,1,2
red,1,8.3,3.4,0.99892,11,2,1,2
red,1,8.6,3.3,0.99735,10,2,1,2
red,1,9.8,1.65,0.99478,11.4,2,1,2
red,1,4.6,2.1,0.9934,13.1,2,1,2
red,1,4.7,2.3,0.9932,12.9,2,1,2
red,1,4.9,2.1,0.99154,14,2,1,2
red,1,5,1.6,0.9934,11.5,2,1,2
red,1,5,1.2,0.99258,12.5,2,1,2
red,1,5,4.3,0.9902,13.6,2,1,2
red,1,5,2,0.9917,14,2,1,2
red,1,5,1.6,0.99084,14,2,1,2
red,1,5.1,1.3,0.9921,12.8,2,1,2
red,1,5.1,2.1,0.9924,12.9,2,1,2
red,1,5.1,1.7,0.99264,12.9,2,1,2
red,1,5.1,1.8,0.99157,13.6,2,1,2
red,1,5.2,1.6,0.9927,12.2,2,1,2
red,1,5.2,2.3,0.9953,12.2,2,1,2
red,1,5.2,2.15,0.99444,12.5,2,1,2
red,1,5.2,1.8,0.9916,14,2,1,2
red,1,5.2,1.8,0.9916,14,2,1,2
red,1,5.3,1.5,0.99395,11,2,1,2
red,1,5.3,1.7,0.9934,12.5,2,1,2
red,1,5.4,2,0.99471,12.3,2,1,2
red,1,5.4,1.2,0.99258,12.5,2,1,2
red,1,5.4,1.2,0.9924,13,2,1,2
red,1,5.5,1.8,0.9908,14,2,1,2
red,1,5.6,2.1,0.99346,11.4,2,1,2
red,1,5.6,2.2,0.99378,12.8,2,1,2
red,1,5.6,2.2,0.99378,12.8,2,1,2
red,1,5.6,2.4,0.99258,12.9,2,1,2
red,1,5.6,2.5,0.99256,12.9,2,1,2
red,1,5.6,1.4,0.9924,12.9,2,1,2
red,1,5.6,2.3,0.9937,13,2,1,2
red,1,5.6,2.3,0.9937,13,2,1,2
red,1,5.7,1.4,0.99191,12.2,2,1,2
red,1,5.8,1.8,0.9944,10,2,1,2
red,1,5.8,2,0.99357,11.5,2,1,2
red,1,5.8,1.7,0.9915,13.5,2,1,2
red,1,5.9,13.4,0.99721,10.3,2,1,2
red,1,5.9,2.1,0.99376,11.1,2,1,2
red,1,5.9,2.1,0.99376,11.1,2,1,2
red,1,5.9,1.9,0.99385,11.2,2,1,2
red,1,5.9,1.6,0.9944,11.7,2,1,2
red,1,5.9,2.4,0.99362,12.4,2,1,2
red,1,6,1.8,0.99236,10.55,2,1,2
red,1,6,2.1,0.995,10.7,2,1,2
red,1,6,2.1,0.995,10.7,2,1,2
red,1,6,12.9,0.99572,11.5,2,1,2
red,1,6,2.3,0.99292,12.5,2,1,2
red,1,6.1,1.8,0.9955,10.1,2,1,2
red,1,6.1,1.7,0.99402,11.2,2,1,2
red,1,6.1,2.1,0.99472,11.4,2,1,2
red,1,6.1,2.2,0.9948,11.5,2,1,2
red,1,6.1,1.4,0.9912,11.9,2,1,2
red,1,6.1,2.5,0.99352,12.5,2,1,2
red,1,6.2,2.1,0.99664,10,2,1,2
red,1,6.2,2,0.99428,11.2,2,1,2
red,1,6.2,1.6,0.99425,11.4,2,1,2
red,1,6.2,2.2,0.9946,11.7,2,1,2
red,1,6.2,2.2,0.9946,11.7,2,1,2
red,1,6.3,1.8,0.9959,10.3,2,1,2
red,1,6.3,2,0.99437,11.2,2,1,2
red,1,6.3,2.9,0.99379,11.5,2,1,2
red,1,6.3,3.2,0.9956,12.7,2,1,2
red,1,6.3,2.1,0.99374,12.8,2,1,2
red,1,6.4,2.3,0.99724,10.4,2,1,2
red,1,6.4,2.4,0.9963,10.6,2,1,2
red,1,6.4,2.3,0.99551,10.8,2,1,2
red,1,6.4,3.9,0.9968,11,2,1,2
red,1,6.4,2.3,0.99519,11.3,2,1,2
red,1,6.4,2.2,0.99378,11.6,2,1,2
red,1,6.4,3.3,0.99294,12.2,2,1,2
red,1,6.4,1.65,0.99162,12.9,2,1,2
red,1,6.5,2.3,0.99551,10.8,2,1,2
red,1,6.5,1.6,0.99467,10.9,2,1,2
red,1,6.5,5.6,0.99572,11.2,2,1,2
red,1,6.5,2.2,0.99557,11.5,2,1,2
red,1,6.5,2.2,0.99541,11.5,2,1,2
red,1,6.5,4.3,0.99488,11.8,2,1,2
red,1,6.5,2.8,0.99384,12,2,1,2
red,1,6.5,8.3,0.9952,12.1,2,1,2
red,1,6.5,3,0.9929,12.8,2,1,2
red,1,6.6,3,0.99629,10.3,2,1,2
red,1,6.6,6.1,0.99718,10.3,2,1,2
red,1,6.6,1.9,0.99746,10.5,2,1,2
red,1,6.6,1.9,0.99746,10.5,2,1,2
red,1,6.6,1.6,0.9962,10.7,2,1,2
red,1,6.6,2.2,0.99544,11.4,2,1,2
red,1,6.6,1.7,0.9922,11.5,2,1,2
red,1,6.6,2,0.99374,11.6,2,1,2
red,1,6.6,7.8,0.9963,12.2,2,1,2
red,1,6.6,1.8,0.99352,12.3,2,1,2
red,1,6.6,2.3,0.9952,12.3,2,1,2
red,1,6.6,2.3,0.9952,12.3,2,1,2
red,1,6.6,2.7,0.9955,12.3,2,1,2
red,1,6.6,2.4,0.99358,12.5,2,1,2
red,1,6.6,2.4,0.99387,12.6,2,1,2
red,1,6.7,2,0.9958,10.1,2,1,2
red,1,6.7,2.4,0.9958,10.1,2,1,2
red,1,6.7,2.9,0.99669,10.2,2,1,2
red,1,6.7,1.7,0.9948,10.6,2,1,2
red,1,6.7,1.7,0.9948,10.6,2,1,2
red,1,6.7,1.7,0.9948,10.6,2,1,2
red,1,6.7,1.7,0.9948,10.6,2,1,2
red,1,6.7,2.8,0.99572,10.6,2,1,2
red,1,6.7,2.1,0.99538,10.9,2,1,2
red,1,6.7,2.1,0.99538,10.9,2,1,2
red,1,6.7,2.3,0.99648,11,2,1,2
red,1,6.7,8.6,0.9948,11.3,2,1,2
red,1,6.7,2,0.99598,11.7,2,1,2
red,1,6.7,2.4,0.9955,12.8,2,1,2
red,1,6.8,1.7,0.9968,10,2,1,2
red,1,6.8,8.8,0.99824,10.1,2,1,2
red,1,6.8,8.8,0.99824,10.1,2,1,2
red,1,6.8,2.1,0.9956,10.2,2,1,2
red,1,6.8,5.6,0.9997,10.2,2,1,2
red,1,6.8,5.6,0.9997,10.2,2,1,2
red,1,6.8,2.1,0.9953,10.4,2,1,2
red,1,6.8,2.3,0.99545,10.4,2,1,2
red,1,6.8,2.1,0.99498,10.4,2,1,2
red,1,6.8,2.1,0.99498,10.4,2,1,2
red,1,6.8,2.4,0.9966,10.7,2,1,2
red,1,6.8,3,0.9965,10.7,2,1,2
red,1,6.8,6,0.9962,10.8,2,1,2
red,1,6.8,6,0.9962,10.8,2,1,2
red,1,6.8,3.9,0.99524,11.1,2,1,2
red,1,6.8,4.8,0.99577,11.1,2,1,2
red,1,6.8,2.5,0.99491,11.2,2,1,2
red,1,6.8,1.8,0.99438,11.2,2,1,2
red,1,6.8,1.8,0.99438,11.2,2,1,2
red,1,6.8,2.7,0.99538,11.3,2,1,2
red,1,6.8,2.7,0.99538,11.3,2,1,2
red,1,6.8,2.3,0.99438,11.3,2,1,2
red,1,6.8,1.8,0.9928,12.8,2,1,2
red,1,6.8,1.8,0.9928,12.8,2,1,2
red,1,6.9,2.5,0.9959,10,2,1,2
red,1,6.9,2.2,0.9961,10.1,2,1,2
red,1,6.9,2.4,0.9964,10.1,2,1,2
red,1,6.9,2.3,0.9959,10.2,2,1,2
red,1,6.9,2.4,0.9961,10.3,2,1,2
red,1,6.9,2.4,0.99612,10.3,2,1,2
red,1,6.9,2.2,0.99725,10.5,2,1,2
red,1,6.9,2.5,0.9966,10.6,2,1,2
red,1,6.9,1.5,0.99522,10.6,2,1,2
red,1,6.9,2.8,0.99518,10.8,2,1,2
red,1,6.9,2.4,0.99522,10.8,2,1,2
red,1,6.9,2.6,0.99685,11,2,1,2
red,1,6.9,2.6,0.99685,11,2,1,2
red,1,6.9,2.2,0.9949,11.1,2,1,2
red,1,6.9,2,0.99438,11.2,2,1,2
red,1,6.9,2.1,0.99462,11.4,2,1,2
red,1,6.9,1.4,0.99438,11.4,2,1,2
red,1,6.9,2.4,0.99354,11.4,2,1,2
red,1,7,1.8,0.99672,10,2,1,2
red,1,7,2.4,0.99556,10.1,2,1,2
red,1,7,2.3,0.99558,10.1,2,1,2
red,1,7,2.2,0.9966,10.2,2,1,2
red,1,7,4.5,0.99914,10.2,2,1,2
red,1,7,4.5,0.99914,10.2,2,1,2
red,1,7,1.8,0.99636,10.4,2,1,2
red,1,7,2.1,0.99584,10.5,2,1,2
red,1,7,5.6,0.9974,10.5,2,1,2
red,1,7,2.3,0.99476,10.9,2,1,2
red,1,7,4.8,0.99633,11,2,1,2
red,1,7,1.6,0.9952,11.1,2,1,2
red,1,7,2.5,0.99572,11.3,2,1,2
red,1,7,2.5,0.99572,11.3,2,1,2
red,1,7,2.5,0.99572,11.3,2,1,2
red,1,7,2.5,0.9962,11.4,2,1,2
red,1,7,2.1,0.9956,11.4,2,1,2
red,1,7,2,0.99479,11.5,2,1,2
red,1,7.1,2.8,0.99682,10.3,2,1,2
red,1,7.1,1.8,0.99634,10.4,2,1,2
red,1,7.1,1.8,0.99634,10.4,2,1,2
red,1,7.1,1.9,0.9956,10.4,2,1,2
red,1,7.1,1.9,0.9956,10.4,2,1,2
red,1,7.1,5.5,0.9973,10.5,2,1,2
red,1,7.1,5.5,0.9973,10.5,2,1,2
red,1,7.1,5.5,0.9973,10.5,2,1,2
red,1,7.1,5.5,0.9973,10.5,2,1,2
red,1,7.1,2.3,0.9955,10.7,2,1,2
red,1,7.1,2.3,0.9955,10.7,2,1,2
red,1,7.1,2.2,0.99522,10.8,2,1,2
red,1,7.1,2.2,0.99517,10.9,2,1,2
red,1,7.1,2.3,0.99514,10.9,2,1,2
red,1,7.1,2.3,0.99514,10.9,2,1,2
red,1,7.1,4.4,0.997,11,2,1,2
red,1,7.1,2.5,0.9962,11,2,1,2
red,1,7.1,2.1,0.99488,11.5,2,1,2
red,1,7.1,2.5,0.99328,12.4,2,1,2
red,1,7.1,2.4,0.99318,12.7,2,1,2
red,1,7.1,2.1,0.99252,13.3,2,1,2
red,1,7.2,2,0.99608,10,2,1,2
red,1,7.2,2.3,0.99568,10,2,1,2
red,1,7.2,1.7,0.996,10,2,1,2
red,1,7.2,2.5,0.99586,10.1,2,1,2
red,1,7.2,2,0.99576,10.1,2,1,2
red,1,7.2,2.3,0.99564,10.3,2,1,2
red,1,7.2,2.3,0.99564,10.3,2,1,2
red,1,7.2,2.6,0.9964,11,2,1,2
red,1,7.2,2.1,0.99534,11,2,1,2
red,1,7.2,2.1,0.99534,11,2,1,2
red,1,7.2,2.1,0.99534,11,2,1,2
red,1,7.2,2.1,0.99534,11,2,1,2
red,1,7.2,2.2,0.9956,11.1,2,1,2
red,1,7.2,2.5,0.9966,11.1,2,1,2
red,1,7.2,5.5,0.99684,11.2,2,1,2
red,1,7.2,2,0.9947,11.3,2,1,2
red,1,7.2,2,0.9947,11.3,2,1,2
red,1,7.2,2,0.99472,11.3,2,1,2
red,1,7.2,2.3,0.99332,11.8,2,1,2
red,1,7.2,1.9,0.995,11.8,2,1,2
red,1,7.2,2.1,0.99323,12.1,2,1,2
red,1,7.2,2.5,0.99439,12.4,2,1,2
red,1,7.2,2.8,0.99356,12.9,2,1,2
red,1,7.3,2,0.99576,10,2,1,2
red,1,7.3,2.1,0.99728,10,2,1,2
red,1,7.3,2.1,0.99728,10,2,1,2
red,1,7.3,2.3,0.99588,10.1,2,1,2
red,1,7.3,3.6,0.9972,10.1,2,1,2
red,1,7.3,2.4,0.9968,10.2,2,1,2
red,1,7.3,2.1,0.9958,10.3,2,1,2
red,1,7.3,5.9,0.9978,10.5,2,1,2
red,1,7.3,5.9,0.9978,10.5,2,1,2
red,1,7.3,1.8,0.99514,11,2,1,2
red,1,7.3,2.5,0.9966,11,2,1,2
red,1,7.3,2.5,0.9966,11,2,1,2
red,1,7.3,2.2,0.99566,11.06666667,2,1,2
red,1,7.3,2.5,0.99648,11.1,2,1,2
red,1,7.3,2.2,0.99566,11.1,2,1,2
red,1,7.3,1.2,0.99331,11.5,2,1,2
red,1,7.3,1.2,0.99331,11.5,2,1,2
red,1,7.3,1.6,0.9935,11.7,2,1,2
red,1,7.3,2.5,0.9952,12.1,2,1,2
red,1,7.3,2.1,0.99418,12.9,2,1,2
red,1,7.4,2.2,0.99756,10.2,2,1,2
red,1,7.4,1.8,0.9956,10.4,2,1,2
red,1,7.4,3,0.9966,10.5,2,1,2
red,1,7.4,1.8,0.99655,10.5,2,1,2
red,1,7.4,1.8,0.99655,10.5,2,1,2
red,1,7.4,4.25,0.9966,10.7,2,1,2
red,1,7.4,2.4,0.99528,10.8,2,1,2
red,1,7.4,2.4,0.99736,10.8,2,1,2
red,1,7.4,2.4,0.99736,10.8,2,1,2
red,1,7.4,2.6,0.99645,11,2,1,2
red,1,7.4,2,0.99562,11.3,2,1,2
red,1,7.4,1.9,0.9961,11.5,2,1,2
red,1,7.4,2.1,0.99388,12,2,1,2
red,1,7.4,2.1,0.99388,12,2,1,2
red,1,7.4,1.8,0.9933,13.6,2,1,2
red,1,7.5,1.6,0.99635,10,2,1,2
red,1,7.5,2.4,0.9965,10,2,1,2
red,1,7.5,1.8,0.995,10.1,2,1,2
red,1,7.5,1.8,0.995,10.1,2,1,2
red,1,7.5,3,0.9967,10.3,2,1,2
red,1,7.5,2.6,0.99592,10.4,2,1,2
red,1,7.5,1.7,0.99538,10.5,2,1,2
red,1,7.5,1.7,0.99538,10.5,2,1,2
red,1,7.5,1.7,0.99538,10.5,2,1,2
red,1,7.5,1.7,0.99538,10.5,2,1,2
red,1,7.5,2.3,0.9972,10.5,2,1,2
red,1,7.5,6.1,0.9978,10.5,2,1,2
red,1,7.5,6.1,0.9978,10.5,2,1,2
red,1,7.5,2.6,0.9968,10.5,2,1,2
red,1,7.5,2.6,0.9965,10.7,2,1,2
red,1,7.5,2.6,0.99557,10.8,2,1,2
red,1,7.5,2.6,0.99557,10.8,2,1,2
red,1,7.5,2.5,0.99632,10.9,2,1,2
red,1,7.5,2.3,0.9951,11,2,1,2
red,1,7.5,3.1,0.9958,11.2,2,1,2
red,1,7.5,2.2,0.99495,11.5,2,1,2
red,1,7.5,3.1,0.99476,11.6,2,1,2
red,1,7.6,2.6,0.9968,10,2,1,2
red,1,7.6,2.7,0.9968,10,2,1,2
red,1,7.6,2.7,0.9971,10.1,2,1,2
red,1,7.6,2.8,0.9955,10.2,2,1,2
red,1,7.6,2.8,0.99693,10.3,2,1,2
red,1,7.6,1.7,0.99589,10.4,2,1,2
red,1,7.6,3,0.9964,10.5,2,1,2
red,1,7.6,1.7,0.99612,10.7,2,1,2
red,1,7.6,2,0.99578,10.9,2,1,2
red,1,7.6,1.9,0.99521,11,2,1,2
red,1,7.6,2.5,0.9957,11.2,2,1,2
red,1,7.6,2.1,0.99533,11.4,2,1,2
red,1,7.6,2.3,0.99502,11.5,2,1,2
red,1,7.6,2.5,0.99538,11.7,2,1,2
red,1,7.6,2,0.9963,11.9,2,1,2
red,1,7.6,2.7,0.99538,12.2,2,1,2
red,1,7.6,2.5,0.99356,12.5,2,1,2
red,1,7.7,2,0.99697,10.1,2,1,2
red,1,7.7,2.4,0.9963,10.2,2,1,2
red,1,7.7,2.2,0.9964,10.2,2,1,2
red,1,7.7,1.8,0.99568,10.5,2,1,2
red,1,7.7,1.8,0.99568,10.5,2,1,2
red,1,7.7,2.6,0.99615,10.5,2,1,2
red,1,7.7,2.6,0.99615,10.5,2,1,2
red,1,7.7,2.6,0.99639,10.8,2,1,2
red,1,7.7,2,0.9951,10.9,2,1,2
red,1,7.7,2,0.9952,11.3,2,1,2
red,1,7.7,2.1,0.99371,11.8,2,1,2
red,1,7.7,2.1,0.99371,11.8,2,1,2
red,1,7.7,2.7,0.9947,11.8,2,1,2
red,1,7.7,1.8,0.9971,12.1,2,1,2
red,1,7.8,1.7,0.9964,10,2,1,2
red,1,7.8,2.3,0.9975,10,2,1,2
red,1,7.8,6,0.9984,10.1,2,1,2
red,1,7.8,2.8,0.9974,10.3,2,1,2
red,1,7.8,1.9,0.9959,10.4,2,1,2
red,1,7.8,2.4,0.9975,10.8,2,1,2
red,1,7.8,2.6,0.99621,10.8,2,1,2
red,1,7.8,1.9,0.99628,10.9,2,1,2
red,1,7.8,1.9,0.9962,11,2,1,2
red,1,7.8,2.7,0.99732,11,2,1,2
red,1,7.8,2.1,0.9944,11.2,2,1,2
red,1,7.8,2.5,0.996,11.6,2,1,2
red,1,7.8,2,0.99526,11.6,2,1,2
red,1,7.8,2.3,0.99417,12.7,2,1,2
red,1,7.9,4,0.9965,10.7,2,1,2
red,1,7.9,4,0.9965,10.7,2,1,2
red,1,7.9,2,0.99619,10.9,2,1,2
red,1,7.9,1.5,0.99396,11,2,1,2
red,1,7.9,1.9,0.99419,11.2,2,1,2
red,1,7.9,1.6,0.994,11.2,2,1,2
red,1,7.9,2.2,0.996,11.3,2,1,2
red,1,7.9,2,0.99546,11.4,2,1,2
red,1,7.9,2.5,0.9963,11.7,2,1,2
red,1,7.9,1.7,0.99458,11.9,2,1,2
red,1,7.9,2.9,0.9974,12.1,2,1,2
red,1,7.9,8.3,0.99316,12.3,2,1,2
red,1,7.9,8.3,0.99316,12.3,2,1,2
red,1,7.9,1.9,0.99364,12.6,2,1,2
red,1,7.9,3.6,0.9973,12.8,2,1,2
red,1,7.9,2.5,0.99235,13.1,2,1,2
red,1,8,2.8,0.99685,10,2,1,2
red,1,8,1.7,0.99575,10,2,1,2
red,1,8,2,0.99735,10,2,1,2
red,1,8,2,0.9958,10.2,2,1,2
red,1,8,1.8,0.9962,10.5,2,1,2
red,1,8,1.9,0.9962,10.5,2,1,2
red,1,8,2.7,0.9972,10.7,2,1,2
red,1,8,2.6,0.9985,10.7,2,1,2
red,1,8,2.8,0.997,10.8,2,1,2
red,1,8,2.4,0.99612,11,2,1,2
red,1,8,2,0.99454,11.2,2,1,2
red,1,8,1.8,0.99501,11.2,2,1,2
red,1,8,1.9,0.9956,11.4,2,1,2
red,1,8,1.7,0.9946,11.9,2,1,2
red,1,8,2.2,0.9936,12.4,2,1,2
red,1,8,2.1,0.99358,12.5,2,1,2
red,1,8.1,2.2,0.9968,10.3,2,1,2
red,1,8.1,2.1,0.9972,10.7,2,1,2
red,1,8.1,2.8,0.9994,11.1,2,1,2
red,1,8.1,2.6,0.997,11.3,2,1,2
red,1,8.1,2.6,0.997,11.3,2,1,2
red,1,8.1,2.2,0.995,12.4,2,1,2
red,1,8.2,2.3,0.99613,10.2,2,1,2
red,1,8.2,1.6,0.99603,10.3,2,1,2
red,1,8.2,2.5,0.99672,10.4,2,1,2
red,1,8.2,2.8,0.9975,10.5,2,1,2
red,1,8.2,1.9,0.996,10.6,2,1,2
red,1,8.2,2.1,0.99638,10.9,2,1,2
red,1,8.2,2.1,0.99638,10.9,2,1,2
red,1,8.2,5.1,0.9974,10.9,2,1,2
red,1,8.2,5.1,0.9974,10.9,2,1,2
red,1,8.2,2.4,0.99599,11,2,1,2
red,1,8.2,2.4,0.99599,11,2,1,2
red,1,8.2,2.5,0.99624,11,2,1,2
red,1,8.2,2.2,0.99536,11.2,2,1,2
red,1,8.2,2.5,0.99594,11.3,2,1,2
red,1,8.2,2,0.99418,11.8,2,1,2
red,1,8.2,1.9,0.99408,12,2,1,2
red,1,8.2,1.9,0.99376,12.3,2,1,2
red,1,8.2,2.3,0.99506,12.3,2,1,2
red,1,8.2,2.5,0.99528,12.4,2,1,2
red,1,8.2,2.4,0.99356,12.8,2,1,2
red,1,8.2,2.4,0.99356,12.8,2,1,2
red,1,8.2,2.8,0.99473,12.8,2,1,2
red,1,8.3,2.6,0.9983,10,2,1,2
red,1,8.3,1.9,0.9978,10,2,1,2
red,1,8.3,1.4,0.99593,10,2,1,2
red,1,8.3,2.6,0.9994,10,2,1,2
red,1,8.3,2.5,0.99724,10.1,2,1,2
red,1,8.3,2.1,0.9972,10.2,2,1,2
red,1,8.3,3.4,0.99788,10.5,2,1,2
red,1,8.3,2.5,0.9979,10.8,2,1,2
red,1,8.3,2.2,0.9967,11,2,1,2
red,1,8.3,2.4,0.99554,11,2,1,2
red,1,8.3,4.2,0.9965,11.5,2,1,2
red,1,8.3,3.8,0.99498,12.1,2,1,2
red,1,8.3,2.1,0.99408,12.4,2,1,2
red,1,8.3,2.1,0.99408,12.4,2,1,2
red,1,8.3,2.4,0.99444,12.5,2,1,2
red,1,8.3,2.4,0.99444,12.5,2,1,2
red,1,8.3,2.3,0.99426,12.7,2,1,2
red,1,8.4,2,0.99745,10.4,2,1,2
red,1,8.4,1.7,0.99603,10.5,2,1,2
red,1,8.4,2.1,0.9958,11,2,1,2
red,1,8.4,2.2,0.9964,11,2,1,2
red,1,8.4,2.2,0.9964,11,2,1,2
red,1,8.4,1.8,0.99504,11.8,2,1,2
red,1,8.4,1.8,0.99504,11.8,2,1,2
red,1,8.4,3.1,0.99536,12,2,1,2
red,1,8.4,2.1,0.99392,12.4,2,1,2
red,1,8.4,2,0.99386,12.5,2,1,2
red,1,8.5,1.9,0.99648,10.4,2,1,2
red,1,8.5,1.8,0.9969,10.5,2,1,2
red,1,8.5,1.7,0.99605,10.7,2,1,2
red,1,8.5,1.9,0.99518,11.1,2,1,2
red,1,8.5,1.9,0.99518,11.1,2,1,2
red,1,8.5,4.7,0.99738,11.6,2,1,2
red,1,8.5,2.3,0.99434,11.8,2,1,2
red,1,8.5,1.8,0.99456,11.8,2,1,2
red,1,8.5,1.7,0.99524,11.8,2,1,2
red,1,8.5,1.75,0.99524,11.8,2,1,2
red,1,8.5,6.3,0.99566,12,2,1,2
red,1,8.6,2,0.99815,10,2,1,2
red,1,8.6,2,0.9967,10.2,2,1,2
red,1,8.6,2.8,0.99822,10.4,2,1,2
red,1,8.6,6.4,0.99817,11,2,1,2
red,1,8.6,6.4,0.99817,11,2,1,2
red,1,8.6,1.9,0.99604,11,2,1,2
red,1,8.6,2.3,0.99516,11.2,2,1,2
red,1,8.6,2.3,0.99516,11.2,2,1,2
red,1,8.6,1.8,0.99516,11.7,2,1,2
red,1,8.6,2.2,0.99512,11.9,2,1,2
red,1,8.7,1.4,0.9966,10.1,2,1,2
red,1,8.7,2.7,0.99734,10.2,2,1,2
red,1,8.7,2.5,0.9976,10.6,2,1,2
red,1,8.7,2.5,0.9976,10.6,2,1,2
red,1,8.7,2,0.9962,11,2,1,2
red,1,8.7,2.8,0.9964,11.2,2,1,2
red,1,8.7,3,1.0002,11.6,2,1,2
red,1,8.7,3,1.0002,11.6,2,1,2
red,1,8.7,3.3,0.99468,12,2,1,2
red,1,8.7,2.4,0.99617,12,2,1,2
red,1,8.7,6.2,0.9953,12.6,2,1,2
red,1,8.8,4,0.99787,10,2,1,2
red,1,8.8,4,0.99787,10,2,1,2
red,1,8.8,1.7,0.99701,10,2,1,2
red,1,8.8,1.4,0.99551,10.2,2,1,2
red,1,8.8,3.3,0.9982,10.5,2,1,2
red,1,8.8,2.2,0.9986,10.5,2,1,2
red,1,8.8,2.2,0.9986,10.5,2,1,2
red,1,8.8,2.2,0.9962,10.9,2,1,2
red,1,8.8,2.2,0.9962,10.9,2,1,2
red,1,8.8,2,0.99546,11.2,2,1,2
red,1,8.8,2.1,0.99488,11.3,2,1,2
red,1,8.8,1.7,0.99394,11.3,2,1,2
red,1,8.8,2.3,0.99543,11.8,2,1,2
red,1,8.8,2.3,0.99543,11.8,2,1,2
red,1,8.8,2.8,0.99614,11.8,2,1,2
red,1,8.8,5.9,0.99658,12.1,2,1,2
red,1,8.8,2.6,0.9947,14,2,1,2
red,1,8.9,2.3,0.9986,10.3,2,1,2
red,1,8.9,1.9,0.997,10.3,2,1,2
red,1,8.9,2,0.9957,10.4,2,1,2
red,1,8.9,2.5,0.99824,10.5,2,1,2
red,1,8.9,5.6,0.9991,10.5,2,1,2
red,1,8.9,5.6,0.9991,10.5,2,1,2
red,1,8.9,2.2,0.99692,11.1,2,1,2
red,1,8.9,2.2,0.99692,11.1,2,1,2
red,1,8.9,3.45,0.9994,11.5,2,1,2
red,1,8.9,2.6,0.99562,11.8,2,1,2
red,1,8.9,1.8,0.99552,11.9,2,1,2
red,1,8.9,1.8,0.99552,11.9,2,1,2
red,1,8.9,1.8,0.99552,11.9,2,1,2
red,1,8.9,3.6,0.99549,12,2,1,2
red,1,8.9,4,0.99586,12.1,2,1,2
red,1,8.9,4,0.99586,12.1,2,1,2
red,1,8.9,1.7,0.99354,12.3,2,1,2
red,1,8.9,1.9,0.9948,12.5,2,1,2
red,1,8.9,2.2,0.99486,12.6,2,1,2
red,1,8.9,2.6,0.995,13.4,2,1,2
red,1,9,2.4,0.99814,10,2,1,2
red,1,9,2,0.99654,10,2,1,2
red,1,9,1.7,0.99692,10,2,1,2
red,1,9,1.7,0.99692,10,2,1,2
red,1,9,3,0.9976,10.4,2,1,2
red,1,9,2.4,0.99836,10.4,2,1,2
red,1,9,1.3,0.99478,10.9,2,1,2
red,1,9,2.1,0.99568,11.3,2,1,2
red,1,9,2.4,0.99604,11.9,2,1,2
red,1,9,2.4,0.9943,12.2,2,1,2
red,1,9,2,0.99414,12.2,2,1,2
red,1,9.1,2,0.99769,10.2,2,1,2
red,1,9.1,2.1,0.999,10.3,2,1,2
red,1,9.1,2.1,0.999,10.3,2,1,2
red,1,9.1,1.9,0.9977,10.4,2,1,2
red,1,9.1,1.9,0.99774,10.5,2,1,2
red,1,9.1,1.9,0.99774,10.5,2,1,2
red,1,9.1,1.8,0.9967,10.6,2,1,2
red,1,9.1,9,0.99901,10.9,2,1,2
red,1,9.1,1.8,0.99495,11,2,1,2
red,1,9.1,1.6,0.99552,11.1,2,1,2
red,1,9.1,2.1,0.99576,11.2,2,1,2
red,1,9.1,1.8,0.99392,11.4,2,1,2
red,1,9.1,2.05,0.99516,11.7,2,1,2
red,1,9.1,2.05,0.99516,11.7,2,1,2
red,1,9.1,2,0.99516,11.7,2,1,2
red,1,9.1,2,0.99523,11.7,2,1,2
red,1,9.1,4.6,0.99652,12.5,2,1,2
red,1,9.1,1.8,0.99462,12.5,2,1,2
red,1,9.2,2.2,0.9969,10.2,2,1,2
red,1,9.2,1.6,0.99667,10.5,2,1,2
red,1,9.2,2.3,0.99699,10.9,2,1,2
red,1,9.2,2.3,0.9976,11.3,2,1,2
red,1,9.2,2.2,0.99615,12,2,1,2
red,1,9.2,2.5,0.9952,13.3,2,1,2
red,1,9.3,2.2,0.9984,10.2,2,1,2
red,1,9.3,2.6,0.9984,10.2,2,1,2
red,1,9.3,2.8,0.9984,10.6,2,1,2
red,1,9.3,2,0.9969,10.7,2,1,2
red,1,9.3,1.8,0.99704,10.8,2,1,2
red,1,9.3,1.6,0.99526,10.8,2,1,2
red,1,9.3,1.5,0.99652,10.9,2,1,2
red,1,9.3,1.5,0.99652,10.9,2,1,2
red,1,9.3,1.5,0.99652,10.9,2,1,2
red,1,9.3,1.7,0.99702,10.9,2,1,2
red,1,9.3,1.5,0.99498,11.1,2,1,2
red,1,9.3,2.1,0.9968,11.2,2,1,2
red,1,9.3,3.8,0.99577,13.2,2,1,2
red,1,9.4,2.8,0.998,10,2,1,2
red,1,9.4,2.7,0.9984,10.1,2,1,2
red,1,9.4,2.3,0.99786,10.2,2,1,2
red,1,9.4,2.5,0.99772,10.5,2,1,2
red,1,9.4,2.2,0.9966,10.5,2,1,2
red,1,9.4,3.6,0.9987,10.7,2,1,2
red,1,9.4,3.6,0.9987,10.7,2,1,2
red,1,9.4,2.8,0.9964,11.7,2,1,2
red,1,9.4,2.8,0.9976,12,2,1,2
red,1,9.4,2.4,0.9962,12,2,1,2
red,1,9.4,2.4,0.9962,12,2,1,2
red,1,9.4,4.6,0.99639,12.2,2,1,2
red,1,9.4,4.6,0.9973,12.2,2,1,2
red,1,9.5,1.9,0.99712,10,2,1,2
red,1,9.5,2.7,0.998,10,2,1,2
red,1,9.5,2.1,0.9986,10.1,2,1,2
red,1,9.5,1.9,0.9988,10.6,2,1,2
red,1,9.5,8.9,0.99859,10.9,2,1,2
red,1,9.5,6.3,0.9988,11,2,1,2
red,1,9.5,2,0.99613,11.1,2,1,2
red,1,9.5,2.4,0.9972,11.8,2,1,2
red,1,9.6,2.5,0.9982,10,2,1,2
red,1,9.6,2.8,0.9979,10,2,1,2
red,1,9.6,3.4,0.9996,10.1,2,1,2
red,1,9.6,2.2,0.9988,10.2,2,1,2
red,1,9.6,2.2,0.9988,10.2,2,1,2
red,1,9.6,1.4,0.99695,10.3,2,1,2
red,1,9.6,2.9,0.99865,10.4,2,1,2
red,1,9.6,2.9,0.99865,10.4,2,1,2
red,1,9.6,2.3,0.99786,10.5,2,1,2
red,1,9.6,1.9,0.99659,10.5,2,1,2
red,1,9.6,2.8,0.99722,10.9,2,1,2
red,1,9.6,2.1,0.99622,11.1,2,1,2
red,1,9.6,2.4,0.997,11.4,2,1,2
red,1,9.6,2.2,0.99509,12.4,2,1,2
red,1,9.7,1.6,0.9983,10,2,1,2
red,1,9.7,2.5,0.9979,10.1,2,1,2
red,1,9.7,2.5,0.9979,10.1,2,1,2
red,1,9.7,2.6,0.99796,10.1,2,1,2
red,1,9.7,1.5,0.99556,10.9,2,1,2
red,1,9.7,2.1,0.99649,12.3,2,1,2
red,1,9.7,2,0.99585,12.4,2,1,2
red,1,9.8,2.7,0.9982,10,2,1,2
red,1,9.8,3.2,0.9984,10.5,2,1,2
red,1,9.8,2.6,0.999,10.7,2,1,2
red,1,9.8,2.5,0.9981,10.8,2,1,2
red,1,9.8,2.5,1.001,11.2,2,1,2
red,1,9.8,1.4,0.9947,11.4,2,1,2
red,1,9.8,1.7,0.9948,11.5,2,1,2
red,1,9.8,3.2,0.9989,11.5,2,1,2
red,1,9.8,3.2,0.9989,11.5,2,1,2
red,1,9.9,2.3,0.9978,10,2,1,2
red,1,9.9,1.7,0.99752,10,2,1,2
red,1,9.9,2,0.9963,10.1,2,1,2
red,1,9.9,2,0.99709,10.2,2,1,2
red,1,9.9,2.1,0.9971,10.6,2,1,2
red,1,9.9,1.5,0.99676,10.6,2,1,2
red,1,9.9,1.7,0.9959,10.6,2,1,2
red,1,9.9,2,0.99534,11.4,2,1,2
red,1,9.9,2.4,0.9971,11.6,2,1,2
red,1,9.9,6.7,0.9986,11.7,2,1,2
red,1,9.9,2.2,0.99638,11.9,2,1,2
red,1,9.9,5,0.99484,12.5,2,1,2
red,1,10,6.2,0.99702,11.8,2,2,2
red,1,10.2,1.8,0.9982,10,2,2,2
red,1,10.2,1.9,0.9976,10,2,2,2
red,1,10.2,1.9,0.9976,10,2,2,2
red,1,10.2,1.9,0.99628,10.4,2,2,2
red,1,10,2.7,1,10,2,2,2
red,1,10,2.7,0.9984,10,2,2,2
red,1,10,2.2,0.9991,10.1,2,2,2
red,1,10,2.2,0.9991,10.1,2,2,2
red,1,10,2.2,0.9994,10.2,2,2,2
red,1,10,2.2,0.9994,10.2,2,2,2
red,1,10,2.6,0.99965,10.5,2,2,2
red,1,10,2.3,0.9966,11,2,2,2
red,1,10,2.7,0.9963,11.6,2,2,2
red,1,10,1.9,0.99451,11.8,2,2,2
red,1,10,3.4,0.9979,11.8,2,2,2
red,1,10,2,0.99585,12,2,2,2
red,1,10,2.9,0.99674,12.2,2,2,2
red,1,10.1,2.6,0.99834,10,2,2,2
red,1,10.1,1.8,0.9974,10.2,2,2,2
red,1,10.1,5.1,1.0026,10.4,2,2,2
red,1,10.1,2.4,0.99683,10.6,2,2,2
red,1,10.1,1.6,0.99672,11.2,2,2,2
red,1,10.1,3.4,1.001,11.3,2,2,2
red,1,10.1,2.4,0.99643,11.6,2,2,2
red,1,10.1,2.3,0.99531,12.5,2,2,2
red,1,10.2,2.4,0.9978,10.4,2,2,2
red,1,10.2,2.6,0.9976,10.5,2,2,2
red,1,10.2,2.5,0.99754,10.5,2,2,2
red,1,10.2,2.2,0.99728,10.8,2,2,2
red,1,10.2,2,0.99566,11.1,2,2,2
red,1,10.2,2.4,0.99565,11.8,2,2,2
red,1,10.2,4.1,0.99745,12,2,2,2
red,1,10.2,2.1,0.99458,12.1,2,2,2
red,1,10.2,2.9,0.998,12.5,2,2,2
red,1,10.2,2.9,0.998,12.5,2,2,2
red,1,10.2,2.9,0.9968,12.5,2,2,2
red,1,10.3,2,0.9982,11.5,2,2,2
red,1,10.3,4.5,0.998,11.5,2,2,2
red,1,10.3,1.4,0.99471,11.8,2,2,2
red,1,10.3,6.4,0.9976,12.6,2,2,2
red,1,10.3,2.1,0.9956,12.8,2,2,2
red,1,10.4,2.7,0.9994,10.3,2,2,2
red,1,10.4,1.8,0.9976,10.8,2,2,2
red,1,10.4,1.9,0.99724,10.9,2,2,2
red,1,10.4,1.9,0.99724,10.9,2,2,2
red,1,10.4,1.8,0.9977,11,2,2,2
red,1,10.4,2.8,0.9998,11.2,2,2,2
red,1,10.4,2.8,0.9998,11.2,2,2,2
red,1,10.4,3.7,0.997,11.3,2,2,2
red,1,10.4,2,0.99774,11.4,2,2,2
red,1,10.4,2,0.99774,11.4,2,2,2
red,1,10.4,2.3,0.996,11.4,2,2,2
red,1,10.4,2.1,0.99664,11.8,2,2,2
red,1,10.4,6.55,0.999,12,2,2,2
red,1,10.4,6.55,0.999,12,2,2,2
red,1,10.5,3.3,0.99798,10.5,2,2,2
red,1,10.5,1.8,0.9976,10.8,2,2,2
red,1,10.5,1.9,0.9976,10.9,2,2,2
red,1,10.5,2.1,0.9978,11,2,2,2
red,1,10.5,2.1,0.9978,11,2,2,2
red,1,10.5,2.2,0.99598,11.4,2,2,2
red,1,10.5,2.95,0.997,11.7,2,2,2
red,1,10.5,2.4,0.9973,11.8,2,2,2
red,1,10.5,2.4,0.9973,11.8,2,2,2
red,1,10.5,2.2,0.99638,12,2,2,2
red,1,10.6,3.2,0.9992,10,2,2,2
red,1,10.6,2.9,0.9984,10.1,2,2,2
red,1,10.6,2.8,0.9985,10.1,2,2,2
red,1,10.6,2.5,0.9987,10.7,2,2,2
red,1,10.6,2.6,0.99708,10.9,2,2,2
red,1,10.6,2.3,0.99676,11.1,2,2,2
red,1,10.6,2.7,0.9972,11.3,2,2,2
red,1,10.6,2.2,0.997,11.7,2,2,2
red,1,10.6,4.1,0.997,13.4,2,2,2
red,1,10.7,2.6,0.9972,11,2,2,2
red,1,10.7,2.6,0.9972,11,2,2,2
red,1,10.7,1.9,0.99674,11.2,2,2,2
red,1,10.7,2.6,0.99577,12.1,2,2,2
red,1,10.8,1.6,0.9985,10,2,2,2
red,1,10.8,2.6,0.99786,10.2,2,2,2
red,1,10.8,2.5,0.99818,10.8,2,2,2
red,1,10.8,2.5,0.99818,10.8,2,2,2
red,1,10.8,2.1,0.9982,10.8,2,2,2
red,1,10.8,1.6,0.99545,11.9,2,2,2
red,1,10.9,4,0.99935,10.1,2,2,2
red,1,10.9,1.8,0.99734,11.5,2,2,2
red,1,10.9,1.8,0.99734,11.5,2,2,2
red,1,10.9,4.6,1.0002,11.7,2,2,2
red,1,10.9,4.6,1.0002,11.7,2,2,2
red,1,10.9,2.8,0.9972,11.7,2,2,2
red,1,11,2,0.9979,10.5,2,2,2
red,1,11,2.1,0.998,10.5,2,2,2
red,1,11,2.55,0.997,11.8,2,2,2
red,1,11.1,1.5,0.9973,10.1,2,2,2
red,1,11.1,3.1,0.9986,10.5,2,2,2
red,1,11.1,2.7,0.9986,10.6,2,2,2
red,1,11.1,2.2,0.99572,10.9,2,2,2
red,1,11.1,2.2,0.99572,10.9,2,2,2
red,1,11.1,3.2,0.9986,11.2,2,2,2
red,1,11.1,2.65,0.99736,12.1,2,2,2
red,1,11.2,2.5,0.9993,11,2,2,2
red,1,11.2,5.15,0.9996,11.2,2,2,2
red,1,11.3,1.8,0.99734,10.5,2,2,2
red,1,11.3,2.4,0.99642,11.9,2,2,2
red,1,11.3,2.4,0.99642,11.9,2,2,2
red,1,11.3,5.2,0.9988,13.4,2,2,2
red,1,11.4,2.7,1.0006,10.2,2,2,2
red,1,11.4,2.7,0.9994,10.5,2,2,2
red,1,11.4,6.2,0.9988,13.3,2,2,2
red,1,11.5,2,0.9981,10.1,2,2,2
red,1,11.5,4,0.9996,10.1,2,2,2
red,1,11.5,4,0.9996,10.1,2,2,2
red,1,11.5,4,0.9996,10.1,2,2,2
red,1,11.5,2.6,0.99852,11,2,2,2
red,1,11.5,2.6,0.9988,11,2,2,2
red,1,11.5,2.6,0.9988,11,2,2,2
red,1,11.5,3,1.0001,11,2,2,2
red,1,11.5,3.3,1.0003,11,2,2,2
red,1,11.5,3,1.0003,11,2,2,2
red,1,11.5,4.4,0.9984,11.8,2,2,2
red,1,11.6,2.8,1.00024,10,2,2,2
red,1,11.6,1.4,0.99704,10.03333333,2,2,2
red,1,11.6,1.4,0.99704,10.03333333,2,2,2
red,1,11.6,2.1,0.998,10.2,2,2,2
red,1,11.6,2.8,1.0002,10.8,2,2,2
red,1,11.6,3.65,0.9978,11.5,2,2,2
red,1,11.7,1.7,0.99686,10.6,2,2,2
red,1,11.7,2.2,0.99974,10.9,2,2,2
red,1,11.8,1.8,0.9968,10.2,2,2,2
red,1,11.8,3.4,1.0002,10.7,2,2,2
red,1,11.8,2.1,0.9986,10.8,2,2,2
red,1,11.9,2.5,0.9992,10,2,2,2
red,1,11.9,1.9,0.998,10,2,2,2
red,1,11.9,2.7,1.0004,10.3,2,2,2
red,1,11.9,2.7,1.0004,10.3,2,2,2
red,1,11.9,2,0.9996,10.4,2,2,2
red,1,11.9,3.1,1,10.4,2,2,2
red,1,11.9,2.6,1.0006,10.7,2,2,2
red,1,11.9,2.8,0.9994,10.8,2,2,2
red,1,11.9,2.8,0.9994,10.8,2,2,2
red,1,11.9,2.15,0.9988,11.3,2,2,2
red,1,11.9,3.4,0.9992,12.2,2,2,2
red,1,11.9,2.3,0.9958,12.8,2,2,2
red,1,12,2,0.9997,10.3,2,2,2
red,1,12,1.4,0.99791,10.4,2,2,2
red,1,12,1.4,0.998,10.5,2,2,2
red,1,12,3,0.9996,10.8,2,2,2
red,1,12,2.1,0.99925,10.9,2,2,2
red,1,12,4.2,1.0004,13,2,2,2
red,1,12.1,2,1,10.2,2,2,2
red,1,12.2,1.4,0.9969,10.4,2,2,2
red,1,12.2,1.4,0.9969,10.4,2,2,2
red,1,12.2,2.6,1,10.5,2,2,2
red,1,12.3,3.1,0.9993,10.2,2,2,2
red,1,12.4,2.6,0.9994,10.4,2,2,2
red,1,12.4,3,1.0008,11.5,2,2,2
red,1,12.5,2,0.9988,10.2,2,2,2
red,1,12.5,2.6,0.9995,10.4,2,2,2
red,1,12.5,2.6,0.9996,10.5,2,2,2
red,1,12.5,2.4,0.9999,10.9,2,2,2
red,1,12.5,4.3,1.001,11.9,2,2,2
red,1,12.6,2.5,0.9992,10.3,2,2,2
red,1,12.6,2.8,0.99939,11.3,2,2,2
red,1,12.7,2.8,0.9994,11.4,2,2,2
red,1,12.7,2.8,0.9994,11.4,2,2,2
red,1,12.8,5.8,1.0022,10,2,2,2
red,1,12.8,5.8,1.0022,10,2,2,2
red,1,12.8,2.4,0.9997,10.4,2,2,2
red,1,12.8,2.6,0.9994,10.8,2,2,2
red,1,12.8,2.6,0.9994,10.8,2,2,2
red,1,12.9,2.8,1.00012,10.9,2,2,2
red,1,12.9,5.8,1.0014,12,2,2,2
red,1,13,2.6,0.9996,10.6,2,2,2
red,1,13,4.3,1.0021,12.7,2,2,2
red,1,13,4.3,1.0021,12.7,2,2,2
red,1,13.3,2.8,0.9986,11.4,2,2,2
red,1,13.5,4.8,1.0018,13,2,2,2
red,1,13.7,2.9,1.0014,10,2,2,2
red,1,13.7,2.9,1.0014,10,2,2,2
red,1,13.8,3,0.9986,12,2,2,2
red,1,14,3.8,1.0014,10.8,2,2,2
red,1,15.5,4.2,1.00315,11.1,2,2,2
red,1,15.5,4.2,1.00315,11.1,2,2,2
red,1,15.6,4.2,1.00315,11.1,2,2,2
red,1,15.6,3.7,1.0032,11.2,2,2,2
red,1,15.9,7.5,0.9976,14.9,2,2,2
red,1,5.7,1.5,0.994,9.8,1,1,1
red,1,5.9,1.7,0.99341,9.5,1,1,1
red,1,6,1.4,0.99448,9.5,1,1,1
red,1,6,1.4,0.99448,9.5,1,1,1
red,1,6,1.4,0.99448,9.5,1,1,1
red,1,6.4,3.9,0.99669,9.2,1,1,1
red,1,6.5,2,0.99554,9.4,1,1,1
red,1,6.6,4.3,0.99558,9.5,1,1,1
red,1,6.6,4.3,0.99558,9.5,1,1,1
red,1,6.8,1.8,0.99534,9.6,1,1,1
red,1,6.8,1.8,0.99529,9.6,1,1,1
red,1,7.1,2.35,0.99632,9.4,1,1,1
red,1,7.1,2,0.99694,9.4,1,1,1
red,1,7.1,2,0.99694,9.4,1,1,1
red,1,7.1,1.3,0.9942,9.8,1,1,1
red,1,7.2,2.7,0.9967,9.2,1,1,1
red,1,7.2,2.2,0.996,9.4,1,1,1
red,1,7.2,1.8,0.99587,9.5,1,1,1
red,1,7.2,1.8,0.99587,9.5,1,1,1
red,1,7.3,1.6,0.9956,9,1,1,1
red,1,7.3,7.2,0.9981,9.4,1,1,1
red,1,7.3,2,0.9961,9.5,1,1,1
red,1,7.3,2,0.9961,9.5,1,1,1
red,1,7.3,2.1,0.9966,9.6,1,1,1
red,1,7.4,7.3,0.9982,9.4,1,1,1
red,1,7.5,1.8,0.99499,9.2,1,1,1
red,1,7.5,4.1,0.99592,9.2,1,1,1
red,1,7.5,1.7,0.99494,9.3,1,1,1
red,1,7.5,2,0.99494,9.3,1,1,1
red,1,7.5,1.9,0.99672,9.7,1,1,1
red,1,7.6,2.3,0.9955,9.2,1,1,1
red,1,7.7,3.8,0.99664,9.3,1,1,1
red,1,7.7,1.6,0.9962,9.4,1,1,1
red,1,7.7,1.7,0.99596,9.4,1,1,1
red,1,7.7,1.7,0.99596,9.4,1,1,1
red,1,7.7,2.1,0.9962,9.5,1,1,1
red,1,7.7,1.9,0.9961,9.5,1,1,1
red,1,7.7,2.6,0.9976,9.7,1,1,1
red,1,7.7,1.7,0.99615,9.8,1,1,1
red,1,7.7,1.8,0.99565,9.8,1,1,1
red,1,7.7,2.2,0.9956,9.9,1,1,1
red,1,7.8,3.8,0.99668,9.2,1,1,1
red,1,7.8,1.6,0.996,9.5,1,1,1
red,1,7.8,1.6,0.995,9.8,1,1,1
red,1,7.8,1.6,0.995,9.8,1,1,1
red,1,7.9,1.8,0.9972,9.1,1,1,1
red,1,7.9,1.6,0.9964,9.4,1,1,1
red,1,8,3.4,0.99668,9.2,1,1,1
red,1,8,2.3,0.9976,9.4,1,1,1
red,1,8,2.3,0.9976,9.4,1,1,1
red,1,8,2,0.99652,9.8,1,1,1
red,1,8,2.1,0.99613,9.9,1,1,1
red,1,8,2.1,0.99613,9.9,1,1,1
red,1,8.1,3.3,0.99855,9.5,1,1,1
red,1,8.1,2.2,0.99678,9.6,1,1,1
red,1,8.1,2.5,0.99798,9.6,1,1,1
red,1,8.2,2.5,0.9978,9,1,1,1
red,1,8.2,2.3,0.9963,9.3,1,1,1
red,1,8.2,2.2,0.9978,9.6,1,1,1
red,1,8.4,2,0.9976,9.6,1,1,1
red,1,8.4,2,0.9976,9.6,1,1,1
red,1,8.4,1.7,0.99581,9.7,1,1,1
red,1,8.4,6,0.999,9.9,1,1,1
red,1,8.5,2.1,0.99733,9.2,1,1,1
red,1,8.5,2.1,0.9967,9.8,1,1,1
red,1,8.6,2.6,0.99782,9.4,1,1,1
red,1,8.6,2.4,0.9979,9.5,1,1,1
red,1,8.6,2.3,0.9979,9.9,1,1,1
red,1,8.7,3.2,0.9992,9.4,1,1,1
red,1,8.8,2.2,0.9988,9.1,1,1,1
red,1,8.8,2.2,0.9988,9.1,1,1,1
red,1,8.8,1.6,0.99694,9.4,1,1,1
red,1,8.8,1.8,0.99616,9.6,1,1,1
red,1,8.9,1.4,0.99554,9.1,1,1,1
red,1,8.9,2.5,0.99739,9.7,1,1,1
red,1,9.2,1.6,0.99576,9.9,1,1,1
red,1,9.3,2,0.99738,9.6,1,1,1
red,1,9.3,2,0.99738,9.6,1,1,1
red,1,9.8,2.3,0.998,9.4,1,1,1
red,1,5.2,1.8,0.9957,9.2,1,1,1
red,1,5.6,1.4,0.9954,9.2,1,1,1
red,1,5.6,1.6,0.9943,9.9,1,1,1
red,1,6.1,1.8,0.9955,9.4,1,1,1
red,1,6.2,1.6,0.9958,9.2,1,1,1
red,1,6.2,1.7,0.9969,9.3,1,1,1
red,1,6.2,1.6,0.9966,9.4,1,1,1
red,1,6.2,1.8,0.99633,9.5,1,1,1
red,1,6.3,1.4,0.9955,9.3,1,1,1
red,1,6.3,1.7,0.9954,9.4,1,1,1
red,1,6.4,1.6,0.9958,9.2,1,1,1
red,1,6.4,1.8,0.997,9.5,1,1,1
red,1,6.4,1.8,0.997,9.5,1,1,1
red,1,6.4,1.9,0.9974,9.8,1,1,1
red,1,6.4,1.8,0.99689,9.8,1,1,1
red,1,6.4,1.8,0.99689,9.8,1,1,1
red,1,6.4,1.8,0.99689,9.8,1,1,1
red,1,6.4,1.6,0.99689,9.8,1,1,1
red,1,6.5,1.9,0.9972,9.2,1,1,1
red,1,6.5,1.8,0.9955,9.3,1,1,1
red,1,6.5,2.4,0.99732,9.8,1,1,1
red,1,6.5,2.4,0.99732,9.8,1,1,1
red,1,6.6,2.1,0.9968,9.2,1,1,1
red,1,6.6,2.1,0.9957,9.3,1,1,1
red,1,6.6,2.2,0.9956,9.4,1,1,1
red,1,6.6,2.1,0.9955,9.4,1,1,1
red,1,6.6,2.1,0.99654,9.5,1,1,1
red,1,6.6,1.5,0.9952,9.8,1,1,1
red,1,6.6,7.9,0.9994,9.9,1,1,1
red,1,6.6,7.9,0.9994,9.9,1,1,1
red,1,6.7,1.8,0.9959,9.2,1,1,1
red,1,6.7,1.9,0.997,9.3,1,1,1
red,1,6.7,2.2,0.99524,9.7,1,1,1
red,1,6.7,2,0.9973,9.8,1,1,1
red,1,6.7,2,0.9973,9.8,1,1,1
red,1,6.8,1.9,0.9968,9.3,1,1,1
red,1,6.8,1.8,0.9971,9.3,1,1,1
red,1,6.8,1.6,0.99572,9.3,1,1,1
red,1,6.8,1.8,0.9962,9.5,1,1,1
red,1,6.8,2.1,0.9958,9.5,1,1,1
red,1,6.8,1.5,0.99525,9.5,1,1,1
red,1,6.8,3.8,0.9969,9.5,1,1,1
red,1,6.8,1.5,0.99545,9.5,1,1,1
red,1,6.8,1.7,0.9958,9.7,1,1,1
red,1,6.8,1.7,0.9958,9.7,1,1,1
red,1,6.8,1.9,0.99701,9.7,1,1,1
red,1,6.8,1.2,0.99471,9.8,1,1,1
red,1,6.8,1.8,0.9976,9.9,1,1,1
red,1,6.9,10.7,0.9993,9.4,1,1,1
red,1,6.9,3,0.9987,9.4,1,1,1
red,1,6.9,3,0.9987,9.4,1,1,1
red,1,6.9,2,0.99668,9.5,1,1,1
red,1,6.9,1.5,0.9958,9.5,1,1,1
red,1,6.9,2.1,0.99845,9.6,1,1,1
red,1,6.9,2.4,0.9968,9.7,1,1,1
red,1,6.9,1.9,0.99683,9.7,1,1,1
red,1,6.9,1.7,0.99547,9.8,1,1,1
red,1,6.9,1.9,0.99712,9.8,1,1,1
red,1,6.9,1.9,0.99712,9.8,1,1,1
red,1,6.9,2.3,0.9975,9.9,1,1,1
red,1,7,1.8,0.9978,9,1,1,1
red,1,7,1.8,0.9959,9.2,1,1,1
red,1,7,1.6,0.9961,9.2,1,1,1
red,1,7,1.6,0.99615,9.2,1,1,1
red,1,7,1.4,0.996,9.2,1,1,1
red,1,7,2,0.9963,9.2,1,1,1
red,1,7,1.5,0.9951,9.3,1,1,1
red,1,7,2,0.99565,9.4,1,1,1
red,1,7,2,0.99676,9.4,1,1,1
red,1,7,2.1,0.997,9.4,1,1,1
red,1,7,1.8,0.99588,9.5,1,1,1
red,1,7,2.7,0.998,9.5,1,1,1
red,1,7,2.1,0.9972,9.5,1,1,1
red,1,7,2.1,0.9972,9.5,1,1,1
red,1,7,2.1,0.9972,9.5,1,1,1
red,1,7,2.5,0.9969,9.6,1,1,1
red,1,7,1.9,0.99606,9.7,1,1,1
red,1,7,1.9,0.99636,9.7,1,1,1
red,1,7,2,0.9966,9.8,1,1,1
red,1,7,1.9,0.9979,9.9,1,1,1
red,1,7.1,1.8,0.997,9.1,1,1,1
red,1,7.1,2.2,0.9969,9.3,1,1,1
red,1,7.1,1.6,0.99592,9.3,1,1,1
red,1,7.1,1.9,0.9966,9.3,1,1,1
red,1,7.1,1.6,0.99693,9.4,1,1,1
red,1,7.1,1.9,0.9972,9.4,1,1,1
red,1,7.1,2,0.9963,9.4,1,1,1
red,1,7.1,1.8,0.99593,9.5,1,1,1
red,1,7.1,1.9,0.99685,9.5,1,1,1
red,1,7.1,3.9,0.9976,9.5,1,1,1
red,1,7.1,2.2,0.9965,9.5,1,1,1
red,1,7.1,2,0.99855,9.6,1,1,1
red,1,7.1,2.3,0.99744,9.7,1,1,1
red,1,7.1,2.3,0.99744,9.7,1,1,1
red,1,7.1,2.5,0.99745,9.7,1,1,1
red,1,7.1,1.8,0.99627,9.8,1,1,1
red,1,7.1,2.5,0.99746,9.8,1,1,1
red,1,7.1,2.6,0.99745,9.8,1,1,1
red,1,7.1,1.8,0.9972,9.9,1,1,1
red,1,7.1,1.8,0.9972,9.9,1,1,1
red,1,7.2,1.9,0.99675,9,1,1,1
red,1,7.2,1.9,0.99675,9,1,1,1
red,1,7.2,1.9,0.99675,9,1,1,1
red,1,7.2,1.9,0.99675,9.2,1,1,1
red,1,7.2,2,0.9972,9.2,1,1,1
red,1,7.2,2.5,0.9972,9.3,1,1,1
red,1,7.2,4,0.99641,9.4,1,1,1
red,1,7.2,2.1,0.997,9.4,1,1,1
red,1,7.2,2.1,0.997,9.4,1,1,1
red,1,7.2,2.7,0.99746,9.5,1,1,1
red,1,7.2,2.7,0.99746,9.5,1,1,1
red,1,7.2,2.5,0.99745,9.5,1,1,1
red,1,7.2,2.5,0.99745,9.5,1,1,1
red,1,7.2,1.8,0.9968,9.5,1,1,1
red,1,7.2,1.8,0.99685,9.5,1,1,1
red,1,7.2,1.8,0.99685,9.5,1,1,1
red,1,7.2,1.6,0.9972,9.6,1,1,1
red,1,7.2,2.1,0.99761,9.6,1,1,1
red,1,7.2,1.4,0.9973,9.6,1,1,1
red,1,7.2,1.4,0.9973,9.6,1,1,1
red,1,7.2,2.5,0.99746,9.7,1,1,1
red,1,7.2,2.6,0.99748,9.7,1,1,1
red,1,7.2,2.3,0.99743,9.7,1,1,1
red,1,7.2,2.3,0.99743,9.7,1,1,1
red,1,7.2,2.3,0.9993,9.7,1,1,1
red,1,7.2,2.2,0.99745,9.8,1,1,1
red,1,7.2,2,0.99609,9.9,1,1,1
red,1,7.2,2,0.99586,9.9,1,1,1
red,1,7.3,1.7,0.9962,9,1,1,1
red,1,7.3,2.5,0.998,9.2,1,1,1
red,1,7.3,1.8,0.99672,9.2,1,1,1
red,1,7.3,1.9,0.9967,9.3,1,1,1
red,1,7.3,2.4,0.9962,9.4,1,1,1
red,1,7.3,1.8,0.9969,9.4,1,1,1
red,1,7.3,1.7,0.9969,9.5,1,1,1
red,1,7.3,2.1,0.99768,9.5,1,1,1
red,1,7.3,2.1,0.99768,9.5,1,1,1
red,1,7.3,2.1,0.99705,9.7,1,1,1
red,1,7.3,1.7,0.99576,9.8,1,1,1
red,1,7.3,2,0.99584,9.9,1,1,1
red,1,7.3,2,0.9983,9.9,1,1,1
red,1,7.3,2,0.9983,9.9,1,1,1
red,1,7.4,4.4,0.9974,9,1,1,1
red,1,7.4,2,0.997,9.1,1,1,1
red,1,7.4,2,0.9972,9.2,1,1,1
red,1,7.4,2.2,0.9959,9.2,1,1,1
red,1,7.4,1.9,0.99702,9.2,1,1,1
red,1,7.4,1.9,0.9978,9.4,1,1,1
red,1,7.4,1.9,0.9978,9.4,1,1,1
red,1,7.4,1.8,0.9978,9.4,1,1,1
red,1,7.4,2,0.9957,9.4,1,1,1
red,1,7.4,5.4,0.99736,9.5,1,1,1
red,1,7.4,1.7,0.9968,9.5,1,1,1
red,1,7.4,1.6,0.996,9.5,1,1,1
red,1,7.4,5.2,0.99713,9.566666667,1,1,1
red,1,7.4,5.2,0.99713,9.6,1,1,1
red,1,7.4,1.8,0.9961,9.6,1,1,1
red,1,7.4,1.8,0.9961,9.6,1,1,1
red,1,7.4,2.6,0.99708,9.7,1,1,1
red,1,7.4,2.4,0.9979,9.7,1,1,1
red,1,7.4,2.1,0.99616,9.8,1,1,1
red,1,7.4,2.1,0.99616,9.8,1,1,1
red,1,7.4,2,0.99748,9.8,1,1,1
red,1,7.4,2,0.99748,9.8,1,1,1
red,1,7.4,1.8,0.9977,9.9,1,1,1
red,1,7.5,1.6,0.9978,9,1,1,1
red,1,7.5,3.7,0.99786,9.1,1,1,1
red,1,7.5,8.1,0.99892,9.2,1,1,1
red,1,7.5,8.1,0.99892,9.2,1,1,1
red,1,7.5,1.6,0.9965,9.4,1,1,1
red,1,7.5,5.1,0.9983,9.4,1,1,1
red,1,7.5,7,0.99915,9.4,1,1,1
red,1,7.5,1.9,0.9968,9.5,1,1,1
red,1,7.5,2.7,0.99938,9.5,1,1,1
red,1,7.5,2,0.9983,9.5,1,1,1
red,1,7.5,1.8,0.9964,9.5,1,1,1
red,1,7.5,1.5,0.9968,9.6,1,1,1
red,1,7.5,2.6,0.9972,9.6,1,1,1
red,1,7.5,1.9,0.9957,9.7,1,1,1
red,1,7.5,1.9,0.99612,9.8,1,1,1
red,1,7.5,1.9,0.99612,9.8,1,1,1
red,1,7.5,2,0.99616,9.8,1,1,1
red,1,7.5,2,0.99616,9.8,1,1,1
red,1,7.5,2.2,0.9963,9.8,1,1,1
red,1,7.6,1.9,0.99706,9,1,1,1
red,1,7.6,1.9,0.99706,9,1,1,1
red,1,7.6,3,0.9971,9.1,1,1,1
red,1,7.6,3.9,0.99784,9.1,1,1,1
red,1,7.6,2,0.998,9.1,1,1,1
red,1,7.6,1.3,0.9965,9.2,1,1,1
red,1,7.6,1.5,0.99655,9.3,1,1,1
red,1,7.6,2.3,0.9964,9.3,1,1,1
red,1,7.6,1.6,0.9968,9.3,1,1,1
red,1,7.6,2.2,0.9966,9.4,1,1,1
red,1,7.6,2.5,0.99785,9.4,1,1,1
red,1,7.6,1.8,0.9962,9.5,1,1,1
red,1,7.6,1.9,0.9971,9.5,1,1,1
red,1,7.6,1.7,0.99716,9.5,1,1,1
red,1,7.6,1.7,0.99716,9.5,1,1,1
red,1,7.6,2.1,0.99718,9.5,1,1,1
red,1,7.6,2.1,0.99718,9.5,1,1,1
red,1,7.6,2,0.9959,9.6,1,1,1
red,1,7.6,2.4,0.998,9.6,1,1,1
red,1,7.6,2.2,0.9964,9.7,1,1,1
red,1,7.6,2.2,0.9964,9.7,1,1,1
red,1,7.6,2.3,0.9982,9.7,1,1,1
red,1,7.6,2.5,0.9967,9.8,1,1,1
red,1,7.6,2.1,0.9958,9.9,1,1,1
red,1,7.7,2.7,0.9974,9.1,1,1,1
red,1,7.7,2.2,0.997,9.2,1,1,1
red,1,7.7,2.1,0.998,9.2,1,1,1
red,1,7.7,2.6,0.9975,9.3,1,1,1
red,1,7.7,2,0.9987,9.3,1,1,1
red,1,7.7,1.8,0.9968,9.3,1,1,1
red,1,7.7,2.4,0.9974,9.3,1,1,1
red,1,7.7,1.8,0.9968,9.4,1,1,1
red,1,7.7,2.1,0.9963,9.5,1,1,1
red,1,7.7,2.1,0.9963,9.5,1,1,1
red,1,7.7,3.8,0.9978,9.5,1,1,1
red,1,7.7,1.9,0.9967,9.5,1,1,1
red,1,7.7,1.9,0.9959,9.5,1,1,1
red,1,7.7,1.9,0.9966,9.6,1,1,1
red,1,7.7,1.9,0.9966,9.6,1,1,1
red,1,7.7,2.5,0.9971,9.6,1,1,1
red,1,7.7,1.5,0.99458,9.8,1,1,1
red,1,7.7,1.5,0.99458,9.8,1,1,1
red,1,7.7,3.5,0.9972,9.9,1,1,1
red,1,7.8,1.9,0.9984,9,1,1,1
red,1,7.8,1.9,0.9984,9,1,1,1
red,1,7.8,1.7,0.99656,9.1,1,1,1
red,1,7.8,1.6,0.9974,9.1,1,1,1
red,1,7.8,2.2,0.9974,9.2,1,1,1
red,1,7.8,2,0.9981,9.2,1,1,1
red,1,7.8,1.9,0.9981,9.2,1,1,1
red,1,7.8,1.8,0.99625,9.3,1,1,1
red,1,7.8,2.3,0.99735,9.3,1,1,1
red,1,7.8,1.7,0.9973,9.3,1,1,1
red,1,7.8,2,0.997,9.4,1,1,1
red,1,7.8,2,0.9968,9.4,1,1,1
red,1,7.8,2,0.9964,9.4,1,1,1
red,1,7.8,1.7,0.99659,9.4,1,1,1
red,1,7.8,2.7,0.9966,9.4,1,1,1
red,1,7.8,1.9,0.9974,9.4,1,1,1
red,1,7.8,2.1,0.9962,9.5,1,1,1
red,1,7.8,2,0.9962,9.5,1,1,1
red,1,7.8,2,0.9968,9.5,1,1,1
red,1,7.8,2.4,0.99655,9.5,1,1,1
red,1,7.8,1.7,0.9961,9.5,1,1,1
red,1,7.8,2.2,0.9971,9.5,1,1,1
red,1,7.8,1.8,0.9964,9.5,1,1,1
red,1,7.8,1.8,0.9964,9.5,1,1,1
red,1,7.8,5.5,0.9986,9.6,1,1,1
red,1,7.8,2,0.9964,9.8,1,1,1
red,1,7.8,2.3,0.997,9.8,1,1,1
red,1,7.8,2.6,0.9968,9.8,1,1,1
red,1,7.8,2.4,0.9974,9.8,1,1,1
red,1,7.8,1.8,0.996,9.8,1,1,1
red,1,7.9,1.6,0.9967,8.7,1,1,1
red,1,7.9,1.8,0.9969,9.2,1,1,1
red,1,7.9,1.7,0.99625,9.3,1,1,1
red,1,7.9,1.8,0.9963,9.3,1,1,1
red,1,7.9,2,0.996,9.4,1,1,1
red,1,7.9,2.6,0.9978,9.5,1,1,1
red,1,7.9,1.9,0.9964,9.5,1,1,1
red,1,7.9,2,0.9968,9.5,1,1,1
red,1,7.9,1.9,0.9968,9.5,1,1,1
red,1,7.9,1.9,0.9964,9.5,1,1,1
red,1,7.9,2.3,0.99686,9.5,1,1,1
red,1,7.9,2.3,0.99686,9.5,1,1,1
red,1,7.9,1.4,0.99569,9.5,1,1,1
red,1,7.9,2,0.99677,9.5,1,1,1
red,1,7.9,1.6,0.9966,9.5,1,1,1
red,1,7.9,1.6,0.9966,9.5,1,1,1
red,1,7.9,1.8,0.99727,9.5,1,1,1
red,1,7.9,1.8,0.9973,9.5,1,1,1
red,1,7.9,1.9,0.99668,9.6,1,1,1
red,1,7.9,2.1,0.9962,9.9,1,1,1
red,1,7.9,2.1,0.9962,9.9,1,1,1
red,1,7.9,2.2,0.9959,9.9,1,1,1
red,1,8,2,0.9972,9.2,1,1,1
red,1,8,2,0.9972,9.2,1,1,1
red,1,8,3.2,0.99675,9.3,1,1,1
red,1,8,3.2,0.9973,9.4,1,1,1
red,1,8,2,0.9968,9.4,1,1,1
red,1,8,2.6,0.9976,9.5,1,1,1
red,1,8,2.3,0.99688,9.5,1,1,1
red,1,8,2.3,0.99688,9.5,1,1,1
red,1,8,2.5,0.9976,9.6,1,1,1
red,1,8,2.5,0.99801,9.7,1,1,1
red,1,8,2.1,0.99656,9.8,1,1,1
red,1,8,1.8,0.99625,9.9,1,1,1
red,1,8.1,2.2,0.9972,9,1,1,1
red,1,8.1,1.9,0.9972,9,1,1,1
red,1,8.1,1.9,0.9972,9,1,1,1
red,1,8.1,2.2,0.9967,9.1,1,1,1
red,1,8.1,2.1,0.9967,9.2,1,1,1
red,1,8.1,2.1,0.9967,9.2,1,1,1
red,1,8.1,2,0.9969,9.3,1,1,1
red,1,8.1,1.7,0.9968,9.3,1,1,1
red,1,8.1,1.8,0.9968,9.4,1,1,1
red,1,8.1,1.8,0.9976,9.4,1,1,1
red,1,8.1,4.1,0.99854,9.6,1,1,1
red,1,8.1,2.1,0.9968,9.7,1,1,1
red,1,8.1,2.2,0.99656,9.8,1,1,1
red,1,8.1,2.2,0.99656,9.8,1,1,1
red,1,8.1,3.3,1.00025,9.8,1,1,1
red,1,8.2,2.6,0.9988,8.7,1,1,1
red,1,8.2,2.3,0.99685,9,1,1,1
red,1,8.2,2.3,0.99685,9,1,1,1
red,1,8.2,2,0.99747,9.1,1,1,1
red,1,8.2,2,0.99747,9.1,1,1,1
red,1,8.2,2.5,1.0002,9.3,1,1,1
red,1,8.2,2.9,0.9976,9.4,1,1,1
red,1,8.2,3.4,0.9976,9.4,1,1,1
red,1,8.2,2,0.9973,9.4,1,1,1
red,1,8.2,1.7,0.9968,9.5,1,1,1
red,1,8.2,1.7,0.9968,9.5,1,1,1
red,1,8.2,2,0.99764,9.5,1,1,1
red,1,8.2,1.5,0.9962,9.8,1,1,1
red,1,8.2,2.3,0.9979,9.8,1,1,1
red,1,8.3,2.9,0.9984,9.1,1,1,1
red,1,8.3,1.5,0.9972,9.1,1,1,1
red,1,8.3,2.1,0.9976,9.2,1,1,1
red,1,8.3,2.6,0.9984,9.2,1,1,1
red,1,8.3,2.6,0.9982,9.3,1,1,1
red,1,8.3,3.4,0.9976,9.4,1,1,1
red,1,8.3,2,0.9974,9.4,1,1,1
red,1,8.3,2,0.9974,9.4,1,1,1
red,1,8.3,2,0.9974,9.4,1,1,1
red,1,8.3,2.9,0.99803,9.5,1,1,1
red,1,8.3,2.9,0.99803,9.5,1,1,1
red,1,8.3,2.9,0.99803,9.5,1,1,1
red,1,8.3,1.8,0.998,9.5,1,1,1
red,1,8.3,2.4,0.9983,9.5,1,1,1
red,1,8.3,1.8,0.9968,9.5,1,1,1
red,1,8.3,1.8,0.9968,9.5,1,1,1
red,1,8.3,1.9,0.9972,9.6,1,1,1
red,1,8.3,1.4,0.9974,9.6,1,1,1
red,1,8.3,1.4,0.9974,9.6,1,1,1
red,1,8.3,2.2,0.99616,9.8,1,1,1
red,1,8.3,2.2,0.99616,9.8,1,1,1
red,1,8.3,2.3,0.9966,9.8,1,1,1
red,1,8.4,2.6,0.99801,9.1,1,1,1
red,1,8.4,2,0.997,9.1,1,1,1
red,1,8.4,1.8,0.9979,9.1,1,1,1
red,1,8.4,2.1,0.9973,9.2,1,1,1
red,1,8.4,2.2,0.99736,9.2,1,1,1
red,1,8.4,2.4,0.99735,9.4,1,1,1
red,1,8.4,1.9,0.9965,9.6,1,1,1
red,1,8.4,1.9,0.9965,9.6,1,1,1
red,1,8.4,2.2,0.9964,9.8,1,1,1
red,1,8.4,2.2,0.9964,9.8,1,1,1
red,1,8.4,2.7,0.99682,9.9,1,1,1
red,1,8.5,1.4,0.99702,9.2,1,1,1
red,1,8.5,6.1,1.001,9.3,1,1,1
red,1,8.5,2.3,0.9968,9.4,1,1,1
red,1,8.5,1.9,0.99634,9.4,1,1,1
red,1,8.5,2.8,0.998,9.6,1,1,1
red,1,8.5,2.25,0.998,9.8,1,1,1
red,1,8.6,2,0.9979,9,1,1,1
red,1,8.6,2.9,0.998,9.3,1,1,1
red,1,8.6,6.6,1.0014,9.3,1,1,1
red,1,8.6,1.8,0.99632,9.3,1,1,1
red,1,8.6,1.5,0.99666,9.4,1,1,1
red,1,8.6,1.5,0.99666,9.4,1,1,1
red,1,8.6,3,0.9976,9.4,1,1,1
red,1,8.6,3,0.997,9.4,1,1,1
red,1,8.6,1.6,0.99745,9.55,1,1,1
red,1,8.6,2,0.9972,9.8,1,1,1
red,1,8.6,2.6,0.9982,9.9,1,1,1
red,1,8.6,1.9,0.9972,9.9,1,1,1
red,1,8.6,1.9,0.9972,9.9,1,1,1
red,1,8.7,2.5,0.9991,9,1,1,1
red,1,8.7,2.5,0.9991,9,1,1,1
red,1,8.7,1.7,0.99623,9.2,1,1,1
red,1,8.7,1.7,0.99623,9.2,1,1,1
red,1,8.7,2.5,0.9976,9.3,1,1,1
red,1,8.7,2.5,0.9976,9.3,1,1,1
red,1,8.7,2.3,0.9963,9.4,1,1,1
red,1,8.7,1.6,0.9969,9.5,1,1,1
red,1,8.7,1.6,0.99745,9.55,1,1,1
red,1,8.7,2.5,0.99746,9.6,1,1,1
red,1,8.7,1.4,0.9954,9.7,1,1,1
red,1,8.7,1.2,0.9952,9.8,1,1,1
red,1,8.8,2.5,0.99823,9.2,1,1,1
red,1,8.8,2.5,0.9983,9.2,1,1,1
red,1,8.8,2.2,0.998,9.2,1,1,1
red,1,8.8,1.7,0.9971,9.2,1,1,1
red,1,8.8,2.8,0.9976,9.3,1,1,1
red,1,8.8,2.1,0.9975,9.3,1,1,1
red,1,8.8,2.9,0.99738,9.4,1,1,1
red,1,8.8,2.4,0.9969,9.5,1,1,1
red,1,8.8,2.4,0.9969,9.5,1,1,1
red,1,8.8,2.8,0.9982,9.5,1,1,1
red,1,8.8,2.7,0.9982,9.5,1,1,1
red,1,8.8,2.9,0.99818,9.6,1,1,1
red,1,8.8,2.9,0.9982,9.8,1,1,1
red,1,8.9,2.85,0.9982,9.2,1,1,1
red,1,8.9,3.8,0.9986,9.2,1,1,1
red,1,8.9,3.9,0.9986,9.2,1,1,1
red,1,8.9,7.9,0.9998,9.3,1,1,1
red,1,8.9,2,0.9972,9.3,1,1,1
red,1,8.9,1.7,0.9971,9.3,1,1,1
red,1,8.9,1.8,0.9968,9.4,1,1,1
red,1,8.9,1.6,0.99698,9.5,1,1,1
red,1,8.9,3,0.9998,9.5,1,1,1
red,1,8.9,2,0.9964,9.5,1,1,1
red,1,8.9,2,0.9971,9.7,1,1,1
red,1,9,2.8,0.9983,9.2,1,1,1
red,1,9,2.4,0.9978,9.2,1,1,1
red,1,9,2.9,0.9982,9.2,1,1,1
red,1,9,2.4,0.999,9.3,1,1,1
red,1,9,1.9,0.9975,9.4,1,1,1
red,1,9,2.7,0.9984,9.4,1,1,1
red,1,9,2.8,0.9984,9.4,1,1,1
red,1,9,1.9,0.9984,9.4,1,1,1
red,1,9,2.5,0.9987,9.5,1,1,1
red,1,9,2.8,0.99815,9.5,1,1,1
red,1,9,2,0.99769,9.6,1,1,1
red,1,9,2.6,0.9987,9.7,1,1,1
red,1,9,2.6,0.9987,9.7,1,1,1
red,1,9,2.8,0.99779,9.7,1,1,1
red,1,9,2.6,0.9984,9.8,1,1,1
red,1,9.1,2.6,0.9982,9.1,1,1,1
red,1,9.1,1.7,0.99652,9.1,1,1,1
red,1,9.1,1.3,0.9978,9.3,1,1,1
red,1,9.1,2.6,0.9994,9.4,1,1,1
red,1,9.1,2.6,0.9994,9.4,1,1,1
red,1,9.1,2.8,0.99888,9.5,1,1,1
red,1,9.1,2.4,0.9987,9.5,1,1,1
red,1,9.1,2.2,0.9976,9.6,1,1,1
red,1,9.1,3.2,0.99976,9.6,1,1,1
red,1,9.1,1.6,0.998,9.7,1,1,1
red,1,9.1,3.1,0.9998,9.7,1,1,1
red,1,9.2,2.6,0.99922,9.4,1,1,1
red,1,9.2,3.4,0.9996,9.4,1,1,1
red,1,9.2,3,0.99888,9.5,1,1,1
red,1,9.2,2.6,0.99788,9.5,1,1,1
red,1,9.2,3,0.998,9.5,1,1,1
red,1,9.2,2.4,0.9976,9.5,1,1,1
red,1,9.2,2.7,0.9988,9.6,1,1,1
red,1,9.2,3.3,0.9988,9.6,1,1,1
red,1,9.2,2.6,0.9998,9.8,1,1,1
red,1,9.3,2.5,0.9978,9.4,1,1,1
red,1,9.3,1.9,0.99708,9.5,1,1,1
red,1,9.3,1.9,0.99708,9.5,1,1,1
red,1,9.3,2.1,0.9978,9.5,1,1,1
red,1,9.3,3.4,0.99975,9.7,1,1,1
red,1,9.3,2,0.998,9.7,1,1,1
red,1,9.3,2.1,0.9966,9.9,1,1,1
red,1,9.4,2.2,0.998,9.2,1,1,1
red,1,9.4,2.4,0.9978,9.4,1,1,1
red,1,9.4,3.2,1.0001,9.7,1,1,1
red,1,9.4,2,0.9981,9.7,1,1,1
red,1,9.5,2.3,0.9978,9.4,1,1,1
red,1,9.5,2.3,0.99782,9.4,1,1,1
red,1,9.5,2,0.998,9.5,1,1,1
red,1,9.5,2.3,0.9992,9.5,1,1,1
red,1,9.5,2.3,0.9992,9.5,1,1,1
red,1,9.5,2.3,0.9982,9.6,1,1,1
red,1,9.6,2.4,0.9979,9.4,1,1,1
red,1,9.6,2.3,0.9997,9.7,1,1,1
red,1,9.6,2.3,0.9997,9.7,1,1,1
red,1,9.7,2.9,1.0004,9.4,1,1,1
red,1,9.7,2.5,0.9984,9.6,1,1,1
red,1,9.8,2,0.998,9.5,1,1,1
red,1,9.8,2.3,0.99864,9.7,1,1,1
red,1,9.8,2.5,0.99726,9.8,1,1,1
red,1,9.8,2.5,0.99729,9.8,1,1,1
red,1,9.9,3.5,1.0004,9,1,1,1
red,1,9.9,5.8,0.99878,9.4,1,1,1
red,1,9.9,2.4,0.9974,9.4,1,1,1
red,1,9.9,2.4,0.9974,9.4,1,1,1
red,1,9.9,2.3,0.9991,9.4,1,1,1
red,1,9.9,2.3,0.9991,9.4,1,1,1
red,1,9.9,2.3,0.9991,9.4,1,1,1
red,1,9.9,2.3,0.9982,9.5,1,1,1
red,1,9.9,2.3,0.9982,9.5,1,1,1
red,1,9.9,2.6,0.998,9.8,1,1,1
red,1,9.9,3.4,1.00015,9.8,1,1,1
red,1,9.9,3.4,1.00015,9.8,1,1,1
red,1,10,2.5,0.99918,9.4,1,2,1
red,1,10.2,2.2,0.99614,9.3,1,2,1
red,1,11.7,2.2,1,9.2,1,2,1
red,1,12.3,2.3,1.0004,9.5,1,2,1
red,1,12.3,2.3,1.0004,9.5,1,2,1
red,1,12.3,2.2,1.0002,9.6,1,2,1
red,1,12.3,2.2,1.0002,9.6,1,2,1
red,1,13.3,1.9,1.0004,9,1,2,1
red,1,10,1.6,0.99914,8.5,1,2,1
red,1,10,11,1.0015,9.2,1,2,1
red,1,10,11,1.0015,9.2,1,2,1
red,1,10,1.9,0.9974,9.5,1,2,1
red,1,10,2.2,0.9994,9.6,1,2,1
red,1,10,2.2,0.9994,9.6,1,2,1
red,1,10,2.9,1.0006,9.7,1,2,1
red,1,10.1,1.9,0.99774,9.3,1,2,1
red,1,10.1,2.3,0.9988,9.7,1,2,1
red,1,10.2,15.4,1.00369,9,1,2,1
red,1,10.2,15.4,1.00369,9,1,2,1
red,1,10.2,3.4,0.9971,9.6,1,2,1
red,1,10.3,2.5,0.9998,9.3,1,2,1
red,1,10.3,2.5,0.9998,9.3,1,2,1
red,1,10.3,2.8,0.9998,9.4,1,2,1
red,1,10.3,2.4,0.9994,9.5,1,2,1
red,1,10.3,2.4,0.9994,9.5,1,2,1
red,1,10.3,2.8,0.999,9.5,1,2,1
red,1,10.4,2.1,0.9994,8.4,1,2,1
red,1,10.4,2.6,1,9,1,2,1
red,1,10.4,2.7,0.9988,9.5,1,2,1
red,1,10.4,2.8,0.9998,9.9,1,2,1
red,1,10.4,1.5,0.99832,9.9,1,2,1
red,1,10.4,3.2,0.9996,9.9,1,2,1
red,1,10.4,3.2,0.9996,9.9,1,2,1
red,1,10.5,1.7,0.9982,9.4,1,2,1
red,1,10.5,2.1,0.9991,9.6,1,2,1
red,1,10.6,15.5,1.0026,9.2,1,2,1
red,1,10.6,2.2,0.9986,9.4,1,2,1
red,1,10.6,2.2,0.9986,9.4,1,2,1
red,1,10.6,2.2,0.9976,9.8,1,2,1
red,1,10.6,2.6,0.9981,9.9,1,2,1
red,1,10.7,6.6,1.00289,9.3,1,2,1
red,1,10.7,2,0.9981,9.5,1,2,1
red,1,10.7,2.2,0.9986,9.6,1,2,1
red,1,10.7,2.2,0.9986,9.6,1,2,1
red,1,10.7,2.1,0.998,9.7,1,2,1
red,1,10.7,2.7,1.0004,9.9,1,2,1
red,1,10.8,2.2,0.9984,9.3,1,2,1
red,1,10.8,2.2,0.9984,9.3,1,2,1
red,1,10.8,2.5,1.0001,9.5,1,2,1
red,1,10.8,3.3,0.9972,9.6,1,2,1
red,1,10.9,1.8,0.9982,9.8,1,2,1
red,1,10.9,1.8,0.9982,9.8,1,2,1
red,1,11.1,2.7,1.0001,9.5,1,2,1
red,1,11.2,2.3,1,9.5,1,2,1
red,1,11.2,1.9,0.998,9.8,1,2,1
red,1,11.3,2,0.9988,9.2,1,2,1
red,1,11.3,2,0.9988,9.2,1,2,1
red,1,11.3,2.3,0.9988,9.3,1,2,1
red,1,11.4,2.1,1,9.2,1,2,1
red,1,11.4,3.6,0.9986,9.3,1,2,1
red,1,11.5,2.1,0.9987,9.2,1,2,1
red,1,11.5,2.2,0.9982,9.8,1,2,1
red,1,11.6,2.2,1.0008,9,1,2,1
red,1,11.6,3.3,1.001,9.2,1,2,1
red,1,11.6,1.8,0.9981,9.9,1,2,1
red,1,11.6,1.5,0.99735,9.9,1,2,1
red,1,11.6,1.5,0.99735,9.9,1,2,1
red,1,11.6,1.6,0.99836,9.9,1,2,1
red,1,12,1.9,0.9976,9.9,1,2,1
red,1,12.2,2.4,1,9.2,1,2,1
red,1,12.4,2,0.9994,9.3,1,2,1
red,1,12.4,4.6,0.9978,9.5,1,2,1
red,1,12.5,4.5,0.9981,9.6,1,2,1
red,1,12.5,2.3,0.9997,9.8,1,2,1
red,1,12.6,2.6,1.001,9.8,1,2,1
red,1,12.6,2.2,0.9987,9.8,1,2,1
red,1,12.7,2.3,1,9.3,1,2,1
red,1,12.7,2.3,0.9997,9.9,1,2,1
red,1,13.2,2.2,1.0006,9,1,2,1
red,1,13.2,2.2,1.0006,9,1,2,1
red,1,13.2,2.7,1.0006,9.4,1,2,1
red,1,13.3,3.2,1.0014,9.5,1,2,1
red,1,13.4,2.6,1.0002,9.7,1,2,1
red,1,14.3,1.8,1.0008,8.4,1,2,1
red,1,15,2.2,1.00005,9.2,1,2,1
red,1,15,2.2,1.00005,9.2,1,2,1
white,2,3.8,11.1,0.99248,12.4,2,1,2
white,2,3.9,4.2,0.989,12.8,2,1,2
white,2,4.4,2.8,0.98816,13.1,2,1,2
white,2,4.8,1.2,0.99132,10.3,2,1,2
white,2,4.8,2.9,0.9902,11.3,2,1,2
white,2,4.8,1.1,0.99246,13.5,2,1,2
white,2,5,1.5,0.9917,10.7,2,1,2
white,2,5,1.5,0.9906,10.8,2,1,2
white,2,5,4.5,0.98956,12.6,2,1,2
white,2,5,3.7,0.9887,13,2,1,2
white,2,5,1.3,0.9874,13.5,2,1,2
white,2,5.1,8.3,0.99308,11,2,1,2
white,2,5.1,1,0.98956,11.5,2,1,2
white,2,5.1,6.8,0.99188,11.5,2,1,2
white,2,5.1,2.3,0.98944,12.2,2,1,2
white,2,5.1,1.6,0.9893,12.5,2,1,2
white,2,5.1,1.6,0.9893,12.5,2,1,2
white,2,5.2,1,0.99218,10.15,2,1,2
white,2,5.2,3.8,0.992,11.2,2,1,2
white,2,5.2,1.2,0.9902,11.7,2,1,2
white,2,5.2,1.4,0.9894,12.1,2,1,2
white,2,5.2,1.5,0.98942,13,2,1,2
white,2,5.3,1.3,0.9906,11,2,1,2
white,2,5.3,6.3,0.99186,11.6,2,1,2
white,2,5.3,10.5,0.99321,11.7,2,1,2
white,2,5.3,4.2,0.9905,11.8,2,1,2
white,2,5.4,1.6,0.99265,10,2,1,2
white,2,5.4,7.8,0.99432,10.4,2,1,2
white,2,5.4,4,0.99031,12.2,2,1,2
white,2,5.4,1.2,0.98895,12.4,2,1,2
white,2,5.4,6.4,0.98944,13.4,2,1,2
white,2,5.5,1.7,0.99224,10,2,1,2
white,2,5.5,1.7,0.99142,10.5,2,1,2
white,2,5.5,0.9,0.99026,11.2,2,1,2
white,2,5.5,1.2,0.9898,11.65,2,1,2
white,2,5.5,1.1,0.98869,12.8,2,1,2
white,2,5.5,1.7,0.98758,13.55,2,1,2
white,2,5.6,1.4,0.99174,10.2,2,1,2
white,2,5.6,10.2,0.9945,10.4,2,1,2
white,2,5.6,5.3,0.9923,10.5,2,1,2
white,2,5.6,7.1,0.9931,10.5,2,1,2
white,2,5.6,10.6,0.9947,10.7,2,1,2
white,2,5.6,6.9,0.99266,11.1,2,1,2
white,2,5.6,0.9,0.99026,11.2,2,1,2
white,2,5.6,4.5,0.9922,11.2,2,1,2
white,2,5.6,1,0.9902,11.4,2,1,2
white,2,5.6,4.8,0.9908,12.6,2,1,2
white,2,5.6,4.7,0.9906,12.7,2,1,2
white,2,5.6,1.7,0.98892,12.9,2,1,2
white,2,5.6,1.2,0.98823,13.05,2,1,2
white,2,5.7,1.2,0.9934,10.2,2,1,2
white,2,5.7,9,0.99474,10.4,2,1,2
white,2,5.7,11.4,0.99456,10.5,2,1,2
white,2,5.7,10.4,0.994,10.6,2,1,2
white,2,5.7,0.9,0.99074,10.6,2,1,2
white,2,5.7,1.4,0.9906,11,2,1,2
white,2,5.7,3.7,0.9913,11.2,2,1,2
white,2,5.7,3.7,0.9913,11.2,2,1,2
white,2,5.7,3.5,0.98999,12.1,2,1,2
white,2,5.7,1.3,0.98968,12.4,2,1,2
white,2,5.8,7,0.9949,10,2,1,2
white,2,5.8,14.95,0.9962,10.2,2,1,2
white,2,5.8,1.2,0.9908,11,2,1,2
white,2,5.8,1.4,0.9909,11.3,2,1,2
white,2,5.8,1,0.99044,11.4,2,1,2
white,2,5.8,3.5,0.98994,11.5,2,1,2
white,2,5.8,1,0.98993,11.7,2,1,2
white,2,5.8,3.5,0.9913,11.7,2,1,2
white,2,5.8,3.5,0.99057,11.7,2,1,2
white,2,5.8,1.5,0.9887,12,2,1,2
white,2,5.8,3.7,0.98994,12.3,2,1,2
white,2,5.8,1.4,0.98918,12.4,2,1,2
white,2,5.8,4,0.9896,12.8,2,1,2
white,2,5.9,1.3,0.99232,10,2,1,2
white,2,5.9,7.4,0.995,10.1,2,1,2
white,2,5.9,14.4,0.99666,10.3,2,1,2
white,2,5.9,1.4,0.99148,10.5,2,1,2
white,2,5.9,11.4,0.9949,10.5,2,1,2
white,2,5.9,2.4,0.99184,10.9,2,1,2
white,2,5.9,5.1,0.99165,11.3,2,1,2
white,2,5.9,5.4,0.99224,11.4,2,1,2
white,2,5.9,1.6,0.99105,11.4,2,1,2
white,2,5.9,7.85,0.9933,11.5,2,1,2
white,2,5.9,1.2,0.99134,11.5,2,1,2
white,2,5.9,1.3,0.99069,11.55,2,1,2
white,2,5.9,1.5,0.99021,12,2,1,2
white,2,5.9,6.4,0.99151,12.2,2,1,2
white,2,5.9,3.2,0.98959,12.6,2,1,2
white,2,5.9,8.1,0.9911,12.7,2,1,2
white,2,5.9,2,0.98892,12.9,2,1,2
white,2,5.9,2,0.98892,12.9,2,1,2
white,2,6,1.6,0.9931,10.1,2,1,2
white,2,6,1.6,0.9921,10.2,2,1,2
white,2,6,6.3,0.9946,10.4,2,1,2
white,2,6,8.7,0.99368,10.6,2,1,2
white,2,6,6.7,0.9951,10.6,2,1,2
white,2,6,0.8,0.99032,10.9,2,1,2
white,2,6,7.7,0.99224,11,2,1,2
white,2,6,0.8,0.99036,11,2,1,2
white,2,6,6.8,0.9928,11,2,1,2
white,2,6,1.3,0.9914,11.1,2,1,2
white,2,6,1.3,0.99125,11.1,2,1,2
white,2,6,1.2,0.99185,11.2,2,1,2
white,2,6,12.2,0.99356,11.3,2,1,2
white,2,6,3.3,0.9914,11.3,2,1,2
white,2,6,1.1,0.98954,11.5,2,1,2
white,2,6,0.9,0.98934,12.1,2,1,2
white,2,6,2.2,0.989465,12.15,2,1,2
white,2,6,6,0.9912,12.3,2,1,2
white,2,6,1,0.9896,12.3,2,1,2
white,2,6,1.4,0.98998,12.4,2,1,2
white,2,6,2.1,0.98964,12.5,2,1,2
white,2,6,1.1,0.98862,12.6,2,1,2
white,2,6,1.1,0.98862,12.6,2,1,2
white,2,6.1,9.8,0.99532,10.2,2,1,2
white,2,6.1,9.8,0.9957,10.2,2,1,2
white,2,6.1,2.2,0.9926,10.4,2,1,2
white,2,6.1,10.5,0.9963,10.5,2,1,2
white,2,6.1,1.4,0.99184,10.5,2,1,2
white,2,6.1,1.8,0.9945,10.5,2,1,2
white,2,6.1,12.1,0.99481,10.7,2,1,2
white,2,6.1,6,0.99474,10.7,2,1,2
white,2,6.1,10,0.994,10.9,2,1,2
white,2,6.1,7.75,0.99296,11,2,1,2
white,2,6.1,1.3,0.9912,11.1,2,1,2
white,2,6.1,6.6,0.99188,11.45,2,1,2
white,2,6.1,1.85,0.98966,11.8,2,1,2
white,2,6.1,1.85,0.98966,11.8,2,1,2
white,2,6.1,5,0.99007,12.4,2,1,2
white,2,6.1,1.5,0.9898,12.4,2,1,2
white,2,6.1,1.1,0.9898,12.5,2,1,2
white,2,6.1,4.7,0.99042,12.5,2,1,2
white,2,6.1,2.1,0.9895,12.7,2,1,2
white,2,6.1,2.1,0.9895,12.7,2,1,2
white,2,6.15,3.2,0.99076,12,2,1,2
white,2,6.2,8,0.99445,10.4,2,1,2
white,2,6.2,4.9,0.9927,10.4,2,1,2
white,2,6.2,3.4,0.9924,10.4,2,1,2
white,2,6.2,16.8,0.99691,10.5,2,1,2
white,2,6.2,2.2,0.9917,10.5,2,1,2
white,2,6.2,10.3,0.99388,10.7,2,1,2
white,2,6.2,1.4,0.9909,11.2,2,1,2
white,2,6.2,5.25,0.99184,11.2,2,1,2
white,2,6.2,5.25,0.99184,11.2,2,1,2
white,2,6.2,1.7,0.9911,11.2,2,1,2
white,2,6.2,4.8,0.99174,11.2,2,1,2
white,2,6.2,6,0.9928,11.3,2,1,2
white,2,6.2,4.5,0.9919,11.6,2,1,2
white,2,6.2,11.8,0.99364,11.9,2,1,2
white,2,6.2,3.2,0.98956,12,2,1,2
white,2,6.2,1.1,0.9899,12.1,2,1,2
white,2,6.2,1.1,0.9889,12.2,2,1,2
white,2,6.2,6.6,0.9914,12.5,2,1,2
white,2,6.2,2.2,0.9899,12.7,2,1,2
white,2,6.2,2,0.98822,13.6,2,1,2
white,2,6.3,13.7,0.99567,10.6,2,1,2
white,2,6.3,4,0.9915,10.7,2,1,2
white,2,6.3,12.7,0.99526,10.8,2,1,2
white,2,6.3,11.8,0.99519,10.8,2,1,2
white,2,6.3,5.7,0.9927,11,2,1,2
white,2,6.3,4.2,0.99182,11.3,2,1,2
white,2,6.3,5.1,0.99186,11.3,2,1,2
white,2,6.3,6.3,0.9921,11.6,2,1,2
white,2,6.3,6.3,0.9921,11.6,2,1,2
white,2,6.3,8.2,0.99394,11.7,2,1,2
white,2,6.3,1.8,0.9906,11.8,2,1,2
white,2,6.3,2.8,0.9908,11.8,2,1,2
white,2,6.3,7.3,0.99172,11.94,2,1,2
white,2,6.3,1.2,0.9911,12.2,2,1,2
white,2,6.3,1.5,0.98876,12.3,2,1,2
white,2,6.3,1.5,0.98993,12.3,2,1,2
white,2,6.3,2.5,0.98868,12.8,2,1,2
white,2,6.4,7.9,0.99425,10,2,1,2
white,2,6.4,7.5,0.99475,10,2,1,2
white,2,6.4,5.1,0.9944,10.1,2,1,2
white,2,6.4,5.7,0.9944,10.1,2,1,2
white,2,6.4,1.8,0.99166,10.2,2,1,2
white,2,6.4,1.8,0.99166,10.2,2,1,2
white,2,6.4,2.8,0.99152,10.4,2,1,2
white,2,6.4,17.05,0.99724,10.5,2,1,2
white,2,6.4,5.3,0.99455,10.5,2,1,2
white,2,6.4,16.05,0.99678,10.6,2,1,2
white,2,6.4,1.1,0.9905,10.8,2,1,2
white,2,6.4,1,0.9904,10.8,2,1,2
white,2,6.4,9.65,0.99334,10.93333333,2,1,2
white,2,6.4,9.1,0.99326,11,2,1,2
white,2,6.4,4.6,0.99216,11,2,1,2
white,2,6.4,5.9,0.99278,11,2,1,2
white,2,6.4,4.6,0.99216,11,2,1,2
white,2,6.4,7.4,0.99323,11.1,2,1,2
white,2,6.4,10.8,0.99356,11.2,2,1,2
white,2,6.4,8.2,0.99234,11.4,2,1,2
white,2,6.4,1.2,0.99084,11.5,2,1,2
white,2,6.4,0.95,0.99033,11.8,2,1,2
white,2,6.4,1.9,0.99,11.8,2,1,2
white,2,6.4,5.85,0.992,12,2,1,2
white,2,6.5,1.4,0.9932,10,2,1,2
white,2,6.5,12.9,0.9967,10,2,1,2
white,2,6.5,1.3,0.9937,10,2,1,2
white,2,6.5,1.5,0.99092,10.5,2,1,2
white,2,6.5,8.5,0.9943,10.7,2,1,2
white,2,6.5,11.45,0.99418,10.9,2,1,2
white,2,6.5,7.3,0.99268,11,2,1,2
white,2,6.5,6.65,0.99254,11.1,2,1,2
white,2,6.5,1.4,0.99199,11.1,2,1,2
white,2,6.5,4.8,0.992,11.2,2,1,2
white,2,6.5,1,0.9908,11.4,2,1,2
white,2,6.5,14.5,0.99456,11.5,2,1,2
white,2,6.5,3.9,0.99098,11.5,2,1,2
white,2,6.5,3.5,0.99024,12,2,1,2
white,2,6.5,2.9,0.9902,12.1,2,1,2
white,2,6.5,6.1,0.99122,12.2,2,1,2
white,2,6.5,1,0.99004,12.2,2,1,2
white,2,6.5,1,0.98926,12.3,2,1,2
white,2,6.5,1.3,0.98964,12.3,2,1,2
white,2,6.5,11.25,0.9922,12.4,2,1,2
white,2,6.5,2.2,0.9898,12.5,2,1,2
white,2,6.5,1.95,0.989,12.9,2,1,2
white,2,6.6,7.4,0.99388,10,2,1,2
white,2,6.6,1.5,0.99208,10,2,1,2
white,2,6.6,10.9,0.9963,10,2,1,2
white,2,6.6,1.3,0.9951,10,2,1,2
white,2,6.6,1.7,0.99207,10.2,2,1,2
white,2,6.6,1.7,0.99207,10.2,2,1,2
white,2,6.6,3,0.99338,10.4,2,1,2
white,2,6.6,1.4,0.99215,10.7,2,1,2
white,2,6.6,1.4,0.9915,10.9,2,1,2
white,2,6.6,5.6,0.99299,11,2,1,2
white,2,6.6,2.9,0.99089,11.3,2,1,2
white,2,6.6,5.35,0.99112,11.5,2,1,2
white,2,6.6,2.5,0.9906,11.9,2,1,2
white,2,6.6,9.4,0.99254,12.1,2,1,2
white,2,6.6,3.3,0.99031,12.3,2,1,2
white,2,6.6,2.2,0.99,12.4,2,1,2
white,2,6.6,0.8,0.9888,12.5,2,1,2
white,2,6.7,1.3,0.9921,10,2,1,2
white,2,6.7,1.4,0.99206,10.1,2,1,2
white,2,6.7,6.5,0.99348,10.2,2,1,2
white,2,6.7,8.6,0.9955,10.2,2,1,2
white,2,6.7,3.6,0.99144,10.5,2,1,2
white,2,6.7,1.8,0.9925,10.8,2,1,2
white,2,6.7,10.2,0.99469,10.9,2,1,2
white,2,6.7,2.6,0.99086,11.7,2,1,2
white,2,6.7,2.5,0.9909,11.7,2,1,2
white,2,6.7,2.4,0.99064,11.7,2,1,2
white,2,6.7,6.6,0.99123,12.2,2,1,2
white,2,6.7,5.3,0.99122,12.2,2,1,2
white,2,6.7,9.55,0.9919,12.4,2,1,2
white,2,6.7,8.3,0.99151,12.5,2,1,2
white,2,6.7,9,0.99262,12.6,2,1,2
white,2,6.7,1.3,0.98939,12.8,2,1,2
white,2,6.7,1,0.98912,13,2,1,2
white,2,6.7,2.9,0.98926,13,2,1,2
white,2,6.7,4.75,0.99056,13,2,1,2
white,2,6.8,1.3,0.992,10,2,1,2
white,2,6.8,1.3,0.99271,10.2,2,1,2
white,2,6.8,8.9,0.9955,10.3,2,1,2
white,2,6.8,9.3,0.9946,10.4,2,1,2
white,2,6.8,1.5,0.9928,10.5,2,1,2
white,2,6.8,4.7,0.9927,10.6,2,1,2
white,2,6.8,26.05,1.00295,10.6,2,1,2
white,2,6.8,1.2,0.9916,10.7,2,1,2
white,2,6.8,7.6,0.99332,10.7,2,1,2
white,2,6.8,1.6,0.99346,10.7,2,1,2
white,2,6.8,9.8,0.99406,10.9,2,1,2
white,2,6.8,7.05,0.9935,11.1,2,1,2
white,2,6.8,0.7,0.9899,11.8,2,1,2
white,2,6.8,5.1,0.9921,11.8,2,1,2
white,2,6.8,7.4,0.99212,12,2,1,2
white,2,6.8,2.4,0.9911,12,2,1,2
white,2,6.8,20.3,0.99727,12.3,2,1,2
white,2,6.8,3.3,0.9896,12.4,2,1,2
white,2,6.8,4,0.99,12.4,2,1,2
white,2,6.8,4.8,0.99026,12.4,2,1,2
white,2,6.8,7.8,0.9915,12.5,2,1,2
white,2,6.8,1.8,0.99,12.8,2,1,2
white,2,6.8,6.2,0.99071,12.9,2,1,2
white,2,6.8,1.9,0.99,12.9,2,1,2
white,2,6.8,5.7,0.99,13,2,1,2
white,2,6.8,1.2,0.9889,13,2,1,2
white,2,6.9,13.3,0.99655,10.1,2,1,2
white,2,6.9,8.2,0.9944,10.2,2,1,2
white,2,6.9,5.4,0.9939,10.2,2,1,2
white,2,6.9,0.9,0.992,10.4,2,1,2
white,2,6.9,4.4,0.99347,10.4,2,1,2
white,2,6.9,7.9,0.99456,10.5,2,1,2
white,2,6.9,2.1,0.9926,10.8,2,1,2
white,2,6.9,1.4,0.99059,11.1,2,1,2
white,2,6.9,5,0.9924,11.2,2,1,2
white,2,6.9,1.6,0.99068,11.4,2,1,2
white,2,6.9,4.2,0.99089,11.5,2,1,2
white,2,6.9,4.2,0.99089,11.5,2,1,2
white,2,6.9,13.8,0.9948,11.6,2,1,2
white,2,6.9,2.4,0.99088,11.7,2,1,2
white,2,6.9,1.6,0.9917,11.7,2,1,2
white,2,6.9,2,0.9914,12.2,2,1,2
white,2,6.9,5,0.99124,12.2,2,1,2
white,2,6.9,8.2,0.99275,12.2,2,1,2
white,2,6.9,8.2,0.99144,12.3,2,1,2
white,2,6.9,1.6,0.9898,12.3,2,1,2
white,2,6.9,1.8,0.98992,12.3,2,1,2
white,2,6.9,6.1,0.99086,12.4,2,1,2
white,2,6.9,4.2,0.9902,12.5,2,1,2
white,2,6.9,4.2,0.9902,12.5,2,1,2
white,2,6.9,1.8,0.9899,12.6,2,1,2
white,2,7,1.7,0.9918,10.4,2,1,2
white,2,7,1.7,0.9918,10.4,2,1,2
white,2,7,1.6,0.9914,10.5,2,1,2
white,2,7,1.6,0.9923,10.5,2,1,2
white,2,7,4,0.9934,10.6,2,1,2
white,2,7,4.9,0.9942,10.8,2,1,2
white,2,7,4.9,0.9928,10.8,2,1,2
white,2,7,5.7,0.9938,10.8,2,1,2
white,2,7,0.9,0.9914,10.9,2,1,2
white,2,7,19.8,0.9976,11,2,1,2
white,2,7,8.8,0.99388,11,2,1,2
white,2,7,1.4,0.9918,11.1,2,1,2
white,2,7,6.5,0.9936,11.4,2,1,2
white,2,7,10.5,0.9935,11.6,2,1,2
white,2,7,1.7,0.9911,11.8,2,1,2
white,2,7,6.4,0.9924,11.8,2,1,2
white,2,7,4.2,0.9927,11.8,2,1,2
white,2,7,1.4,0.99,11.9,2,1,2
white,2,7,12.8,0.9942,12.2,2,1,2
white,2,7,5.3,0.9914,12.2,2,1,2
white,2,7,4.9,0.99168,12.2,2,1,2
white,2,7,2.8,0.99,12.6,2,1,2
white,2,7.1,6.1,0.9946,10,2,1,2
white,2,7.1,9.9,0.99642,10.2,2,1,2
white,2,7.1,1.4,0.9916,10.5,2,1,2
white,2,7.1,6.2,0.993,10.9,2,1,2
white,2,7.1,2,0.9924,11,2,1,2
white,2,7.1,16.2,0.99644,11.2,2,1,2
white,2,7.1,2.4,0.9903,11.4,2,1,2
white,2,7.1,2,0.9917,11.4,2,1,2
white,2,7.1,12.5,0.9941,11.6,2,1,2
white,2,7.1,8.4,0.99257,11.8,2,1,2
white,2,7.1,1.6,0.9901,12.1,2,1,2
white,2,7.1,1,0.98974,12.2,2,1,2
white,2,7.1,8.5,0.99338,12.2,2,1,2
white,2,7.1,1.8,0.9907,12.2,2,1,2
white,2,7.1,3.3,0.9912,12.3,2,1,2
white,2,7.1,3,0.9903,12.3,2,1,2
white,2,7.1,2.8,0.9899,12.7,2,1,2
white,2,7.1,2.8,0.98968,13.4,2,1,2
white,2,7.1,6.2,0.99021,13.6,2,1,2
white,2,7.2,1.8,0.9948,10,2,1,2
white,2,7.2,1.3,0.9945,10.2,2,1,2
white,2,7.2,1.5,0.99192,10.4,2,1,2
white,2,7.2,1.5,0.9933,10.5,2,1,2
white,2,7.2,10.5,0.99478,10.6,2,1,2
white,2,7.2,1.4,0.9914,10.8,2,1,2
white,2,7.2,1.1,0.9925,10.8,2,1,2
white,2,7.2,15.2,0.99665,10.9,2,1,2
white,2,7.2,1.6,0.9924,10.9,2,1,2
white,2,7.2,1.6,0.992,11,2,1,2
white,2,7.2,1.2,0.9917,11.1,2,1,2
white,2,7.2,7.6,0.9928,11.5,2,1,2
white,2,7.2,12.6,0.9942,11.7,2,1,2
white,2,7.2,1.2,0.98914,12.5,2,1,2
white,2,7.2,5.1,0.991,12.6,2,1,2
white,2,7.2,2.2,0.99075,12.6,2,1,2
white,2,7.2,1.2,0.98892,12.7,2,1,2
white,2,7.2,1,0.99,12.7,2,1,2
white,2,7.3,2,0.9932,10.5,2,1,2
white,2,7.3,1.4,0.99244,10.7,2,1,2
white,2,7.3,5.2,0.9952,10.7,2,1,2
white,2,7.3,1.6,0.99178,10.7,2,1,2
white,2,7.3,9.4,0.9939,11,2,1,2
white,2,7.3,1.2,0.9918,11.3,2,1,2
white,2,7.3,6.4,0.9942,11.5,2,1,2
white,2,7.3,1,0.99,11.7,2,1,2
white,2,7.3,6.85,0.992,11.9,2,1,2
white,2,7.3,2.1,0.99085,11.9,2,1,2
white,2,7.3,2.3,0.99044,12,2,1,2
white,2,7.3,5.2,0.9925,12.4,2,1,2
white,2,7.3,1.8,0.9912,12.6,2,1,2
white,2,7.3,1.1,0.991,12.7,2,1,2
white,2,7.3,1.8,0.98889,13,2,1,2
white,2,7.4,7.9,0.9942,10.4,2,1,2
white,2,7.4,2.05,0.992,10.8,2,1,2
white,2,7.4,6,0.99304,11.3,2,1,2
white,2,7.4,3.7,0.9915,11.4,2,1,2
white,2,7.4,1.4,0.99136,11.43333333,2,1,2
white,2,7.4,5.25,0.9926,11.6,2,1,2
white,2,7.4,1.9,0.9892,12.5,2,1,2
white,2,7.4,2,0.99055,12.5,2,1,2
white,2,7.5,1.9,0.9941,10.3,2,1,2
white,2,7.5,11.1,0.9962,10.5,2,1,2
white,2,7.5,4.6,0.9927,10.6,2,1,2
white,2,7.5,7.1,0.99397,10.6,2,1,2
white,2,7.5,1.2,0.9931,10.7,2,1,2
white,2,7.5,6.5,0.99276,10.9,2,1,2
white,2,7.5,9.9,0.99567,10.9,2,1,2
white,2,7.5,2.6,0.9923,11.1,2,1,2
white,2,7.5,1.7,0.9916,11.5,2,1,2
white,2,7.5,1.6,0.99044,11.9,2,1,2
white,2,7.5,19.5,0.9977,12,2,1,2
white,2,7.5,4.6,0.99085,12,2,1,2
white,2,7.5,6,0.9924,12,2,1,2
white,2,7.6,1.6,0.99288,10,2,1,2
white,2,7.6,8.3,0.9958,10.2,2,1,2
white,2,7.6,1.9,0.9941,10.4,2,1,2
white,2,7.6,10.6,0.9962,10.5,2,1,2
white,2,7.6,2.6,0.9941,10.8,2,1,2
white,2,7.6,9.2,0.9938,11,2,1,2
white,2,7.6,8.8,0.99442,11,2,1,2
white,2,7.6,2.5,0.99178,11.1,2,1,2
white,2,7.6,1.3,0.9908,11.3,2,1,2
white,2,7.6,1.1,0.9907,11.4,2,1,2
white,2,7.6,14,0.9958,11.8,2,1,2
white,2,7.6,5,0.99084,12.4,2,1,2
white,2,7.6,4.6,0.99018,13.1,2,1,2
white,2,7.7,1.3,0.9932,10.1,2,1,2
white,2,7.7,4.3,0.9939,10.2,2,1,2
white,2,7.7,1.6,0.9919,11,2,1,2
white,2,7.7,1.9,0.9922,11.8,2,1,2
white,2,7.7,19.6,0.9973,12,2,1,2
white,2,7.7,4.3,0.99152,12,2,1,2
white,2,7.7,1.2,0.99084,12.1,2,1,2
white,2,7.7,1.8,0.9911,12.1,2,1,2
white,2,7.7,5.3,0.992,12.2,2,1,2
white,2,7.7,2,0.9906,12.9,2,1,2
white,2,7.8,7,0.9952,10,2,1,2
white,2,7.8,11.9,0.9959,10.3,2,1,2
white,2,7.8,1.6,0.9927,10.5,2,1,2
white,2,7.8,1.7,0.993,10.5,2,1,2
white,2,7.8,1,0.9938,10.8,2,1,2
white,2,7.8,1.8,0.9914,10.9,2,1,2
white,2,7.8,5,0.99186,11,2,1,2
white,2,7.8,7.4,0.99278,11,2,1,2
white,2,7.8,3.2,0.9919,11.3,2,1,2
white,2,7.8,1,0.99128,11.4,2,1,2
white,2,7.8,1.3,0.9904,12,2,1,2
white,2,7.8,1.8,0.9908,12.1,2,1,2
white,2,7.9,3.8,0.993,10.5,2,1,2
white,2,7.9,5.2,0.9953,10.6,2,1,2
white,2,7.9,6.7,0.99362,10.7,2,1,2
white,2,7.9,5.3,0.9918,11.8,2,1,2
white,2,7.9,1,0.99093,11.9,2,1,2
white,2,8,9.4,0.9964,10,2,1,2
white,2,8,9,0.998,10,2,1,2
white,2,8,5.2,0.9953,10.6,2,1,2
white,2,8,7.1,0.9959,10.6,2,1,2
white,2,8,1.2,0.9929,10.9,2,1,2
white,2,8,9.7,0.99406,11.2,2,1,2
white,2,8,1.1,0.99044,11.2,2,1,2
white,2,8,10.8,0.9957,11.4,2,1,2
white,2,8,10.8,0.9957,11.4,2,1,2
white,2,8,10,0.99457,11.6,2,1,2
white,2,8,4.6,0.9928,12,2,1,2
white,2,8,7.7,0.9935,12.2,2,1,2
white,2,8,1.2,0.99002,12.4,2,1,2
white,2,8.1,9.7,0.997,10,2,1,2
white,2,8.1,11,0.99676,10,2,1,2
white,2,8.1,6.9,0.9951,10.1,2,1,2
white,2,8.1,7.1,0.9944,10.8,2,1,2
white,2,8.1,0.9,0.99062,11.1,2,1,2
white,2,8.1,8.1,0.9943,11.2,2,1,2
white,2,8.1,4.3,0.99212,11.2,2,1,2
white,2,8.1,1.7,0.9923,11.2,2,1,2
white,2,8.1,7.9,0.99176,13.3,2,1,2
white,2,8.2,1.3,0.9928,10,2,1,2
white,2,8.2,8.5,0.9952,10.1,2,1,2
white,2,8.2,0.9,0.9928,10.4,2,1,2
white,2,8.2,6.8,0.9944,10.5,2,1,2
white,2,8.2,1,0.9928,10.9,2,1,2
white,2,8.2,3.5,0.9928,11.5,2,1,2
white,2,8.2,1,0.9906,11.7,2,1,2
white,2,8.2,7.6,0.9939,12,2,1,2
white,2,8.2,4.1,0.9911,12.8,2,1,2
white,2,8.3,1.7,0.9938,10.1,2,1,2
white,2,8.3,1.1,0.9927,10.2,2,1,2
white,2,8.3,2.5,0.9944,10.7,2,1,2
white,2,8.3,8.8,0.9956,11.05,2,1,2
white,2,8.3,3.2,0.9928,11.5,2,1,2
white,2,8.3,4.45,0.9924,12.2,2,1,2
white,2,8.4,7.4,0.9934,11.9,2,1,2
white,2,8.5,14.9,0.9982,10,2,1,2
white,2,8.5,1.5,0.9932,10.3,2,1,2
white,2,8.5,1.1,0.99194,10.5,2,1,2
white,2,8.5,9.25,0.9945,11.4,2,1,2
white,2,8.5,9.25,0.9945,11.4,2,1,2
white,2,8.6,0.8,0.99104,11.1,2,1,2
white,2,8.6,4.1,0.9918,12.4,2,1,2
white,2,8.7,0.6,0.9926,10.6,2,1,2
white,2,8.7,4.8,0.99474,11.2,2,1,2
white,2,8.8,1.1,0.9926,10.4,2,1,2
white,2,8.8,10.3,0.99571,10.7,2,1,2
white,2,8.8,5,0.9925,11.4,2,1,2
white,2,8.9,1.2,0.99244,11.5,2,1,2
white,2,8.9,4.6,0.99458,11.5,2,1,2
white,2,8.9,4.6,0.99458,11.5,2,1,2
white,2,8.9,0.8,0.98984,12.4,2,1,2
white,2,9,5.9,0.995,10.2,2,1,2
white,2,9,4.9,0.9932,11.3,2,1,2
white,2,9.1,2,0.9958,10.1,2,1,2
white,2,9.1,2,0.9958,10.1,2,1,2
white,2,9.2,11.8,0.998,10.1,2,1,2
white,2,9.2,6.2,0.9948,10.1,2,1,2
white,2,9.2,0.9,0.9924,10.4,2,1,2
white,2,9.2,1.6,0.9948,10.4,2,1,2
white,2,9.2,1,0.9922,10.5,2,1,2
white,2,9.2,1.2,0.9916,11.3,2,1,2
white,2,9.4,10.7,0.9958,10.6,2,1,2
white,2,9.4,6.5,0.99479,10.6,2,1,2
white,2,9.6,1.3,0.9938,10.5,2,1,2
white,2,9.6,1.5,0.9937,10.9,2,1,2
white,2,9.8,9.85,0.9958,10,2,1,2
white,2,4.2,1.8,0.98999,12,2,1,2
white,2,5,2.2,0.99098,11.7,2,1,2
white,2,5,11.8,0.99322,11.8,2,1,2
white,2,5,8.3,0.9918,12.5,2,1,2
white,2,5.1,1.75,0.99,12.33333333,2,1,2
white,2,5.2,1.6,0.98975,11.9,2,1,2
white,2,5.3,1,0.99156,10.6,2,1,2
white,2,5.3,7.4,0.99313,11,2,1,2
white,2,5.3,1.3,0.99082,11.2,2,1,2
white,2,5.3,1.2,0.99045,11.3,2,1,2
white,2,5.3,3.9,0.99072,11.75,2,1,2
white,2,5.3,9.65,0.99168,12.2,2,1,2
white,2,5.4,1.2,0.99048,11.3,2,1,2
white,2,5.4,2.7,0.98856,13.2,2,1,2
white,2,5.4,2.7,0.98856,13.2,2,1,2
white,2,5.4,2.1,0.98953,13.4,2,1,2
white,2,5.4,4.6,0.98889,13.8,2,1,2
white,2,5.5,1.6,0.9906,11.4,2,1,2
white,2,5.6,2.2,0.99378,10,2,1,2
white,2,5.6,1.5,0.9924,10.1,2,1,2
white,2,5.6,1.1,0.9918,10.3,2,1,2
white,2,5.6,10.7,0.99464,10.4,2,1,2
white,2,5.6,1.1,0.99154,10.6,2,1,2
white,2,5.6,5.55,0.99336,11,2,1,2
white,2,5.6,6.3,0.9922,11.6,2,1,2
white,2,5.6,1.25,0.98984,12,2,1,2
white,2,5.6,4.5,0.9907,13.7,2,1,2
white,2,5.7,6.7,0.9941,10,2,1,2
white,2,5.7,7.95,0.99486,10.3,2,1,2
white,2,5.7,12.2,0.99524,10.4,2,1,2
white,2,5.7,1.5,0.99142,11,2,1,2
white,2,5.7,1.9,0.99138,11.2,2,1,2
white,2,5.7,1.1,0.9902,11.4,2,1,2
white,2,5.7,1.6,0.99044,11.9,2,1,2
white,2,5.7,1.4,0.9897,12.3,2,1,2
white,2,5.7,2.2,0.9893,12.3,2,1,2
white,2,5.7,5.1,0.99052,12.4,2,1,2
white,2,5.8,6.6,0.9941,10,2,1,2
white,2,5.8,1.2,0.99137,10.2,2,1,2
white,2,5.8,1.3,0.99202,10.4,2,1,2
white,2,5.8,9.1,0.9965,10.8,2,1,2
white,2,5.8,4.5,0.99324,10.8,2,1,2
white,2,5.8,1.5,0.99138,11,2,1,2
white,2,5.8,1.8,0.99035,11.8,2,1,2
white,2,5.8,1.4,0.99043,12.3,2,1,2
white,2,5.8,4.3,0.98946,13,2,1,2
white,2,5.8,4.9,0.98963,13.1,2,1,2
white,2,5.8,2.6,0.98936,13.9,2,1,2
white,2,5.8,2.6,0.9894,14,2,1,2
white,2,5.9,5.7,0.9934,10.2,2,1,2
white,2,5.9,1.3,0.9945,10.4,2,1,2
white,2,5.9,1.4,0.9922,10.5,2,1,2
white,2,5.9,8.6,0.99432,10.6,2,1,2
white,2,5.9,9,0.9941,10.7,2,1,2
white,2,5.9,4.5,0.9934,10.8,2,1,2
white,2,5.9,4.2,0.99214,10.8,2,1,2
white,2,5.9,2,0.99225,10.9,2,1,2
white,2,5.9,2.4,0.99234,11.3,2,1,2
white,2,5.9,2,0.99034,11.4,2,1,2
white,2,5.9,1.5,0.98986,12,2,1,2
white,2,5.9,1.6,0.98916,12.7,2,1,2
white,2,5.9,1.3,0.98889,12.9,2,1,2
white,2,5.9,2.4,0.9894,13.9,2,1,2
white,2,6,1.9,0.9938,10,2,1,2
white,2,6,5,0.99261,10,2,1,2
white,2,6,5.9,0.9944,10,2,1,2
white,2,6,1.5,0.99455,10.4,2,1,2
white,2,6,1.3,0.9924,10.4,2,1,2
white,2,6,1.3,0.9924,10.4,2,1,2
white,2,6,1.9,0.9933,10.6,2,1,2
white,2,6,6.1,0.99462,10.7,2,1,2
white,2,6,2.7,0.99325,10.8,2,1,2
white,2,6,1.7,0.99144,10.8,2,1,2
white,2,6,10.8,0.9937,10.96666667,2,1,2
white,2,6,1.8,0.9919,11,2,1,2
white,2,6,1.4,0.99085,11.1,2,1,2
white,2,6,3.95,0.99146,11.3,2,1,2
white,2,6,1.6,0.98974,11.5,2,1,2
white,2,6,1.3,0.99018,11.73333333,2,1,2
white,2,6,1.3,0.99018,11.75,2,1,2
white,2,6,3.5,0.9912,12.3,2,1,2
white,2,6,1.3,0.98865,12.7,2,1,2
white,2,6,4.8,0.98968,13.1,2,1,2
white,2,6.1,10.7,0.99521,10.2,2,1,2
white,2,6.1,1.5,0.992,10.4,2,1,2
white,2,6.1,2.9,0.99314,10.5,2,1,2
white,2,6.1,6.2,0.99281,11,2,1,2
white,2,6.1,2.8,0.9908,11.4,2,1,2
white,2,6.1,4.7,0.991,12.6,2,1,2
white,2,6.2,1.5,0.99228,10,2,1,2
white,2,6.2,1.7,0.9933,10.5,2,1,2
white,2,6.2,5.6,0.99313,10.53333333,2,1,2
white,2,6.2,1.1,0.99158,11,2,1,2
white,2,6.2,6.3,0.99282,11,2,1,2
white,2,6.2,1.7,0.9924,11,2,1,2
white,2,6.2,1,0.99032,11.3,2,1,2
white,2,6.2,1.2,0.99036,11.3,2,1,2
white,2,6.2,1,0.98988,11.4,2,1,2
white,2,6.2,1.6,0.99176,11.4,2,1,2
white,2,6.2,2.5,0.99132,11.6,2,1,2
white,2,6.2,1.7,0.99,12.1,2,1,2
white,2,6.2,1.2,0.98999,12.6,2,1,2
white,2,6.2,4.3,0.989,13.1,2,1,2
white,2,6.2,4,0.98936,13.3,2,1,2
white,2,6.3,5.6,0.99383,10,2,1,2
white,2,6.3,6.2,0.9952,10.1,2,1,2
white,2,6.3,1.8,0.9924,10.3,2,1,2
white,2,6.3,0.9,0.9926,10.5,2,1,2
white,2,6.3,3.75,0.9927,10.7,2,1,2
white,2,6.3,4.7,0.99278,10.7,2,1,2
white,2,6.3,1.2,0.99074,11,2,1,2
white,2,6.3,1.1,0.99066,11.2,2,1,2
white,2,6.3,1.1,0.99066,11.2,2,1,2
white,2,6.3,1.5,0.9917,11.4,2,1,2
white,2,6.3,1.5,0.9917,11.4,2,1,2
white,2,6.3,1.2,0.98961,11.6,2,1,2
white,2,6.3,10,0.9962,11.9,2,1,2
white,2,6.3,4.7,0.99036,12.7,2,1,2
white,2,6.4,4.9,0.99445,10,2,1,2
white,2,6.4,7.5,0.9948,10.1,2,1,2
white,2,6.4,7.5,0.9948,10.1,2,1,2
white,2,6.4,14.9,0.9968,10.2,2,1,2
white,2,6.4,1.3,0.9933,10.2,2,1,2
white,2,6.4,12.9,0.99546,10.2,2,1,2
white,2,6.4,1.6,0.9929,10.5,2,1,2
white,2,6.4,14.7,0.998275,10.5,2,1,2
white,2,6.4,5.8,0.9942,10.5,2,1,2
white,2,6.4,1.1,0.99142,10.7,2,1,2
white,2,6.4,7.2,0.993,10.9,2,1,2
white,2,6.4,9.3,0.99433,10.98,2,1,2
white,2,6.4,7.4,0.99404,11,2,1,2
white,2,6.4,3.9,0.99237,11.1,2,1,2
white,2,6.4,0.9,0.99175,11.2,2,1,2
white,2,6.4,4.9,0.99316,11.2,2,1,2
white,2,6.4,1.2,0.9907,11.2,2,1,2
white,2,6.4,1.2,0.99058,11.3,2,1,2
white,2,6.4,1.2,0.99058,11.3,2,1,2
white,2,6.4,1.4,0.99014,11.7,2,1,2
white,2,6.4,1.1,0.98986,11.7,2,1,2
white,2,6.4,5.8,0.99189,11.9,2,1,2
white,2,6.4,4.9,0.99024,12.8,2,1,2
white,2,6.4,9.6,0.9924,13.1,2,1,2
white,2,6.5,3.4,0.9937,10,2,1,2
white,2,6.5,1.4,0.9926,10.1,2,1,2
white,2,6.5,8.2,0.99453,10.1,2,1,2
white,2,6.5,1.7,0.9928,10.2,2,1,2
white,2,6.5,12.6,0.99688,10.3,2,1,2
white,2,6.5,1.4,0.9922,10.8,2,1,2
white,2,6.5,1.4,0.9916,10.8,2,1,2
white,2,6.5,13.55,0.99544,11,2,1,2
white,2,6.5,2.1,0.99054,11.3,2,1,2
white,2,6.5,2.6,0.9914,11.33333333,2,1,2
white,2,6.5,2.6,0.9914,11.33333333,2,1,2
white,2,6.5,9.15,0.99339,11.35,2,1,2
white,2,6.5,1.7,0.99053,11.4,2,1,2
white,2,6.5,1.6,0.9912,11.5,2,1,2
white,2,6.5,1.4,0.99114,11.5,2,1,2
white,2,6.5,2.7,0.9924,11.5,2,1,2
white,2,6.5,1.9,0.991,12,2,1,2
white,2,6.5,1.9,0.991,12,2,1,2
white,2,6.5,0.8,0.98942,12.1,2,1,2
white,2,6.5,5.2,0.99067,12.3,2,1,2
white,2,6.5,1.3,0.98944,12.4,2,1,2
white,2,6.5,3.2,0.9908,12.4,2,1,2
white,2,6.5,2.3,0.98964,12.8,2,1,2
white,2,6.5,4.1,0.9902,13,2,1,2
white,2,6.5,2.2,0.98894,13.5,2,1,2
white,2,6.6,0.8,0.9934,10,2,1,2
white,2,6.6,1.3,0.9934,10,2,1,2
white,2,6.6,9.9,0.995,10.1,2,1,2
white,2,6.6,1.7,0.9942,10.1,2,1,2
white,2,6.6,0.9,0.9926,10.2,2,1,2
white,2,6.6,1.5,0.9934,10.2,2,1,2
white,2,6.6,16.3,0.9986,10.4,2,1,2
white,2,6.6,1.6,0.99304,10.4,2,1,2
white,2,6.6,1.5,0.99295,10.5,2,1,2
white,2,6.6,3.3,0.993,10.8,2,1,2
white,2,6.6,3.9,0.9922,11.3,2,1,2
white,2,6.6,2.6,0.99146,11.3,2,1,2
white,2,6.6,1.9,0.99056,11.4,2,1,2
white,2,6.6,1.5,0.9914,11.4,2,1,2
white,2,6.6,1.2,0.99094,11.4,2,1,2
white,2,6.6,1.1,0.98939,11.9,2,1,2
white,2,6.6,1.3,0.99044,12.25,2,1,2
white,2,6.6,4.8,0.99198,12.6,2,1,2
white,2,6.6,12.75,0.99386,12.9,2,1,2
white,2,6.6,11.3,0.99302,12.9,2,1,2
white,2,6.6,4,0.99018,13,2,1,2
white,2,6.7,6.4,0.9956,10,2,1,2
white,2,6.7,2.3,0.99229,10.1,2,1,2
white,2,6.7,1.8,0.9944,10.2,2,1,2
white,2,6.7,11.2,0.99758,10.4,2,1,2
white,2,6.7,4.7,0.9946,10.5,2,1,2
white,2,6.7,4.3,0.99176,10.7,2,1,2
white,2,6.7,8.9,0.99455,11,2,1,2
white,2,6.7,8.9,0.99455,11,2,1,2
white,2,6.7,2.8,0.99159,11.3,2,1,2
white,2,6.7,2.8,0.99159,11.3,2,1,2
white,2,6.7,9.9,0.9953,11.4,2,1,2
white,2,6.7,1.2,0.99058,11.4,2,1,2
white,2,6.7,4.9,0.9926,12,2,1,2
white,2,6.7,2,0.99064,12.5,2,1,2
white,2,6.7,1.9,0.99,12.6,2,1,2
white,2,6.7,1.4,0.9889,12.7,2,1,2
white,2,6.7,4,0.99016,13,2,1,2
white,2,6.7,2.1,0.9904,13,2,1,2
white,2,6.7,4.3,0.99014,13.4,2,1,2
white,2,6.8,5.1,0.9942,10.1,2,1,2
white,2,6.8,7,0.9973,10.2,2,1,2
white,2,6.8,6.4,0.99358,10.2,2,1,2
white,2,6.8,8.1,0.9956,10.2,2,1,2
white,2,6.8,1,0.99289,10.2,2,1,2
white,2,6.8,3.2,0.99324,10.2,2,1,2
white,2,6.8,12.9,0.99742,10.2,2,1,2
white,2,6.8,12.9,0.99742,10.2,2,1,2
white,2,6.8,1.5,0.99244,10.3,2,1,2
white,2,6.8,8.6,0.99452,10.5,2,1,2
white,2,6.8,9.85,0.99532,10.5,2,1,2
white,2,6.8,2.4,0.9953,10.5,2,1,2
white,2,6.8,6.95,0.9946,10.6,2,1,2
white,2,6.8,4.8,0.99437,10.6,2,1,2
white,2,6.8,5.5,0.9938,10.7,2,1,2
white,2,6.8,4.7,0.994,10.7,2,1,2
white,2,6.8,7,0.9939,10.8,2,1,2
white,2,6.8,6.2,0.9935,10.8,2,1,2
white,2,6.8,1.8,0.99226,10.8,2,1,2
white,2,6.8,5.9,0.9938,10.8,2,1,2
white,2,6.8,1.6,0.99402,10.8,2,1,2
white,2,6.8,1.6,0.99175,10.9,2,1,2
white,2,6.8,2.9,0.9913,10.9,2,1,2
white,2,6.8,5.4,0.99287,11,2,1,2
white,2,6.8,5.4,0.99287,11,2,1,2
white,2,6.8,1.5,0.99111,11.1,2,1,2
white,2,6.8,1.4,0.99121,11.3,2,1,2
white,2,6.8,5.2,0.99252,11.6,2,1,2
white,2,6.8,6.3,0.99214,12,2,1,2
white,2,6.8,2.8,0.9912,12,2,1,2
white,2,6.8,2.8,0.9928,12,2,1,2
white,2,6.8,7.6,0.99164,12.5,2,1,2
white,2,6.8,1.9,0.98993,12.6,2,1,2
white,2,6.8,8,0.99164,12.6,2,1,2
white,2,6.8,8,0.99164,12.6,2,1,2
white,2,6.8,6.3,0.9918,12.6,2,1,2
white,2,6.8,3.4,0.9902,12.7,2,1,2
white,2,6.8,3.8,0.9906,12.7,2,1,2
white,2,6.8,3.95,0.98988,13.4,2,1,2
white,2,6.9,1.3,0.9927,10.3,2,1,2
white,2,6.9,1.4,0.9938,10.3,2,1,2
white,2,6.9,12.2,0.99522,10.4,2,1,2
white,2,6.9,12.2,0.99552,10.4,2,1,2
white,2,6.9,1,0.9926,10.5,2,1,2
white,2,6.9,8.3,0.9954,10.5,2,1,2
white,2,6.9,7.2,0.9946,10.6,2,1,2
white,2,6.9,8.3,0.99506,10.6,2,1,2
white,2,6.9,4.8,0.9936,10.7,2,1,2
white,2,6.9,5.2,0.9948,10.7,2,1,2
white,2,6.9,8,0.99368,11,2,1,2
white,2,6.9,9.1,0.9948,11.1,2,1,2
white,2,6.9,9.1,0.9948,11.1,2,1,2
white,2,6.9,7.4,0.9963,11.1,2,1,2
white,2,6.9,1,0.99043,11.4,2,1,2
white,2,6.9,7.1,0.99246,11.4,2,1,2
white,2,6.9,4.3,0.993,11.6,2,1,2
white,2,6.9,2.2,0.9919,11.9,2,1,2
white,2,6.9,1.8,0.98952,12,2,1,2
white,2,6.9,4.1,0.9925,12.3,2,1,2
white,2,7,1.5,0.99344,10.1,2,1,2
white,2,7,3.9,0.9961,10.3,2,1,2
white,2,7,8,0.99596,10.4,2,1,2
white,2,7,1.5,0.9927,10.5,2,1,2
white,2,7,8.5,0.9953,10.5,2,1,2
white,2,7,11,0.99508,10.5,2,1,2
white,2,7,1.6,0.99184,10.7,2,1,2
white,2,7,12.85,0.99581,10.7,2,1,2
white,2,7,6.1,0.9939,10.8,2,1,2
white,2,7,2,0.9918,11,2,1,2
white,2,7,2.5,0.99146,11.1,2,1,2
white,2,7,10.6,0.99355,11.5,2,1,2
white,2,7,1.3,0.9912,12,2,1,2
white,2,7,1.5,0.9918,12.2,2,1,2
white,2,7,6.1,0.99118,12.5,2,1,2
white,2,7,7.75,0.99158,12.8,2,1,2
white,2,7.1,6.8,0.9972,10.2,2,1,2
white,2,7.1,2.7,0.99405,10.2,2,1,2
white,2,7.1,7.4,0.99587,10.4,2,1,2
white,2,7.1,2.2,0.9937,10.9,2,1,2
white,2,7.1,2.2,0.99177,11.4,2,1,2
white,2,7.1,1.5,0.99069,11.4,2,1,2
white,2,7.1,1.8,0.9925,11.7,2,1,2
white,2,7.1,1.4,0.9918,12,2,1,2
white,2,7.2,1.1,0.99218,10,2,1,2
white,2,7.2,1.4,0.9939,10.2,2,1,2
white,2,7.2,5.5,0.99474,10.3,2,1,2
white,2,7.2,5.6,0.99334,10.3,2,1,2
white,2,7.2,1.2,0.9918,10.5,2,1,2
white,2,7.2,8.7,0.99576,10.6,2,1,2
white,2,7.2,2.2,0.992,11,2,1,2
white,2,7.2,1.4,0.99196,11.2,2,1,2
white,2,7.2,3.8,0.9932,11.2,2,1,2
white,2,7.2,7.2,0.9935,11.3,2,1,2
white,2,7.2,6.3,0.99305,11.4,2,1,2
white,2,7.2,1.6,0.99203,11.5,2,1,2
white,2,7.2,4.2,0.991,12.3,2,1,2
white,2,7.2,5.7,0.9914,12.5,2,1,2
white,2,7.2,2,0.9903,12.6,2,1,2
white,2,7.2,2,0.9903,12.6,2,1,2
white,2,7.2,5.4,0.99174,12.7,2,1,2
white,2,7.2,1.4,0.9902,12.8,2,1,2
white,2,7.3,14.8,0.99751,10.2,2,1,2
white,2,7.3,1.3,0.99222,10.7,2,1,2
white,2,7.3,5,0.9936,10.8,2,1,2
white,2,7.3,2.6,0.99138,11.3,2,1,2
white,2,7.3,1.6,0.9918,11.4,2,1,2
white,2,7.3,2,0.99,12.2,2,1,2
white,2,7.3,6.5,0.99148,12.6,2,1,2
white,2,7.4,4.7,0.995,10.3,2,1,2
white,2,7.4,1.7,0.992,10.4,2,1,2
white,2,7.4,1.4,0.9928,10.4,2,1,2
white,2,7.4,1.2,0.99198,10.5,2,1,2
white,2,7.4,1.4,0.9938,10.6,2,1,2
white,2,7.4,1.3,0.994,10.6,2,1,2
white,2,7.4,6.1,0.99244,10.9,2,1,2
white,2,7.4,2.6,0.99138,11.2,2,1,2
white,2,7.4,1.1,0.9917,11.3,2,1,2
white,2,7.4,6,0.9928,11.5,2,1,2
white,2,7.4,5.5,0.9935,11.5,2,1,2
white,2,7.4,15.1,0.9953,12,2,1,2
white,2,7.5,4.8,0.99393,10.2,2,1,2
white,2,7.5,17.7,0.999,10.2,2,1,2
white,2,7.5,1.7,0.99312,10.4,2,1,2
white,2,7.5,1.2,0.99192,10.5,2,1,2
white,2,7.5,1.5,0.9936,10.7,2,1,2
white,2,7.5,6.7,0.9939,11.4,2,1,2
white,2,7.5,2.6,0.99097,12.7,2,1,2
white,2,7.5,4,0.98958,13.2,2,1,2
white,2,7.6,1.3,0.9932,10,2,1,2
white,2,7.6,1.9,0.9937,10.1,2,1,2
white,2,7.6,13.1,0.99726,10.4,2,1,2
white,2,7.6,1.8,0.99335,11.1,2,1,2
white,2,7.6,1.6,0.993,11.3,2,1,2
white,2,7.6,1.9,0.99237,11.3,2,1,2
white,2,7.6,3.6,0.99144,12.5,2,1,2
white,2,7.6,3.95,0.9912,12.8,2,1,2
white,2,7.6,1.5,0.9914,12.8,2,1,2
white,2,7.7,7.8,0.99555,10.1,2,1,2
white,2,7.7,1.3,0.9937,10.1,2,1,2
white,2,7.7,5.9,0.99578,10.2,2,1,2
white,2,7.7,4.8,0.99572,10.3,2,1,2
white,2,7.7,2.4,0.99312,10.6,2,1,2
white,2,7.7,1,0.992,10.7,2,1,2
white,2,7.7,6.7,0.9951,10.7,2,1,2
white,2,7.7,1.8,0.9928,10.8,2,1,2
white,2,7.7,8.1,0.9966,11,2,1,2
white,2,7.7,4.9,0.9918,12.2,2,1,2
white,2,7.7,2.3,0.9911,12.8,2,1,2
white,2,7.8,7.5,0.996,10,2,1,2
white,2,7.8,1.9,0.9928,10.9,2,1,2
white,2,7.8,7.8,0.9966,11.3,2,1,2
white,2,7.8,65.8,1.03898,11.7,2,1,2
white,2,7.8,1.8,0.991,12.8,2,1,2
white,2,7.9,3,0.995,10,2,1,2
white,2,7.9,15.6,0.99785,10.5,2,1,2
white,2,7.9,1.2,0.992,10.8,2,1,2
white,2,7.9,2,0.99176,10.9,2,1,2
white,2,7.9,2,0.99176,10.9,2,1,2
white,2,7.9,1.7,0.99088,11.9,2,1,2
white,2,7.9,2.7,0.9916,12,2,1,2
white,2,7.9,4.5,0.992,12.4,2,1,2
white,2,8,1.5,0.9948,10,2,1,2
white,2,8,1.3,0.9912,12.1,2,1,2
white,2,8,4.7,0.99186,12.1,2,1,2
white,2,8,4.6,0.99184,12.2,2,1,2
white,2,8.1,7.7,0.9954,10,2,1,2
white,2,8.1,1.3,0.99242,10.3,2,1,2
white,2,8.1,2,0.9921,11.2,2,1,2
white,2,8.2,2.3,0.99397,10,2,1,2
white,2,8.2,1.8,0.9933,10.2,2,1,2
white,2,8.2,1.1,0.9923,10.4,2,1,2
white,2,8.2,7,0.99628,10.6,2,1,2
white,2,8.2,8,0.996,10.7,2,1,2
white,2,8.3,2.4,0.9955,10.3,2,1,2
white,2,8.3,1.1,0.99109,11,2,1,2
white,2,8.3,1.6,0.9907,12.9,2,1,2
white,2,8.4,10.7,0.9981,10.4,2,1,2
white,2,8.4,1.3,0.99178,10.8,2,1,2
white,2,8.4,1.6,0.994,11.1,2,1,2
white,2,8.5,10.4,0.9974,10,2,1,2
white,2,8.5,1.1,0.99184,10.5,2,1,2
white,2,8.6,11.8,0.99882,10,2,1,2
white,2,8.7,1.7,0.99373,10.8,2,1,2
white,2,8.7,5.6,0.99328,11,2,1,2
white,2,9,1,0.993,10.5,2,1,2
white,2,9,6.7,0.99497,10.6,2,1,2
white,2,9,2.1,0.99001,12.9,2,1,2
white,2,9.2,2,0.99514,10.2,2,1,2
white,2,9.4,1.6,0.9949,10.3,2,1,2
white,2,9.5,2.3,0.9951,11,2,1,2
white,2,9.6,2,0.99188,12.6,2,1,2
white,2,5.2,7.1,0.99378,9.9,1,1,1
white,2,5.3,1.1,0.9925,9.1,1,1,1
white,2,5.3,2.7,0.9932,9.2,1,1,1
white,2,5.4,7.1,0.99438,9.5,1,1,1
white,2,5.5,1,0.99164,9.8,1,1,1
white,2,5.6,7.1,0.99438,9.5,1,1,1
white,2,5.6,0.8,0.99112,9.9,1,1,1
white,2,5.7,16.65,0.99855,9,1,1,1
white,2,5.7,16.65,0.99855,9,1,1,1
white,2,5.7,4.1,0.9942,9.4,1,1,1
white,2,5.7,17.5,0.9989,9.4,1,1,1
white,2,5.7,12.5,0.99691,9.4,1,1,1
white,2,5.7,1.3,0.9928,9.5,1,1,1
white,2,5.8,16.05,0.9976,8.9,1,1,1
white,2,5.8,4.5,0.9943,9.1,1,1,1
white,2,5.8,10.8,0.99646,9.2,1,1,1
white,2,5.8,13.1,0.9972,9.3,1,1,1
white,2,5.8,12.3,0.9972,9.3,1,1,1
white,2,5.8,5.1,0.99478,9.3,1,1,1
white,2,5.8,13.3,0.9972,9.5,1,1,1
white,2,5.8,1,0.99212,9.7,1,1,1
white,2,5.8,6.3,0.99382,9.7,1,1,1
white,2,5.9,12,0.9981,9,1,1,1
white,2,5.9,0.8,0.9932,9.3,1,1,1
white,2,5.9,7.9,0.99512,9.4,1,1,1
white,2,5.9,1,0.9928,9.4,1,1,1
white,2,5.9,12.5,0.9972,9.5,1,1,1
white,2,5.9,8.6,0.99542,9.5,1,1,1
white,2,5.9,7.7,0.995,9.6,1,1,1
white,2,5.9,1.4,0.99358,9.6,1,1,1
white,2,6,1.2,0.99347,8.8,1,1,1
white,2,6,1.1,0.9932,9,1,1,1
white,2,6,5.4,0.9951,9,1,1,1
white,2,6,9.7,0.99571,9.1,1,1,1
white,2,6,5.1,0.99416,9.2,1,1,1
white,2,6,6.8,0.9953,9.3,1,1,1
white,2,6,1.5,0.9927,9.8,1,1,1
white,2,6.1,7.6,0.9956,8.9,1,1,1
white,2,6.1,12.9,0.9979,9,1,1,1
white,2,6.1,3.9,0.99344,9.2,1,1,1
white,2,6.1,15.8,0.99782,9.2,1,1,1
white,2,6.1,19.95,0.99922,9.3,1,1,1
white,2,6.1,1.3,0.9937,9.4,1,1,1
white,2,6.1,16.7,0.99985,9.4,1,1,1
white,2,6.1,12.1,0.998,9.5,1,1,1
white,2,6.1,1.4,0.9927,9.5,1,1,1
white,2,6.1,15.1,0.99684,9.5,1,1,1
white,2,6.1,7.6,0.99558,9.5,1,1,1
white,2,6.1,1.5,0.9928,9.6,1,1,1
white,2,6.2,17.2,0.99946,8.8,1,1,1
white,2,6.2,1.4,0.9932,8.9,1,1,1
white,2,6.2,2.8,0.9939,9,1,1,1
white,2,6.2,8,0.99586,9.1,1,1,1
white,2,6.2,1,0.99345,9.2,1,1,1
white,2,6.2,7.5,0.99573,9.2,1,1,1
white,2,6.2,0.9,0.99234,9.5,1,1,1
white,2,6.2,12.4,0.99728,9.5,1,1,1
white,2,6.2,7,0.9949,9.6,1,1,1
white,2,6.3,3.1,0.9942,8.6,1,1,1
white,2,6.3,7.8,0.9961,9,1,1,1
white,2,6.3,13,0.9974,9.2,1,1,1
white,2,6.3,8.1,0.9958,9.3,1,1,1
white,2,6.3,6.6,0.99478,9.4,1,1,1
white,2,6.3,7.7,0.99514,9.5,1,1,1
white,2,6.3,14.9,0.99705,9.7,1,1,1
white,2,6.3,4.9,0.9946,9.7,1,1,1
white,2,6.3,2.8,0.99304,9.8,1,1,1
white,2,6.3,1.4,0.9932,9.9,1,1,1
white,2,6.4,12.6,0.9974,8.9,1,1,1
white,2,6.4,12.9,0.9974,9,1,1,1
white,2,6.4,5.2,0.9951,9,1,1,1
white,2,6.4,3.5,0.9934,9,1,1,1
white,2,6.4,14.9,0.9983,9,1,1,1
white,2,6.4,7.5,0.9959,9,1,1,1
white,2,6.4,7.1,0.9952,9.2,1,1,1
white,2,6.4,1.7,0.99354,9.2,1,1,1
white,2,6.4,2.4,0.99314,9.2,1,1,1
white,2,6.4,7.8,0.9956,9.2,1,1,1
white,2,6.4,7.8,0.9956,9.2,1,1,1
white,2,6.4,7.3,0.9956,9.2,1,1,1
white,2,6.4,10.3,0.9967,9.2,1,1,1
white,2,6.4,10.3,0.9967,9.2,1,1,1
white,2,6.4,3.4,0.99347,9.3,1,1,1
white,2,6.4,1,0.9924,9.5,1,1,1
white,2,6.4,5.7,0.9946,9.5,1,1,1
white,2,6.4,8.2,0.99542,9.5,1,1,1
white,2,6.4,5.1,0.9939,9.6,1,1,1
white,2,6.4,8.9,0.99488,9.6,1,1,1
white,2,6.4,1.5,0.9938,9.6,1,1,1
white,2,6.4,8.4,0.99495,9.7,1,1,1
white,2,6.4,1.6,0.9928,9.8,1,1,1
white,2,6.5,7.6,0.9966,8.6,1,1,1
white,2,6.5,7.7,0.9957,8.7,1,1,1
white,2,6.5,20.4,1.0002,8.7,1,1,1
white,2,6.5,17.1,1.0001,8.8,1,1,1
white,2,6.5,16.3,0.99924,8.8,1,1,1
white,2,6.5,4.1,0.99475,9,1,1,1
white,2,6.5,7.4,0.99712,9.1,1,1,1
white,2,6.5,8,0.9959,9.1,1,1,1
white,2,6.5,17.3,0.99828,9.2,1,1,1
white,2,6.5,5.9,0.99482,9.3,1,1,1
white,2,6.5,6.7,0.99528,9.3,1,1,1
white,2,6.5,1.2,0.99254,9.4,1,1,1
white,2,6.5,8,0.99536,9.5,1,1,1
white,2,6.5,1.8,0.9928,9.6,1,1,1
white,2,6.5,4.5,0.9937,9.6,1,1,1
white,2,6.5,9.9,0.9954,9.8,1,1,1
white,2,6.5,0.9,0.99226,9.8,1,1,1
white,2,6.6,1.2,0.9936,8.7,1,1,1
white,2,6.6,17.3,0.99906,8.8,1,1,1
white,2,6.6,17.3,0.99906,8.8,1,1,1
white,2,6.6,12.8,0.99772,9,1,1,1
white,2,6.6,3.1,0.994,9.1,1,1,1
white,2,6.6,1.2,0.9933,9.2,1,1,1
white,2,6.6,8,0.99577,9.2,1,1,1
white,2,6.6,5.3,0.9951,9.3,1,1,1
white,2,6.6,7.7,0.996,9.3,1,1,1
white,2,6.6,15.4,0.99845,9.3,1,1,1
white,2,6.6,8.7,0.99605,9.3,1,1,1
white,2,6.6,15.1,0.9986,9.4,1,1,1
white,2,6.6,15.1,0.9986,9.4,1,1,1
white,2,6.6,1.2,0.99352,9.4,1,1,1
white,2,6.6,7.8,0.9959,9.4,1,1,1
white,2,6.6,8.2,0.99562,9.4,1,1,1
white,2,6.6,7,0.99558,9.4,1,1,1
white,2,6.6,7,0.99558,9.4,1,1,1
white,2,6.6,8.1,0.99548,9.5,1,1,1
white,2,6.6,8.5,0.99558,9.5,1,1,1
white,2,6.6,5.1,0.9942,9.6,1,1,1
white,2,6.6,6.5,0.9954,9.6,1,1,1
white,2,6.6,7.7,0.99526,9.7,1,1,1
white,2,6.6,11.8,0.99606,9.7,1,1,1
white,2,6.6,12.4,0.9984,9.8,1,1,1
white,2,6.7,5.4,0.9949,9,1,1,1
white,2,6.7,1.2,0.99288,9.2,1,1,1
white,2,6.7,13.4,0.9988,9.2,1,1,1
white,2,6.7,7.1,0.99534,9.3,1,1,1
white,2,6.7,8.8,0.9962,9.3,1,1,1
white,2,6.7,8.8,0.9962,9.3,1,1,1
white,2,6.7,15.6,0.9982,9.3,1,1,1
white,2,6.7,2.9,0.9937,9.4,1,1,1
white,2,6.7,2.5,0.9937,9.4,1,1,1
white,2,6.7,7.1,0.99502,9.4,1,1,1
white,2,6.7,6.6,0.99548,9.4,1,1,1
white,2,6.7,7.7,0.99566,9.4,1,1,1
white,2,6.7,8.8,0.99576,9.4,1,1,1
white,2,6.7,12.3,0.9983,9.5,1,1,1
white,2,6.7,6.4,0.9955,9.6,1,1,1
white,2,6.7,12.6,0.99802,9.7,1,1,1
white,2,6.7,5.4,0.995,9.7,1,1,1
white,2,6.7,10.6,0.99572,9.8,1,1,1
white,2,6.8,18.15,1.0001,8.7,1,1,1
white,2,6.8,18.3,1,8.7,1,1,1
white,2,6.8,18.3,1,8.7,1,1,1
white,2,6.8,11.8,0.9976,8.8,1,1,1
white,2,6.8,11.8,0.9976,8.8,1,1,1
white,2,6.8,18.1,1,8.8,1,1,1
white,2,6.8,18.1,1,8.8,1,1,1
white,2,6.8,7.5,0.9959,8.9,1,1,1
white,2,6.8,7.8,0.9961,8.9,1,1,1
white,2,6.8,10.7,0.9967,9,1,1,1
white,2,6.8,6.9,0.9958,9,1,1,1
white,2,6.8,1.4,0.9937,9,1,1,1
white,2,6.8,6,0.9953,9.1,1,1,1
white,2,6.8,14.6,0.99805,9.2,1,1,1
white,2,6.8,10.1,0.9963,9.4,1,1,1
white,2,6.8,5.4,0.99445,9.4,1,1,1
white,2,6.8,13.3,0.9974,9.4,1,1,1
white,2,6.8,6.6,0.9953,9.4,1,1,1
white,2,6.8,7.3,0.99556,9.4,1,1,1
white,2,6.8,7.8,0.9959,9.5,1,1,1
white,2,6.8,14.2,0.9975,9.6,1,1,1
white,2,6.8,4.6,0.99412,9.6,1,1,1
white,2,6.8,7,0.99556,9.6,1,1,1
white,2,6.8,5.1,0.993,9.8,1,1,1
white,2,6.8,8.6,0.99454,9.9,1,1,1
white,2,6.8,1.5,0.9921,9.9,1,1,1
white,2,6.9,11.2,0.9975,8.7,1,1,1
white,2,6.9,6.8,0.9955,9,1,1,1
white,2,6.9,7.8,0.996,9.2,1,1,1
white,2,6.9,1.1,0.99317,9.2,1,1,1
white,2,6.9,1.1,0.9932,9.2,1,1,1
white,2,6.9,12,0.99727,9.3,1,1,1
white,2,6.9,4.6,0.9952,9.3,1,1,1
white,2,6.9,4.1,0.994,9.4,1,1,1
white,2,6.9,9.6,0.9978,9.6,1,1,1
white,2,6.9,10,0.99696,9.6,1,1,1
white,2,6.9,12.6,0.998,9.9,1,1,1
white,2,7,15.55,0.9986,8.8,1,1,1
white,2,7,18.05,0.9999,8.8,1,1,1
white,2,7,1,0.993,9,1,1,1
white,2,7,14.7,0.99792,9,1,1,1
white,2,7,8.3,0.9958,9.2,1,1,1
white,2,7,1.3,0.99334,9.2,1,1,1
white,2,7,14.3,0.998,9.2,1,1,1
white,2,7,10.7,0.99657,9.3,1,1,1
white,2,7,9,0.9956,9.4,1,1,1
white,2,7,1.8,0.9944,9.4,1,1,1
white,2,7,1.8,0.9944,9.4,1,1,1
white,2,7,13.3,0.99704,9.5,1,1,1
white,2,7,6.3,0.9957,9.6,1,1,1
white,2,7,1.1,0.99297,9.7,1,1,1
white,2,7,16.4,0.9978,9.7,1,1,1
white,2,7,10.3,0.99564,9.8,1,1,1
white,2,7,7.4,0.9954,9.8,1,1,1
white,2,7,13,0.9972,9.8,1,1,1
white,2,7,1.8,0.99251,9.9,1,1,1
white,2,7,1.3,0.99352,9.9,1,1,1
white,2,7.1,13.7,0.99755,9,1,1,1
white,2,7.1,13.7,0.99755,9,1,1,1
white,2,7.1,13.2,0.9972,9.2,1,1,1
white,2,7.1,14.45,0.998,9.2,1,1,1
white,2,7.1,12.4,0.9969,9.2,1,1,1
white,2,7.1,6.3,0.99474,9.5,1,1,1
white,2,7.1,16.9,0.9998,9.6,1,1,1
white,2,7.1,1,0.99304,9.6,1,1,1
white,2,7.1,1.4,0.9932,9.9,1,1,1
white,2,7.1,1.2,0.9924,9.9,1,1,1
white,2,7.2,10.8,0.9976,8.6,1,1,1
white,2,7.2,10.4,0.9976,8.7,1,1,1
white,2,7.2,12.5,0.9981,8.7,1,1,1
white,2,7.2,14.4,0.9986,9,1,1,1
white,2,7.2,14.4,0.9986,9,1,1,1
white,2,7.2,14.3,0.9979,9,1,1,1
white,2,7.2,11.4,0.99773,9,1,1,1
white,2,7.2,10,0.9981,9,1,1,1
white,2,7.2,14.2,0.9979,9,1,1,1
white,2,7.2,14.2,0.9979,9,1,1,1
white,2,7.2,8.3,0.9964,9.2,1,1,1
white,2,7.2,16.2,0.9987,9.2,1,1,1
white,2,7.2,1.3,0.99304,9.2,1,1,1
white,2,7.2,1.1,0.9929,9.3,1,1,1
white,2,7.2,4.5,0.9949,9.4,1,1,1
white,2,7.2,10.4,0.99681,9.4,1,1,1
white,2,7.2,8.5,0.9956,9.9,1,1,1
white,2,7.2,6.7,0.995,9.9,1,1,1
white,2,7.3,17.95,0.9999,8.6,1,1,1
white,2,7.3,13.5,0.9982,8.7,1,1,1
white,2,7.3,13.9,0.99807,8.8,1,1,1
white,2,7.3,13.9,0.99807,8.8,1,1,1
white,2,7.3,13.9,0.99807,8.8,1,1,1
white,2,7.3,14.9,0.99902,8.9,1,1,1
white,2,7.3,13.1,0.9986,8.9,1,1,1
white,2,7.3,14.3,0.9978,9,1,1,1
white,2,7.3,17.3,1.0002,9,1,1,1
white,2,7.3,12.9,0.9984,9.1,1,1,1
white,2,7.3,12.9,0.9984,9.1,1,1,1
white,2,7.3,7.2,0.99587,9.2,1,1,1
white,2,7.3,19.9,1.00037,9.2,1,1,1
white,2,7.3,6.7,0.995,9.9,1,1,1
white,2,7.3,1.7,0.99286,9.9,1,1,1
white,2,7.3,1.4,0.99286,9.9,1,1,1
white,2,7.4,15.5,0.9984,8.7,1,1,1
white,2,7.4,15.5,0.9984,8.7,1,1,1
white,2,7.4,15.5,0.9984,8.7,1,1,1
white,2,7.4,13.7,0.99825,8.7,1,1,1
white,2,7.4,13.7,0.99825,8.7,1,1,1
white,2,7.4,12.8,0.99808,8.8,1,1,1
white,2,7.4,14,0.9979,8.9,1,1,1
white,2,7.4,11.5,0.998,9,1,1,1
white,2,7.4,12.1,0.9973,9,1,1,1
white,2,7.4,13.2,0.9976,9,1,1,1
white,2,7.4,13.2,0.9976,9,1,1,1
white,2,7.4,13.5,0.9975,9.1,1,1,1
white,2,7.4,12.8,0.9986,9.1,1,1,1
white,2,7.4,12.8,0.9986,9.1,1,1,1
white,2,7.4,16.95,0.9995,9.2,1,1,1
white,2,7.4,10.7,0.9954,9.7,1,1,1
white,2,7.4,9.1,0.99532,9.8,1,1,1
white,2,7.4,1.2,0.9926,9.9,1,1,1
white,2,7.4,1.6,0.99299,9.9,1,1,1
white,2,7.5,10.9,0.9978,8.7,1,1,1
white,2,7.5,12.1,0.99838,8.7,1,1,1
white,2,7.5,11,0.9978,8.8,1,1,1
white,2,7.5,18.35,1.0011,8.8,1,1,1
white,2,7.5,18.35,1.0011,8.8,1,1,1
white,2,7.5,19.45,1.001,8.8,1,1,1
white,2,7.5,8.1,0.9966,8.9,1,1,1
white,2,7.5,8.1,0.9966,8.9,1,1,1
white,2,7.5,1.3,0.9948,8.9,1,1,1
white,2,7.5,11.8,0.99814,8.9,1,1,1
white,2,7.5,9.6,0.99802,8.9,1,1,1
white,2,7.5,18.9,1,9,1,1,1
white,2,7.5,13.2,0.9982,9,1,1,1
white,2,7.5,1.2,0.9938,9.3,1,1,1
white,2,7.5,1.4,0.9944,9.4,1,1,1
white,2,7.5,1.8,0.9938,9.5,1,1,1
white,2,7.5,14.8,0.99898,9.7,1,1,1
white,2,7.5,1.8,0.9946,9.9,1,1,1
white,2,7.6,3.8,0.9958,8.9,1,1,1
white,2,7.6,14.2,0.999,8.9,1,1,1
white,2,7.6,18.05,0.9996,9.2,1,1,1
white,2,7.6,7.1,0.99652,9.2,1,1,1
white,2,7.6,4.5,0.9963,9.2,1,1,1
white,2,7.6,10.6,0.99815,9.3,1,1,1
white,2,7.6,10.4,0.99748,9.3,1,1,1
white,2,7.6,3.4,0.9944,9.4,1,1,1
white,2,7.6,1.9,0.9936,9.5,1,1,1
white,2,7.6,4.5,0.99427,9.5,1,1,1
white,2,7.6,4.6,0.99422,9.5,1,1,1
white,2,7.6,9.3,0.9966,9.6,1,1,1
white,2,7.6,9.3,0.9966,9.6,1,1,1
white,2,7.6,1.6,0.9944,9.6,1,1,1
white,2,7.6,8.6,0.9963,9.8,1,1,1
white,2,7.6,9.7,0.9965,9.8,1,1,1
white,2,7.7,11.1,0.9979,8.8,1,1,1
white,2,7.7,12,0.9982,8.9,1,1,1
white,2,7.7,11.8,0.99786,9,1,1,1
white,2,7.7,11,0.99815,9.2,1,1,1
white,2,7.8,16.85,0.9998,9,1,1,1
white,2,7.8,16.85,0.9998,9,1,1,1
white,2,7.9,12.9,0.99792,9.1,1,1,1
white,2,7.9,1.8,0.9954,9.2,1,1,1
white,2,7.9,14.2,0.9992,9.2,1,1,1
white,2,7.9,17.85,0.9998,9.3,1,1,1
white,2,7.9,10.3,0.9969,9.5,1,1,1
white,2,8,12.1,0.9993,9.2,1,1,1
white,2,8,1.2,0.9938,9.4,1,1,1
white,2,8,2,0.994,9.6,1,1,1
white,2,8,13.2,0.9983,9.7,1,1,1
white,2,8,9.6,0.99795,9.8,1,1,1
white,2,8.1,13.6,0.99886,8.7,1,1,1
white,2,8.2,5.4,0.9954,9.6,1,1,1
white,2,8.2,5.4,0.9954,9.6,1,1,1
white,2,8.3,9.2,0.9982,9.3,1,1,1
white,2,8.3,2.5,0.99404,9.5,1,1,1
white,2,8.4,5.4,0.9953,9.8,1,1,1
white,2,8.5,13.8,0.9981,9.9,1,1,1
white,2,8.6,1.4,0.99556,9.4,1,1,1
white,2,8.7,13.4,0.99975,8.8,1,1,1
white,2,8.9,1.6,0.9956,9.4,1,1,1
white,2,8.9,1.6,0.9946,9.7,1,1,1
white,2,8.9,1,0.9926,9.9,1,1,1
white,2,9,3.5,0.9944,9.8,1,1,1
white,2,9.2,2.4,0.9952,9.3,1,1,1
white,2,9.4,1.4,0.9954,9.1,1,1,1
white,2,9.4,1.6,0.99534,9.3,1,1,1
white,2,9.4,1.6,0.9942,9.5,1,1,1
white,2,9.8,2.8,0.9956,9.2,1,1,1
white,2,9.8,15.4,1.0004,9.5,1,1,1
white,2,9.9,2.4,0.9948,9.4,1,1,1
white,2,5.2,7,0.9944,9.7,1,1,1
white,2,5.3,6.9,0.9944,9.7,1,1,1
white,2,5.3,3.6,0.99278,9.8,1,1,1
white,2,5.5,2.5,0.9924,9.6,1,1,1
white,2,5.7,2.5,0.99276,9.9,1,1,1
white,2,5.7,5.5,0.99324,9.9,1,1,1
white,2,5.7,6.3,0.9936,9.9,1,1,1
white,2,5.7,1.9,0.9934,9.9,1,1,1
white,2,5.8,1.2,0.99288,9.55,1,1,1
white,2,5.8,4.4,0.9937,9.6,1,1,1
white,2,5.9,2.6,0.9948,9.2,1,1,1
white,2,6,15.9,0.9979,8.8,1,1,1
white,2,6,19.3,0.99911,9,1,1,1
white,2,6,19.3,0.99911,9,1,1,1
white,2,6,1.5,0.9932,9.2,1,1,1
white,2,6,0.8,0.9924,9.4,1,1,1
white,2,6,14.7,0.998365,9.4,1,1,1
white,2,6,1.5,0.9928,9.7,1,1,1
white,2,6,12.4,0.99622,9.7,1,1,1
white,2,6,5.6,0.99373,9.8,1,1,1
white,2,6,2.2,0.9928,9.8,1,1,1
white,2,6.1,10.6,0.99699,8.8,1,1,1
white,2,6.1,15,0.9978,9,1,1,1
white,2,6.1,1.8,0.9929,9,1,1,1
white,2,6.1,1.4,0.99309,9.6,1,1,1
white,2,6.1,6.4,0.9944,9.9,1,1,1
white,2,6.2,1.5,0.9939,9,1,1,1
white,2,6.2,20.8,1.00022,9,1,1,1
white,2,6.2,15.8,0.99804,9.2,1,1,1
white,2,6.2,1.2,0.9934,9.2,1,1,1
white,2,6.2,7.7,0.99771,9.2,1,1,1
white,2,6.2,4.8,0.99424,9.3,1,1,1
white,2,6.2,12,0.9974,9.3,1,1,1
white,2,6.2,2.8,0.9936,9.4,1,1,1
white,2,6.2,16.8,0.99882,9.4,1,1,1
white,2,6.2,11.2,0.99656,9.4,1,1,1
white,2,6.2,15,0.99767,9.6,1,1,1
white,2,6.2,8.3,0.9964,9.6,1,1,1
white,2,6.2,15.55,0.9982,9.6,1,1,1
white,2,6.2,4.4,0.994,9.8,1,1,1
white,2,6.2,12.4,0.99612,9.9,1,1,1
white,2,6.2,5.6,0.99425,9.9,1,1,1
white,2,6.3,16,0.99824,9.1,1,1,1
white,2,6.3,8.1,0.99596,9.2,1,1,1
white,2,6.3,3.4,0.99373,9.2,1,1,1
white,2,6.3,12.6,0.9979,9.3,1,1,1
white,2,6.3,7.6,0.99548,9.4,1,1,1
white,2,6.3,1.2,0.9934,9.4,1,1,1
white,2,6.3,7.6,0.99548,9.4,1,1,1
white,2,6.3,8.8,0.99803,9.4,1,1,1
white,2,6.3,11.2,0.99592,9.5,1,1,1
white,2,6.3,7.2,0.9958,9.7,1,1,1
white,2,6.3,12,0.9961,9.9,1,1,1
white,2,6.4,14.4,0.99955,8.8,1,1,1
white,2,6.4,1.1,0.99405,9.1,1,1,1
white,2,6.4,1.1,0.9939,9.1,1,1,1
white,2,6.4,15,0.99736,9.2,1,1,1
white,2,6.4,7.2,0.99604,9.2,1,1,1
white,2,6.4,1.1,0.99304,9.3,1,1,1
white,2,6.4,5.5,0.9951,9.3,1,1,1
white,2,6.4,10.7,0.9968,9.4,1,1,1
white,2,6.4,8.2,0.99538,9.5,1,1,1
white,2,6.4,2.4,0.9938,9.7,1,1,1
white,2,6.4,5.6,0.99441,9.8,1,1,1
white,2,6.4,10.7,0.99606,9.9,1,1,1
white,2,6.4,2.25,0.9937,9.9,1,1,1
white,2,6.5,18,1.00038,8.5,1,1,1
white,2,6.5,18.1,0.99941,8.8,1,1,1
white,2,6.5,9.8,0.9972,9,1,1,1
white,2,6.5,13,0.99708,9.3,1,1,1
white,2,6.5,1.4,0.9941,9.5,1,1,1
white,2,6.5,15.4,0.9978,9.6,1,1,1
white,2,6.5,8.3,0.99492,9.6,1,1,1
white,2,6.5,1.3,0.99298,9.7,1,1,1
white,2,6.6,10.4,0.99754,8.8,1,1,1
white,2,6.6,11.9,0.99851,8.9,1,1,1
white,2,6.6,11.4,0.99732,8.9,1,1,1
white,2,6.6,14.4,0.9991,8.9,1,1,1
white,2,6.6,14.9,0.99835,9,1,1,1
white,2,6.6,14.9,0.99835,9,1,1,1
white,2,6.6,14.4,0.998,9.1,1,1,1
white,2,6.6,9.2,0.99833,9.1,1,1,1
white,2,6.6,18.15,0.99904,9.2,1,1,1
white,2,6.6,1.3,0.99512,9.2,1,1,1
white,2,6.6,16.05,0.99822,9.2,1,1,1
white,2,6.6,10,0.99642,9.4,1,1,1
white,2,6.6,9.2,0.9976,9.4,1,1,1
white,2,6.6,9.7,0.99787,9.4,1,1,1
white,2,6.6,12.3,0.99676,9.4,1,1,1
white,2,6.6,4.9,0.9952,9.5,1,1,1
white,2,6.6,8.1,0.99494,9.533333333,1,1,1
white,2,6.6,11.4,0.99604,9.7,1,1,1
white,2,6.6,8.9,0.9954,9.8,1,1,1
white,2,6.7,14.8,0.99942,8.8,1,1,1
white,2,6.7,9.2,0.9968,9.1,1,1,1
white,2,6.7,16.4,0.99834,9.1,1,1,1
white,2,6.7,14.3,0.99869,9.1,1,1,1
white,2,6.7,8.9,0.9964,9.2,1,1,1
white,2,6.7,13.1,0.997,9.5,1,1,1
white,2,6.7,4,0.9956,9.5,1,1,1
white,2,6.7,7.5,0.99662,9.6,1,1,1
white,2,6.7,12.1,0.99794,9.7,1,1,1
white,2,6.7,9.4,0.9954,9.9,1,1,1
white,2,6.8,22,1.001,8.7,1,1,1
white,2,6.8,12.8,0.99808,9,1,1,1
white,2,6.8,13,0.9984,9,1,1,1
white,2,6.8,6.2,0.99858,9.2,1,1,1
white,2,6.8,16.1,0.9984,9.3,1,1,1
white,2,6.8,11.6,0.99775,9.3,1,1,1
white,2,6.8,7.45,0.99579,9.4,1,1,1
white,2,6.8,17.5,0.99784,9.5,1,1,1
white,2,6.8,8.2,0.99586,9.5,1,1,1
white,2,6.8,13.2,0.9972,9.6,1,1,1
white,2,6.9,19.25,0.99954,9.1,1,1,1
white,2,6.9,19.25,0.99954,9.1,1,1,1
white,2,6.9,11.2,0.9968,9.2,1,1,1
white,2,6.9,3.3,0.99428,9.3,1,1,1
white,2,6.9,8.9,0.996,9.3,1,1,1
white,2,6.9,6.2,0.99552,9.4,1,1,1
white,2,6.9,8.4,0.99604,9.4,1,1,1
white,2,6.9,13.65,0.99784,9.5,1,1,1
white,2,6.9,13.65,0.99784,9.5,1,1,1
white,2,6.9,15,0.9992,9.5,1,1,1
white,2,6.9,14,0.9979,9.6,1,1,1
white,2,6.9,12.5,0.9983,9.6,1,1,1
white,2,6.9,1.3,0.99362,9.9,1,1,1
white,2,7,14.9,0.9983,9.3,1,1,1
white,2,7,5.7,0.9954,9.4,1,1,1
white,2,7,16.7,0.99898,9.4,1,1,1
white,2,7,12.1,0.99718,9.5,1,1,1
white,2,7,10.7,0.9966,9.5,1,1,1
white,2,7.1,15.6,0.9996,9,1,1,1
white,2,7.1,16,0.99954,9,1,1,1
white,2,7.1,14.4,0.9986,9.1,1,1,1
white,2,7.1,14.4,0.9986,9.1,1,1,1
white,2,7.1,16.5,0.999,9.1,1,1,1
white,2,7.1,16.5,0.999,9.1,1,1,1
white,2,7.1,15.25,0.99946,9.1,1,1,1
white,2,7.1,14.5,0.99947,9.1,1,1,1
white,2,7.1,14.55,0.99945,9.1,1,1,1
white,2,7.1,7.8,0.99579,9.4,1,1,1
white,2,7.1,7.8,0.99579,9.4,1,1,1
white,2,7.1,13.7,0.9981,9.4,1,1,1
white,2,7.1,11.6,0.997,9.5,1,1,1
white,2,7.1,8.2,0.996,9.7,1,1,1
white,2,7.1,1.3,0.9926,9.9,1,1,1
white,2,7.2,18.75,1,8.9,1,1,1
white,2,7.2,9.5,0.9971,9.1,1,1,1
white,2,7.2,8.5,0.99626,9.2,1,1,1
white,2,7.2,1.5,0.9938,9.2,1,1,1
white,2,7.2,15.7,0.99922,9.4,1,1,1
white,2,7.2,15.7,0.99922,9.4,1,1,1
white,2,7.2,7.7,0.99582,9.5,1,1,1
white,2,7.2,11.9,0.9962,9.6,1,1,1
white,2,7.2,7.2,0.9955,9.7,1,1,1
white,2,7.3,13.7,0.9994,9,1,1,1
white,2,7.3,1.3,0.9948,9.1,1,1,1
white,2,7.3,1.4,0.9946,9.4,1,1,1
white,2,7.3,1.5,0.9946,9.4,1,1,1
white,2,7.3,12.7,0.998,9.6,1,1,1
white,2,7.4,16.6,1.0017,8.7,1,1,1
white,2,7.4,1.7,0.9955,8.9,1,1,1
white,2,7.4,17.95,1.0002,9.1,1,1,1
white,2,7.4,14.5,0.9986,9.2,1,1,1
white,2,7.4,14.5,0.9986,9.2,1,1,1
white,2,7.4,1.4,0.99335,9.3,1,1,1
white,2,7.4,14.1,0.99886,9.4,1,1,1
white,2,7.4,12.9,0.99831,9.4,1,1,1
white,2,7.4,10.4,0.9966,9.7,1,1,1
white,2,7.4,1.5,0.99496,9.8,1,1,1
white,2,7.4,11.8,0.99699,9.8,1,1,1
white,2,7.4,2.3,0.9934,9.9,1,1,1
white,2,7.5,13.1,0.99884,9.1,1,1,1
white,2,7.5,8.95,0.9968,9.3,1,1,1
white,2,7.5,8.7,0.99711,9.4,1,1,1
white,2,7.5,14.8,0.9982,9.5,1,1,1
white,2,7.5,14.8,0.9982,9.5,1,1,1
white,2,7.6,11.7,0.99776,9,1,1,1
white,2,7.6,13,0.9988,9.2,1,1,1
white,2,7.6,16.75,0.9999,9.2,1,1,1
white,2,7.6,16.75,0.9999,9.2,1,1,1
white,2,7.6,18.75,1.00014,9.3,1,1,1
white,2,7.6,13.9,0.9984,9.8,1,1,1
white,2,7.6,2.2,0.99445,9.8,1,1,1
white,2,7.7,9.2,0.9969,9.2,1,1,1
white,2,7.7,14.3,0.9991,9.2,1,1,1
white,2,7.7,10.7,0.9969,9.5,1,1,1
white,2,7.8,12.2,0.9984,8.8,1,1,1
white,2,7.8,12.2,0.998,8.9,1,1,1
white,2,7.8,13.7,0.99976,8.9,1,1,1
white,2,7.8,13.7,0.99976,8.9,1,1,1
white,2,7.8,9.5,0.99715,9.3,1,1,1
white,2,7.8,2.1,0.99434,9.8,1,1,1
white,2,7.9,10.6,0.9983,9.1,1,1,1
white,2,7.9,17,1.0004,9.3,1,1,1
white,2,7.9,11.4,0.99708,9.6,1,1,1
white,2,7.9,1.6,0.9948,9.6,1,1,1
white,2,7.9,6.2,0.9984,9.7,1,1,1
white,2,8,14.6,1.0003,8.6,1,1,1
white,2,8,19.1,1.00051,9.2,1,1,1
white,2,8,12.6,0.9988,9.3,1,1,1
white,2,8.1,16.65,1.0006,9.1,1,1,1
white,2,8.1,1.3,0.99232,9.8,1,1,1
white,2,8.2,13.9,0.99873,9.3,1,1,1
white,2,8.2,1.4,0.9958,9.9,1,1,1
white,2,8.3,17.5,1.00014,9.1,1,1,1
white,2,8.3,19.8,1.0012,9.2,1,1,1
white,2,8.3,7.8,0.9976,9.6,1,1,1
white,2,8.3,14.8,1.0002,9.7,1,1,1
white,2,8.4,11.8,1.0004,8.9,1,1,1
white,2,8.4,11.8,1.0004,8.9,1,1,1
white,2,8.5,15.2,1.0005,9,1,1,1
white,2,8.5,16.2,0.998,9.8,1,1,1
white,2,8.6,12.15,0.9983,9.3,1,1,1
white,2,8.8,15,1.0008,8.8,1,1,1
white,2,9.2,3.2,0.996,9.5,1,1,1
white,2,9.2,3.2,0.996,9.5,1,1,1
white,2,9.7,1.5,0.9958,9.5,1,1,1
white,2,10.3,1.4,0.9939,9.6,1,2,1
white,2,10.2,6.2,0.9968,9.9,1,2,1
white,2,10.3,2.2,0.998,9.7,1,2,1
white,2,10.7,8.2,0.998,9.5,1,2,1
