wine_type,winetype_numeric,fixed acidity,residual sugar,density,pH,sulphates,alcohol,sulphates 1=low 2=high,alcohol 1=low 2=high,fixed acidity 1=low 2=high,healthiness,quality
white,2,3.8,11.1,0.99248,3.75,0.44,12.4,1,2,1,1,2
white,2,3.9,4.2,0.989,3.57,0.36,12.8,1,2,1,1,2
white,2,4.4,2.8,0.98816,3.48,0.34,13.1,1,2,1,1,2
white,2,4.8,1.2,0.99132,3.31,0.4,10.3,1,2,1,1,2
white,2,4.8,2.9,0.9902,3.38,0.34,11.3,1,2,1,1,2
white,2,4.8,1.1,0.99246,3.32,0.36,13.5,1,2,1,1,2
white,2,5,1.5,0.9917,3.48,0.44,10.7,1,2,1,1,2
white,2,5,1.5,0.9906,3.48,0.39,10.8,1,2,1,1,2
white,2,5,4.5,0.98956,3.45,0.31,12.6,1,2,1,1,2
white,2,5,3.7,0.9887,3.36,0.3,13,1,2,1,1,2
white,2,5,1.3,0.9874,3.26,0.37,13.5,1,2,1,1,2
white,2,5.1,8.3,0.99308,3.36,0.37,11,1,2,1,1,2
white,2,5.1,1,0.98956,3.22,0.39,11.5,1,2,1,1,2
white,2,5.1,6.8,0.99188,3.38,0.4,11.5,1,2,1,1,2
white,2,5.1,2.3,0.98944,3.29,0.46,12.2,1,2,1,1,2
white,2,5.1,1.6,0.9893,3.51,0.38,12.5,1,2,1,1,2
white,2,5.1,1.6,0.9893,3.51,0.38,12.5,1,2,1,1,2
white,2,5.2,1,0.99218,3.55,0.44,10.15,1,2,1,1,2
white,2,5.2,3.8,0.992,3.55,0.49,11.2,1,2,1,1,2
white,2,5.2,1.2,0.9902,3.37,0.38,11.7,1,2,1,1,2
white,2,5.2,1.4,0.9894,3.36,0.33,12.1,1,2,1,1,2
white,2,5.2,1.5,0.98942,3.56,0.48,13,1,2,1,1,2
white,2,5.3,1.3,0.9906,3.59,0.38,11,1,2,1,1,2
white,2,5.3,6.3,0.99186,3.37,0.4,11.6,1,2,1,1,2
white,2,5.3,10.5,0.99321,3.34,0.46,11.7,1,2,1,1,2
white,2,5.3,4.2,0.9905,3.3,0.36,11.8,1,2,1,1,2
white,2,5.4,1.6,0.99265,3.54,0.41,10,1,2,1,1,2
white,2,5.4,7.8,0.99432,3.19,0.38,10.4,1,2,1,1,2
white,2,5.4,4,0.99031,3.3,0.43,12.2,1,2,1,1,2
white,2,5.4,1.2,0.98895,3.28,0.36,12.4,1,2,1,1,2
white,2,5.4,6.4,0.98944,3.22,0.27,13.4,1,2,1,1,2
white,2,5.5,1.7,0.99224,3.22,0.48,10,1,2,1,1,2
white,2,5.5,1.7,0.99142,3.29,0.39,10.5,1,2,1,1,2
white,2,5.5,0.9,0.99026,3.5,0.39,11.2,1,2,1,1,2
white,2,5.5,1.2,0.9898,3.33,0.44,11.65,1,2,1,1,2
white,2,5.5,1.1,0.98869,3.34,0.38,12.8,1,2,1,1,2
white,2,5.5,1.7,0.98758,3.15,0.39,13.55,1,2,1,1,2
white,2,5.6,1.4,0.99174,3.32,0.35,10.2,1,2,1,1,2
white,2,5.6,10.2,0.9945,2.98,0.43,10.4,1,2,1,1,2
white,2,5.6,5.3,0.9923,3.3,0.39,10.5,1,2,1,1,2
white,2,5.6,7.1,0.9931,3.3,0.4,10.5,1,2,1,1,2
white,2,5.6,10.6,0.9947,3.4,0.34,10.7,1,2,1,1,2
white,2,5.6,6.9,0.99266,3.25,0.49,11.1,1,2,1,1,2
white,2,5.6,0.9,0.99026,3.5,0.39,11.2,1,2,1,1,2
white,2,5.6,4.5,0.9922,3.56,0.45,11.2,1,2,1,1,2
white,2,5.6,1,0.9902,3.37,0.34,11.4,1,2,1,1,2
white,2,5.6,4.8,0.9908,3.29,0.37,12.6,1,2,1,1,2
white,2,5.6,4.7,0.9906,3.28,0.36,12.7,1,2,1,1,2
white,2,5.6,1.7,0.98892,3.35,0.37,12.9,1,2,1,1,2
white,2,5.6,1.2,0.98823,3.2,0.46,13.05,1,2,1,1,2
white,2,5.7,1.2,0.9934,3.8,0.41,10.2,1,2,1,1,2
white,2,5.7,9,0.99474,3.36,0.37,10.4,1,2,1,1,2
white,2,5.7,11.4,0.99456,3.03,0.34,10.5,1,2,1,1,2
white,2,5.7,10.4,0.994,3.39,0.37,10.6,1,2,1,1,2
white,2,5.7,0.9,0.99074,3.24,0.46,10.6,1,2,1,1,2
white,2,5.7,1.4,0.9906,3.44,0.37,11,1,2,1,1,2
white,2,5.7,3.7,0.9913,3.22,0.27,11.2,1,2,1,1,2
white,2,5.7,3.7,0.9913,3.22,0.27,11.2,1,2,1,1,2
white,2,5.7,3.5,0.98999,3.17,0.36,12.1,1,2,1,1,2
white,2,5.7,1.3,0.98968,3.37,0.43,12.4,1,2,1,1,2
white,2,5.8,7,0.9949,3.46,0.45,10,1,2,1,1,2
white,2,5.8,14.95,0.9962,3.37,0.37,10.2,1,2,1,1,2
white,2,5.8,1.2,0.9908,3.42,0.4,11,1,2,1,1,2
white,2,5.8,1.4,0.9909,3.29,0.38,11.3,1,2,1,1,2
white,2,5.8,1,0.99044,3.36,0.48,11.4,1,2,1,1,2
white,2,5.8,3.5,0.98994,3.1,0.38,11.5,1,2,1,1,2
white,2,5.8,1,0.98993,3.5,0.42,11.7,1,2,1,1,2
white,2,5.8,3.5,0.9913,3.53,0.43,11.7,1,2,1,1,2
white,2,5.8,3.5,0.99057,3.2,0.44,11.7,1,2,1,1,2
white,2,5.8,1.5,0.9887,2.96,0.35,12,1,2,1,1,2
white,2,5.8,3.7,0.98994,3.25,0.42,12.3,1,2,1,1,2
white,2,5.8,1.4,0.98918,3.26,0.35,12.4,1,2,1,1,2
white,2,5.8,4,0.9896,3.39,0.39,12.8,1,2,1,1,2
white,2,5.9,1.3,0.99232,3.2,0.47,10,1,2,1,1,2
white,2,5.9,7.4,0.995,3.49,0.42,10.1,1,2,1,1,2
white,2,5.9,14.4,0.99666,3.24,0.41,10.3,1,2,1,1,2
white,2,5.9,1.4,0.99148,3.3,0.36,10.5,1,2,1,1,2
white,2,5.9,11.4,0.9949,3.35,0.48,10.5,1,2,1,1,2
white,2,5.9,2.4,0.99184,3.25,0.48,10.9,1,2,1,1,2
white,2,5.9,5.1,0.99165,3.16,0.44,11.3,1,2,1,1,2
white,2,5.9,5.4,0.99224,3.24,0.41,11.4,1,2,1,1,2
white,2,5.9,1.6,0.99105,3.25,0.45,11.4,1,2,1,1,2
white,2,5.9,7.85,0.9933,3.52,0.43,11.5,1,2,1,1,2
white,2,5.9,1.2,0.99134,3.46,0.44,11.5,1,2,1,1,2
white,2,5.9,1.3,0.99069,3.31,0.47,11.55,1,2,1,1,2
white,2,5.9,1.5,0.99021,3.36,0.49,12,1,2,1,1,2
white,2,5.9,6.4,0.99151,3.24,0.46,12.2,1,2,1,1,2
white,2,5.9,3.2,0.98959,3.26,0.42,12.6,1,2,1,1,2
white,2,5.9,8.1,0.9911,3.22,0.36,12.7,1,2,1,1,2
white,2,5.9,2,0.98892,3.41,0.41,12.9,1,2,1,1,2
white,2,5.9,2,0.98892,3.4,0.41,12.9,1,2,1,1,2
white,2,6,1.6,0.9931,3.17,0.48,10.1,1,2,1,1,2
white,2,6,1.6,0.9921,3.19,0.38,10.2,1,2,1,1,2
white,2,6,6.3,0.9946,3.52,0.41,10.4,1,2,1,1,2
white,2,6,8.7,0.99368,3.18,0.39,10.6,1,2,1,1,2
white,2,6,6.7,0.9951,3.63,0.46,10.6,1,2,1,1,2
white,2,6,0.8,0.99032,3.1,0.4,10.9,1,2,1,1,2
white,2,6,7.7,0.99224,3.04,0.38,11,1,2,1,1,2
white,2,6,0.8,0.99036,3.14,0.4,11,1,2,1,1,2
white,2,6,6.8,0.9928,3.15,0.42,11,1,2,1,1,2
white,2,6,1.3,0.9914,3.32,0.43,11.1,1,2,1,1,2
white,2,6,1.3,0.99125,3.46,0.43,11.1,1,2,1,1,2
white,2,6,1.2,0.99185,3.32,0.44,11.2,1,2,1,1,2
white,2,6,12.2,0.99356,3.17,0.42,11.3,1,2,1,1,2
white,2,6,3.3,0.9914,3.31,0.44,11.3,1,2,1,1,2
white,2,6,1.1,0.98954,3.14,0.38,11.5,1,2,1,1,2
white,2,6,0.9,0.98934,3.24,0.35,12.1,1,2,1,1,2
white,2,6,2.2,0.989465,3.11,0.48,12.15,1,2,1,1,2
white,2,6,6,0.9912,3.38,0.38,12.3,1,2,1,1,2
white,2,6,1,0.9896,3.38,0.44,12.3,1,2,1,1,2
white,2,6,1.4,0.98998,3.32,0.41,12.4,1,2,1,1,2
white,2,6,2.1,0.98964,3.32,0.42,12.5,1,2,1,1,2
white,2,6,1.1,0.98862,3.22,0.38,12.6,1,2,1,1,2
white,2,6,1.1,0.98862,3.22,0.38,12.6,1,2,1,1,2
white,2,6.1,9.8,0.99532,3.14,0.42,10.2,1,2,1,1,2
white,2,6.1,9.8,0.9957,3.36,0.47,10.2,1,2,1,1,2
white,2,6.1,2.2,0.9926,3.37,0.47,10.4,1,2,1,1,2
white,2,6.1,10.5,0.9963,3.14,0.35,10.5,1,2,1,1,2
white,2,6.1,1.4,0.99184,3.22,0.39,10.5,1,2,1,1,2
white,2,6.1,1.8,0.9945,3.49,0.44,10.5,1,2,1,1,2
white,2,6.1,12.1,0.99481,3.21,0.4,10.7,1,2,1,1,2
white,2,6.1,6,0.99474,3.68,0.46,10.7,1,2,1,1,2
white,2,6.1,10,0.994,3.22,0.35,10.9,1,2,1,1,2
white,2,6.1,7.75,0.99296,3.22,0.46,11,1,2,1,1,2
white,2,6.1,1.3,0.9912,3.41,0.41,11.1,1,2,1,1,2
white,2,6.1,6.6,0.99188,3.15,0.36,11.45,1,2,1,1,2
white,2,6.1,1.85,0.98966,3.03,0.3,11.8,1,2,1,1,2
white,2,6.1,1.85,0.98966,3.03,0.3,11.8,1,2,1,1,2
white,2,6.1,5,0.99007,3.15,0.31,12.4,1,2,1,1,2
white,2,6.1,1.5,0.9898,3.29,0.42,12.4,1,2,1,1,2
white,2,6.1,1.1,0.9898,3.36,0.4,12.5,1,2,1,1,2
white,2,6.1,4.7,0.99042,3.16,0.42,12.5,1,2,1,1,2
white,2,6.1,2.1,0.9895,3.39,0.43,12.7,1,2,1,1,2
white,2,6.1,2.1,0.9895,3.39,0.43,12.7,1,2,1,1,2
white,2,6.15,3.2,0.99076,3.39,0.47,12,1,2,1,1,2
white,2,6.2,8,0.99445,3.11,0.42,10.4,1,2,1,1,2
white,2,6.2,4.9,0.9927,3.2,0.42,10.4,1,2,1,1,2
white,2,6.2,3.4,0.9924,3.14,0.43,10.4,1,2,1,1,2
white,2,6.2,16.8,0.99691,3.23,0.38,10.5,1,2,1,1,2
white,2,6.2,2.2,0.9917,3.19,0.48,10.5,1,2,1,1,2
white,2,6.2,10.3,0.99388,3.2,0.36,10.7,1,2,1,1,2
white,2,6.2,1.4,0.9909,3.28,0.38,11.2,1,2,1,1,2
white,2,6.2,5.25,0.99184,3.22,0.4,11.2,1,2,1,1,2
white,2,6.2,5.25,0.99184,3.22,0.4,11.2,1,2,1,1,2
white,2,6.2,1.7,0.9911,3.28,0.41,11.2,1,2,1,1,2
white,2,6.2,4.8,0.99174,3.23,0.43,11.2,1,2,1,1,2
white,2,6.2,6,0.9928,3.41,0.36,11.3,1,2,1,1,2
white,2,6.2,4.5,0.9919,3.27,0.37,11.6,1,2,1,1,2
white,2,6.2,11.8,0.99364,3.18,0.34,11.9,1,2,1,1,2
white,2,6.2,3.2,0.98956,3.06,0.33,12,1,2,1,1,2
white,2,6.2,1.1,0.9899,3.36,0.47,12.1,1,2,1,1,2
white,2,6.2,1.1,0.9889,2.97,0.42,12.2,1,2,1,1,2
white,2,6.2,6.6,0.9914,3.32,0.45,12.5,1,2,1,1,2
white,2,6.2,2.2,0.9899,3.16,0.48,12.7,1,2,1,1,2
white,2,6.2,2,0.98822,3.06,0.46,13.6,1,2,1,1,2
white,2,6.3,13.7,0.99567,3.17,0.38,10.6,1,2,1,1,2
white,2,6.3,4,0.9915,3.06,0.34,10.7,1,2,1,1,2
white,2,6.3,12.7,0.99526,3.26,0.35,10.8,1,2,1,1,2
white,2,6.3,11.8,0.99519,3.2,0.35,10.8,1,2,1,1,2
white,2,6.3,5.7,0.9927,3.27,0.41,11,1,2,1,1,2
white,2,6.3,4.2,0.99182,3.24,0.43,11.3,1,2,1,1,2
white,2,6.3,5.1,0.99186,3.24,0.44,11.3,1,2,1,1,2
white,2,6.3,6.3,0.9921,3.29,0.46,11.6,1,2,1,1,2
white,2,6.3,6.3,0.9921,3.29,0.46,11.6,1,2,1,1,2
white,2,6.3,8.2,0.99394,3.39,0.49,11.7,1,2,1,1,2
white,2,6.3,1.8,0.9906,3.28,0.4,11.8,1,2,1,1,2
white,2,6.3,2.8,0.9908,3.27,0.43,11.8,1,2,1,1,2
white,2,6.3,7.3,0.99172,3.2,0.39,11.94,1,2,1,1,2
white,2,6.3,1.2,0.9911,3.38,0.42,12.2,1,2,1,1,2
white,2,6.3,1.5,0.98876,2.94,0.39,12.3,1,2,1,1,2
white,2,6.3,1.5,0.98993,3.3,0.46,12.3,1,2,1,1,2
white,2,6.3,2.5,0.98868,3.1,0.47,12.8,1,2,1,1,2
white,2,6.4,7.9,0.99425,3.26,0.36,10,1,2,1,1,2
white,2,6.4,7.5,0.99475,3.32,0.43,10,1,2,1,1,2
white,2,6.4,5.1,0.9944,3.29,0.32,10.1,1,2,1,1,2
white,2,6.4,5.7,0.9944,3.33,0.43,10.1,1,2,1,1,2
white,2,6.4,1.8,0.99166,3.1,0.38,10.2,1,2,1,1,2
white,2,6.4,1.8,0.99166,3.1,0.38,10.2,1,2,1,1,2
white,2,6.4,2.8,0.99152,3.03,0.49,10.4,1,2,1,1,2
white,2,6.4,17.05,0.99724,3.25,0.35,10.5,1,2,1,1,2
white,2,6.4,5.3,0.99455,3.35,0.47,10.5,1,2,1,1,2
white,2,6.4,16.05,0.99678,3.11,0.38,10.6,1,2,1,1,2
white,2,6.4,1.1,0.9905,2.97,0.28,10.8,1,2,1,1,2
white,2,6.4,1,0.9904,2.97,0.29,10.8,1,2,1,1,2
white,2,6.4,9.65,0.99334,2.99,0.34,10.93333333,1,2,1,1,2
white,2,6.4,9.1,0.99326,2.97,0.3,11,1,2,1,1,2
white,2,6.4,4.6,0.99216,3.18,0.4,11,1,2,1,1,2
white,2,6.4,5.9,0.99278,3.15,0.4,11,1,2,1,1,2
white,2,6.4,4.6,0.99216,3.18,0.4,11,1,2,1,1,2
white,2,6.4,7.4,0.99323,3.27,0.45,11.1,1,2,1,1,2
white,2,6.4,10.8,0.99356,3.18,0.37,11.2,1,2,1,1,2
white,2,6.4,8.2,0.99234,2.99,0.31,11.4,1,2,1,1,2
white,2,6.4,1.2,0.99084,3.38,0.35,11.5,1,2,1,1,2
white,2,6.4,0.95,0.99033,3.25,0.35,11.8,1,2,1,1,2
white,2,6.4,1.9,0.99,3.06,0.45,11.8,1,2,1,1,2
white,2,6.4,5.85,0.992,3.23,0.32,12,1,2,1,1,2
white,2,6.5,1.4,0.9932,3.26,0.32,10,1,2,1,1,2
white,2,6.5,12.9,0.9967,3.17,0.43,10,1,2,1,1,2
white,2,6.5,1.3,0.9937,3.29,0.45,10,1,2,1,1,2
white,2,6.5,1.5,0.99092,3.06,0.46,10.5,1,2,1,1,2
white,2,6.5,8.5,0.9943,3.03,0.42,10.7,1,2,1,1,2
white,2,6.5,11.45,0.99418,2.98,0.3,10.9,1,2,1,1,2
white,2,6.5,7.3,0.99268,3.21,0.43,11,1,2,1,1,2
white,2,6.5,6.65,0.99254,3.18,0.42,11.1,1,2,1,1,2
white,2,6.5,1.4,0.99199,3.43,0.48,11.1,1,2,1,1,2
white,2,6.5,4.8,0.992,3.18,0.44,11.2,1,2,1,1,2
white,2,6.5,1,0.9908,3.3,0.39,11.4,1,2,1,1,2
white,2,6.5,14.5,0.99456,3.06,0.3,11.5,1,2,1,1,2
white,2,6.5,3.9,0.99098,3.15,0.31,11.5,1,2,1,1,2
white,2,6.5,3.5,0.99024,3.15,0.31,12,1,2,1,1,2
white,2,6.5,2.9,0.9902,3.1,0.49,12.1,1,2,1,1,2
white,2,6.5,6.1,0.99122,3.24,0.32,12.2,1,2,1,1,2
white,2,6.5,1,0.99004,3.06,0.37,12.2,1,2,1,1,2
white,2,6.5,1,0.98926,3.24,0.36,12.3,1,2,1,1,2
white,2,6.5,1.3,0.98964,3.18,0.41,12.3,1,2,1,1,2
white,2,6.5,11.25,0.9922,3.02,0.38,12.4,1,2,1,1,2
white,2,6.5,2.2,0.9898,3.28,0.36,12.5,1,2,1,1,2
white,2,6.5,1.95,0.989,3.12,0.25,12.9,1,2,1,1,2
white,2,6.6,7.4,0.99388,3.16,0.37,10,1,2,1,1,2
white,2,6.6,1.5,0.99208,3.16,0.42,10,1,2,1,1,2
white,2,6.6,10.9,0.9963,3.24,0.47,10,1,2,1,1,2
white,2,6.6,1.3,0.9951,3.42,0.47,10,1,2,1,1,2
white,2,6.6,1.7,0.99207,3.13,0.45,10.2,1,2,1,1,2
white,2,6.6,1.7,0.99207,3.13,0.45,10.2,1,2,1,1,2
white,2,6.6,3,0.99338,3.26,0.47,10.4,1,2,1,1,2
white,2,6.6,1.4,0.99215,3.29,0.46,10.7,1,2,1,1,2
white,2,6.6,1.4,0.9915,3.05,0.49,10.9,1,2,1,1,2
white,2,6.6,5.6,0.99299,3.22,0.38,11,1,2,1,1,2
white,2,6.6,2.9,0.99089,3.22,0.38,11.3,1,2,1,1,2
white,2,6.6,5.35,0.99112,2.93,0.43,11.5,1,2,1,1,2
white,2,6.6,2.5,0.9906,3.14,0.32,11.9,1,2,1,1,2
white,2,6.6,9.4,0.99254,3.17,0.34,12.1,1,2,1,1,2
white,2,6.6,3.3,0.99031,3.1,0.4,12.3,1,2,1,1,2
white,2,6.6,2.2,0.99,3.12,0.48,12.4,1,2,1,1,2
white,2,6.6,0.8,0.9888,3.03,0.37,12.5,1,2,1,1,2
white,2,6.7,1.3,0.9921,3.21,0.42,10,1,2,1,1,2
white,2,6.7,1.4,0.99206,3.12,0.44,10.1,1,2,1,1,2
white,2,6.7,6.5,0.99348,3.12,0.33,10.2,1,2,1,1,2
white,2,6.7,8.6,0.9955,3.25,0.41,10.2,1,2,1,1,2
white,2,6.7,3.6,0.99144,3.08,0.4,10.5,1,2,1,1,2
white,2,6.7,1.8,0.9925,3.32,0.4,10.8,1,2,1,1,2
white,2,6.7,10.2,0.99469,3.11,0.45,10.9,1,2,1,1,2
white,2,6.7,2.6,0.99086,3.05,0.34,11.7,1,2,1,1,2
white,2,6.7,2.5,0.9909,3.14,0.36,11.7,1,2,1,1,2
white,2,6.7,2.4,0.99064,3.26,0.39,11.7,1,2,1,1,2
white,2,6.7,6.6,0.99123,2.97,0.31,12.2,1,2,1,1,2
white,2,6.7,5.3,0.99122,3.12,0.46,12.2,1,2,1,1,2
white,2,6.7,9.55,0.9919,2.98,0.37,12.4,1,2,1,1,2
white,2,6.7,8.3,0.99151,2.96,0.39,12.5,1,2,1,1,2
white,2,6.7,9,0.99262,3.34,0.35,12.6,1,2,1,1,2
white,2,6.7,1.3,0.98939,3.24,0.37,12.8,1,2,1,1,2
white,2,6.7,1,0.98912,3.31,0.38,13,1,2,1,1,2
white,2,6.7,2.9,0.98926,3.13,0.4,13,1,2,1,1,2
white,2,6.7,4.75,0.99056,3.29,0.46,13,1,2,1,1,2
white,2,6.8,1.3,0.992,3.18,0.41,10,1,2,1,1,2
white,2,6.8,1.3,0.99271,3.17,0.39,10.2,1,2,1,1,2
white,2,6.8,8.9,0.9955,3.3,0.44,10.3,1,2,1,1,2
white,2,6.8,9.3,0.9946,3.16,0.36,10.4,1,2,1,1,2
white,2,6.8,1.5,0.9928,3.12,0.44,10.5,1,2,1,1,2
white,2,6.8,4.7,0.9927,3.21,0.38,10.6,1,2,1,1,2
white,2,6.8,26.05,1.00295,3.06,0.42,10.6,1,2,1,1,2
white,2,6.8,1.2,0.9916,3.13,0.41,10.7,1,2,1,1,2
white,2,6.8,7.6,0.99332,3.12,0.44,10.7,1,2,1,1,2
white,2,6.8,1.6,0.99346,3.27,0.47,10.7,1,2,1,1,2
white,2,6.8,9.8,0.99406,3.11,0.45,10.9,1,2,1,1,2
white,2,6.8,7.05,0.9935,3.25,0.37,11.1,1,2,1,1,2
white,2,6.8,0.7,0.9899,3.11,0.31,11.8,1,2,1,1,2
white,2,6.8,5.1,0.9921,3.24,0.46,11.8,1,2,1,1,2
white,2,6.8,7.4,0.99212,3.18,0.44,12,1,2,1,1,2
white,2,6.8,2.4,0.9911,3.28,0.46,12,1,2,1,1,2
white,2,6.8,20.3,0.99727,3.04,0.38,12.3,1,2,1,1,2
white,2,6.8,3.3,0.9896,3.1,0.4,12.4,1,2,1,1,2
white,2,6.8,4,0.99,3.23,0.46,12.4,1,2,1,1,2
white,2,6.8,4.8,0.99026,3.08,0.47,12.4,1,2,1,1,2
white,2,6.8,7.8,0.9915,3.24,0.34,12.5,1,2,1,1,2
white,2,6.8,1.8,0.99,3.13,0.49,12.8,1,2,1,1,2
white,2,6.8,6.2,0.99071,3.03,0.32,12.9,1,2,1,1,2
white,2,6.8,1.9,0.99,3.25,0.45,12.9,1,2,1,1,2
white,2,6.8,5.7,0.99,3.11,0.27,13,1,2,1,1,2
white,2,6.8,1.2,0.9889,3.19,0.41,13,1,2,1,1,2
white,2,6.9,13.3,0.99655,3.34,0.42,10.1,1,2,1,1,2
white,2,6.9,8.2,0.9944,3.17,0.33,10.2,1,2,1,1,2
white,2,6.9,5.4,0.9939,3.32,0.42,10.2,1,2,1,1,2
white,2,6.9,0.9,0.992,3.1,0.42,10.4,1,2,1,1,2
white,2,6.9,4.4,0.99347,3.24,0.46,10.4,1,2,1,1,2
white,2,6.9,7.9,0.99456,3.4,0.39,10.5,1,2,1,1,2
white,2,6.9,2.1,0.9926,3.42,0.49,10.8,1,2,1,1,2
white,2,6.9,1.4,0.99059,3.07,0.47,11.1,1,2,1,1,2
white,2,6.9,5,0.9924,3.25,0.43,11.2,1,2,1,1,2
white,2,6.9,1.6,0.99068,3.19,0.45,11.4,1,2,1,1,2
white,2,6.9,4.2,0.99089,3.12,0.39,11.5,1,2,1,1,2
white,2,6.9,4.2,0.99089,3.12,0.39,11.5,1,2,1,1,2
white,2,6.9,13.8,0.9948,3.1,0.37,11.6,1,2,1,1,2
white,2,6.9,2.4,0.99088,3.01,0.36,11.7,1,2,1,1,2
white,2,6.9,1.6,0.9917,3.37,0.47,11.7,1,2,1,1,2
white,2,6.9,2,0.9914,3.32,0.37,12.2,1,2,1,1,2
white,2,6.9,5,0.99124,3.2,0.42,12.2,1,2,1,1,2
white,2,6.9,8.2,0.99275,3.28,0.44,12.2,1,2,1,1,2
white,2,6.9,8.2,0.99144,3,0.37,12.3,1,2,1,1,2
white,2,6.9,1.6,0.9898,3.09,0.46,12.3,1,2,1,1,2
white,2,6.9,1.8,0.98992,3.15,0.46,12.3,1,2,1,1,2
white,2,6.9,6.1,0.99086,3.19,0.34,12.4,1,2,1,1,2
white,2,6.9,4.2,0.9902,3.16,0.31,12.5,1,2,1,1,2
white,2,6.9,4.2,0.9902,3.16,0.31,12.5,1,2,1,1,2
white,2,6.9,1.8,0.9899,3.25,0.41,12.6,1,2,1,1,2
white,2,7,1.7,0.9918,3.07,0.43,10.4,1,2,1,1,2
white,2,7,1.7,0.9918,3.07,0.43,10.4,1,2,1,1,2
white,2,7,1.6,0.9914,2.98,0.44,10.5,1,2,1,1,2
white,2,7,1.6,0.9923,3.08,0.46,10.5,1,2,1,1,2
white,2,7,4,0.9934,3.19,0.39,10.6,1,2,1,1,2
white,2,7,4.9,0.9942,3.33,0.37,10.8,1,2,1,1,2
white,2,7,4.9,0.9928,3.17,0.44,10.8,1,2,1,1,2
white,2,7,5.7,0.9938,3.2,0.49,10.8,1,2,1,1,2
white,2,7,0.9,0.9914,3.25,0.43,10.9,1,2,1,1,2
white,2,7,19.8,0.9976,3.07,0.38,11,1,2,1,1,2
white,2,7,8.8,0.99388,3.13,0.49,11,1,2,1,1,2
white,2,7,1.4,0.9918,3.34,0.41,11.1,1,2,1,1,2
white,2,7,6.5,0.9936,3.4,0.42,11.4,1,2,1,1,2
white,2,7,10.5,0.9935,3.09,0.33,11.6,1,2,1,1,2
white,2,7,1.7,0.9911,3.19,0.42,11.8,1,2,1,1,2
white,2,7,6.4,0.9924,3.23,0.44,11.8,1,2,1,1,2
white,2,7,4.2,0.9927,3.28,0.49,11.8,1,2,1,1,2
white,2,7,1.4,0.99,3.06,0.39,11.9,1,2,1,1,2
white,2,7,12.8,0.9942,3.26,0.38,12.2,1,2,1,1,2
white,2,7,5.3,0.9914,3.24,0.4,12.2,1,2,1,1,2
white,2,7,4.9,0.99168,3.38,0.43,12.2,1,2,1,1,2
white,2,7,2.8,0.99,3.19,0.38,12.6,1,2,1,1,2
white,2,7.1,6.1,0.9946,3.17,0.42,10,1,2,1,1,2
white,2,7.1,9.9,0.99642,3.12,0.49,10.2,1,2,1,1,2
white,2,7.1,1.4,0.9916,2.95,0.31,10.5,1,2,1,1,2
white,2,7.1,6.2,0.993,2.99,0.39,10.9,1,2,1,1,2
white,2,7.1,2,0.9924,3.24,0.37,11,1,2,1,1,2
white,2,7.1,16.2,0.99644,3.17,0.37,11.2,1,2,1,1,2
white,2,7.1,2.4,0.9903,3.15,0.38,11.4,1,2,1,1,2
white,2,7.1,2,0.9917,3.19,0.49,11.4,1,2,1,1,2
white,2,7.1,12.5,0.9941,3.17,0.29,11.6,1,2,1,1,2
white,2,7.1,8.4,0.99257,3.16,0.36,11.8,1,2,1,1,2
white,2,7.1,1.6,0.9901,3.22,0.34,12.1,1,2,1,1,2
white,2,7.1,1,0.98974,3.24,0.41,12.2,1,2,1,1,2
white,2,7.1,8.5,0.99338,3.16,0.46,12.2,1,2,1,1,2
white,2,7.1,1.8,0.9907,3.25,0.48,12.2,1,2,1,1,2
white,2,7.1,3.3,0.9912,3.08,0.31,12.3,1,2,1,1,2
white,2,7.1,3,0.9903,3.13,0.39,12.3,1,2,1,1,2
white,2,7.1,2.8,0.9899,3.15,0.38,12.7,1,2,1,1,2
white,2,7.1,2.8,0.98968,3.23,0.47,13.4,1,2,1,1,2
white,2,7.1,6.2,0.99021,3.17,0.27,13.6,1,2,1,1,2
white,2,7.2,1.8,0.9948,3.52,0.47,10,1,2,1,1,2
white,2,7.2,1.3,0.9945,3.46,0.44,10.2,1,2,1,1,2
white,2,7.2,1.5,0.99192,3.18,0.46,10.4,1,2,1,1,2
white,2,7.2,1.5,0.9933,3.26,0.44,10.5,1,2,1,1,2
white,2,7.2,10.5,0.99478,3.12,0.4,10.6,1,2,1,1,2
white,2,7.2,1.4,0.9914,2.88,0.38,10.8,1,2,1,1,2
white,2,7.2,1.1,0.9925,3.32,0.4,10.8,1,2,1,1,2
white,2,7.2,15.2,0.99665,3.17,0.39,10.9,1,2,1,1,2
white,2,7.2,1.6,0.9924,3.16,0.48,10.9,1,2,1,1,2
white,2,7.2,1.6,0.992,2.94,0.46,11,1,2,1,1,2
white,2,7.2,1.2,0.9917,3.19,0.43,11.1,1,2,1,1,2
white,2,7.2,7.6,0.9928,3.04,0.32,11.5,1,2,1,1,2
white,2,7.2,12.6,0.9942,3.19,0.4,11.7,1,2,1,1,2
white,2,7.2,1.2,0.98914,2.96,0.36,12.5,1,2,1,1,2
white,2,7.2,5.1,0.991,3.03,0.41,12.6,1,2,1,1,2
white,2,7.2,2.2,0.99075,3.27,0.46,12.6,1,2,1,1,2
white,2,7.2,1.2,0.98892,3.03,0.33,12.7,1,2,1,1,2
white,2,7.2,1,0.99,3.05,0.34,12.7,1,2,1,1,2
white,2,7.3,2,0.9932,3.14,0.45,10.5,1,2,1,1,2
white,2,7.3,1.4,0.99244,3.24,0.42,10.7,1,2,1,1,2
white,2,7.3,5.2,0.9952,3.24,0.45,10.7,1,2,1,1,2
white,2,7.3,1.6,0.99178,3.18,0.47,10.7,1,2,1,1,2
white,2,7.3,9.4,0.9939,2.99,0.32,11,1,2,1,1,2
white,2,7.3,1.2,0.9918,3.2,0.48,11.3,1,2,1,1,2
white,2,7.3,6.4,0.9942,3.18,0.46,11.5,1,2,1,1,2
white,2,7.3,1,0.99,3.09,0.37,11.7,1,2,1,1,2
white,2,7.3,6.85,0.992,3.03,0.3,11.9,1,2,1,1,2
white,2,7.3,2.1,0.99085,3.25,0.4,11.9,1,2,1,1,2
white,2,7.3,2.3,0.99044,2.94,0.35,12,1,2,1,1,2
white,2,7.3,5.2,0.9925,3.3,0.47,12.4,1,2,1,1,2
white,2,7.3,1.8,0.9912,3.32,0.44,12.6,1,2,1,1,2
white,2,7.3,1.1,0.991,3.39,0.48,12.7,1,2,1,1,2
white,2,7.3,1.8,0.98889,2.96,0.35,13,1,2,1,1,2
white,2,7.4,7.9,0.9942,2.96,0.34,10.4,1,2,1,1,2
white,2,7.4,2.05,0.992,3.19,0.44,10.8,1,2,1,1,2
white,2,7.4,6,0.99304,3.14,0.44,11.3,1,2,1,1,2
white,2,7.4,3.7,0.9915,3.06,0.45,11.4,1,2,1,1,2
white,2,7.4,1.4,0.99136,3.11,0.42,11.43333333,1,2,1,1,2
white,2,7.4,5.25,0.9926,3.13,0.45,11.6,1,2,1,1,2
white,2,7.4,1.9,0.9892,2.93,0.36,12.5,1,2,1,1,2
white,2,7.4,2,0.99055,3.28,0.48,12.5,1,2,1,1,2
white,2,7.5,1.9,0.9941,3.27,0.45,10.3,1,2,1,1,2
white,2,7.5,11.1,0.9962,3.15,0.34,10.5,1,2,1,1,2
white,2,7.5,4.6,0.9927,3.01,0.38,10.6,1,2,1,1,2
white,2,7.5,7.1,0.99397,3.16,0.38,10.6,1,2,1,1,2
white,2,7.5,1.2,0.9931,3.51,0.47,10.7,1,2,1,1,2
white,2,7.5,6.5,0.99276,3.03,0.38,10.9,1,2,1,1,2
white,2,7.5,9.9,0.99567,3.15,0.46,10.9,1,2,1,1,2
white,2,7.5,2.6,0.9923,3.1,0.49,11.1,1,2,1,1,2
white,2,7.5,1.7,0.9916,3.21,0.44,11.5,1,2,1,1,2
white,2,7.5,1.6,0.99044,2.97,0.43,11.9,1,2,1,1,2
white,2,7.5,19.5,0.9977,3.24,0.38,12,1,2,1,1,2
white,2,7.5,4.6,0.99085,3.15,0.38,12,1,2,1,1,2
white,2,7.5,6,0.9924,3.16,0.39,12,1,2,1,1,2
white,2,7.6,1.6,0.99288,3.08,0.43,10,1,2,1,1,2
white,2,7.6,8.3,0.9958,3.12,0.43,10.2,1,2,1,1,2
white,2,7.6,1.9,0.9941,3.25,0.4,10.4,1,2,1,1,2
white,2,7.6,10.6,0.9962,3.13,0.38,10.5,1,2,1,1,2
white,2,7.6,2.6,0.9941,3.46,0.44,10.8,1,2,1,1,2
white,2,7.6,9.2,0.9938,3.08,0.29,11,1,2,1,1,2
white,2,7.6,8.8,0.99442,3.08,0.38,11,1,2,1,1,2
white,2,7.6,2.5,0.99178,3.15,0.48,11.1,1,2,1,1,2
white,2,7.6,1.3,0.9908,2.99,0.39,11.3,1,2,1,1,2
white,2,7.6,1.1,0.9907,2.92,0.42,11.4,1,2,1,1,2
white,2,7.6,14,0.9958,3.14,0.38,11.8,1,2,1,1,2
white,2,7.6,5,0.99084,3.06,0.48,12.4,1,2,1,1,2
white,2,7.6,4.6,0.99018,3.03,0.43,13.1,1,2,1,1,2
white,2,7.7,1.3,0.9932,3.35,0.39,10.1,1,2,1,1,2
white,2,7.7,4.3,0.9939,3.16,0.39,10.2,1,2,1,1,2
white,2,7.7,1.6,0.9919,2.93,0.33,11,1,2,1,1,2
white,2,7.7,1.9,0.9922,3.3,0.49,11.8,1,2,1,1,2
white,2,7.7,19.6,0.9973,3.24,0.4,12,1,2,1,1,2
white,2,7.7,4.3,0.99152,3.11,0.48,12,1,2,1,1,2
white,2,7.7,1.2,0.99084,3.18,0.34,12.1,1,2,1,1,2
white,2,7.7,1.8,0.9911,2.99,0.48,12.1,1,2,1,1,2
white,2,7.7,5.3,0.992,3.11,0.42,12.2,1,2,1,1,2
white,2,7.7,2,0.9906,3.18,0.32,12.9,1,2,1,1,2
white,2,7.8,7,0.9952,3.21,0.33,10,1,2,1,1,2
white,2,7.8,11.9,0.9959,3.02,0.31,10.3,1,2,1,1,2
white,2,7.8,1.6,0.9927,3.05,0.45,10.5,1,2,1,1,2
white,2,7.8,1.7,0.993,3.03,0.48,10.5,1,2,1,1,2
white,2,7.8,1,0.9938,3.25,0.43,10.8,1,2,1,1,2
white,2,7.8,1.8,0.9914,3.14,0.39,10.9,1,2,1,1,2
white,2,7.8,5,0.99186,2.99,0.39,11,1,2,1,1,2
white,2,7.8,7.4,0.99278,2.99,0.39,11,1,2,1,1,2
white,2,7.8,3.2,0.9919,3.03,0.32,11.3,1,2,1,1,2
white,2,7.8,1,0.99128,3.08,0.38,11.4,1,2,1,1,2
white,2,7.8,1.3,0.9904,3.16,0.4,12,1,2,1,1,2
white,2,7.8,1.8,0.9908,3.11,0.41,12.1,1,2,1,1,2
white,2,7.9,3.8,0.993,3.1,0.39,10.5,1,2,1,1,2
white,2,7.9,5.2,0.9953,3.18,0.48,10.6,1,2,1,1,2
white,2,7.9,6.7,0.99362,2.93,0.49,10.7,1,2,1,1,2
white,2,7.9,5.3,0.9918,3.06,0.32,11.8,1,2,1,1,2
white,2,7.9,1,0.99093,3.08,0.43,11.9,1,2,1,1,2
white,2,8,9.4,0.9964,3.14,0.48,10,1,2,1,1,2
white,2,8,9,0.998,3.34,0.49,10,1,2,1,1,2
white,2,8,5.2,0.9953,3.18,0.4,10.6,1,2,1,1,2
white,2,8,7.1,0.9959,3.17,0.43,10.6,1,2,1,1,2
white,2,8,1.2,0.9929,3.28,0.42,10.9,1,2,1,1,2
white,2,8,9.7,0.99406,2.99,0.36,11.2,1,2,1,1,2
white,2,8,1.1,0.99044,2.98,0.39,11.2,1,2,1,1,2
white,2,8,10.8,0.9957,3.06,0.47,11.4,1,2,1,1,2
white,2,8,10.8,0.9957,3.06,0.47,11.4,1,2,1,1,2
white,2,8,10,0.99457,3.12,0.36,11.6,1,2,1,1,2
white,2,8,4.6,0.9928,3.29,0.47,12,1,2,1,1,2
white,2,8,7.7,0.9935,3.18,0.41,12.2,1,2,1,1,2
white,2,8,1.2,0.99002,3,0.45,12.4,1,2,1,1,2
white,2,8.1,9.7,0.997,3.1,0.46,10,1,2,1,1,2
white,2,8.1,11,0.99676,3.11,0.49,10,1,2,1,1,2
white,2,8.1,6.9,0.9951,3.26,0.44,10.1,1,2,1,1,2
white,2,8.1,7.1,0.9944,3.14,0.41,10.8,1,2,1,1,2
white,2,8.1,0.9,0.99062,2.92,0.36,11.1,1,2,1,1,2
white,2,8.1,8.1,0.9943,3.1,0.3,11.2,1,2,1,1,2
white,2,8.1,4.3,0.99212,3.16,0.33,11.2,1,2,1,1,2
white,2,8.1,1.7,0.9923,3.03,0.42,11.2,1,2,1,1,2
white,2,8.1,7.9,0.99176,3.05,0.46,13.3,1,2,1,1,2
white,2,8.2,1.3,0.9928,2.99,0.36,10,1,2,1,1,2
white,2,8.2,8.5,0.9952,3.04,0.37,10.1,1,2,1,1,2
white,2,8.2,0.9,0.9928,3.07,0.38,10.4,1,2,1,1,2
white,2,8.2,6.8,0.9944,3.01,0.38,10.5,1,2,1,1,2
white,2,8.2,1,0.9928,3.24,0.36,10.9,1,2,1,1,2
white,2,8.2,3.5,0.9928,3.19,0.35,11.5,1,2,1,1,2
white,2,8.2,1,0.9906,3.04,0.32,11.7,1,2,1,1,2
white,2,8.2,7.6,0.9939,3.16,0.34,12,1,2,1,1,2
white,2,8.2,4.1,0.9911,3,0.32,12.8,1,2,1,1,2
white,2,8.3,1.7,0.9938,3.05,0.37,10.1,1,2,1,1,2
white,2,8.3,1.1,0.9927,3,0.47,10.2,1,2,1,1,2
white,2,8.3,2.5,0.9944,3.23,0.47,10.7,1,2,1,1,2
white,2,8.3,8.8,0.9956,3.13,0.35,11.05,1,2,1,1,2
white,2,8.3,3.2,0.9928,3.15,0.36,11.5,1,2,1,1,2
white,2,8.3,4.45,0.9924,3.25,0.42,12.2,1,2,1,1,2
white,2,8.4,7.4,0.9934,3.03,0.33,11.9,1,2,1,1,2
white,2,8.5,14.9,0.9982,3.08,0.31,10,1,2,1,1,2
white,2,8.5,1.5,0.9932,3.03,0.4,10.3,1,2,1,1,2
white,2,8.5,1.1,0.99194,3,0.35,10.5,1,2,1,1,2
white,2,8.5,9.25,0.9945,3.05,0.37,11.4,1,2,1,1,2
white,2,8.5,9.25,0.9945,3.05,0.37,11.4,1,2,1,1,2
white,2,8.6,0.8,0.99104,2.99,0.38,11.1,1,2,1,1,2
white,2,8.6,4.1,0.9918,3.01,0.38,12.4,1,2,1,1,2
white,2,8.7,0.6,0.9926,3.08,0.38,10.6,1,2,1,1,2
white,2,8.7,4.8,0.99474,3.12,0.49,11.2,1,2,1,1,2
white,2,8.8,1.1,0.9926,2.97,0.35,10.4,1,2,1,1,2
white,2,8.8,10.3,0.99571,3.13,0.4,10.7,1,2,1,1,2
white,2,8.8,5,0.9925,2.87,0.49,11.4,1,2,1,1,2
white,2,8.9,1.2,0.99244,3.2,0.37,11.5,1,2,1,1,2
white,2,8.9,4.6,0.99458,3.15,0.45,11.5,1,2,1,1,2
white,2,8.9,4.6,0.99458,3.15,0.45,11.5,1,2,1,1,2
white,2,8.9,0.8,0.98984,3.01,0.35,12.4,1,2,1,1,2
white,2,9,5.9,0.995,2.93,0.35,10.2,1,2,1,1,2
white,2,9,4.9,0.9932,3.04,0.4,11.3,1,2,1,1,2
white,2,9.1,2,0.9958,3.15,0.46,10.1,1,2,1,1,2
white,2,9.1,2,0.9958,3.15,0.46,10.1,1,2,1,1,2
white,2,9.2,11.8,0.998,3.1,0.34,10.1,1,2,1,1,2
white,2,9.2,6.2,0.9948,2.89,0.34,10.1,1,2,1,1,2
white,2,9.2,0.9,0.9924,2.96,0.28,10.4,1,2,1,1,2
white,2,9.2,1.6,0.9948,3.02,0.45,10.4,1,2,1,1,2
white,2,9.2,1,0.9922,2.96,0.25,10.5,1,2,1,1,2
white,2,9.2,1.2,0.9916,2.93,0.37,11.3,1,2,1,1,2
white,2,9.4,10.7,0.9958,2.85,0.42,10.6,1,2,1,1,2
white,2,9.4,6.5,0.99479,3.08,0.43,10.6,1,2,1,1,2
white,2,9.6,1.3,0.9938,2.94,0.43,10.5,1,2,1,1,2
white,2,9.6,1.5,0.9937,2.96,0.49,10.9,1,2,1,1,2
white,2,9.8,9.85,0.9958,2.87,0.29,10,1,2,1,1,2
white,2,4.2,1.8,0.98999,3.65,0.89,12,2,2,1,2,2
white,2,5,2.2,0.99098,3.69,0.62,11.7,2,2,1,2,2
white,2,5,11.8,0.99322,3.41,0.64,11.8,2,2,1,2,2
white,2,5,8.3,0.9918,3.53,0.51,12.5,2,2,1,2,2
white,2,5.1,1.75,0.99,3.4,0.51,12.33333333,2,2,1,2,2
white,2,5.2,1.6,0.98975,3.3,0.84,11.9,2,2,1,2,2
white,2,5.3,1,0.99156,3.57,0.59,10.6,2,2,1,2,2
white,2,5.3,7.4,0.99313,3.38,0.51,11,2,2,1,2,2
white,2,5.3,1.3,0.99082,3.48,0.54,11.2,2,2,1,2,2
white,2,5.3,1.2,0.99045,3.32,0.62,11.3,2,2,1,2,2
white,2,5.3,3.9,0.99072,3.31,0.58,11.75,2,2,1,2,2
white,2,5.3,9.65,0.99168,3.18,0.53,12.2,2,2,1,2,2
white,2,5.4,1.2,0.99048,3.37,0.66,11.3,2,2,1,2,2
white,2,5.4,2.7,0.98856,3.2,0.53,13.2,2,2,1,2,2
white,2,5.4,2.7,0.98856,3.2,0.53,13.2,2,2,1,2,2
white,2,5.4,2.1,0.98953,3.39,0.77,13.4,2,2,1,2,2
white,2,5.4,4.6,0.98889,3.33,0.54,13.8,2,2,1,2,2
white,2,5.5,1.6,0.9906,3.33,0.51,11.4,2,2,1,2,2
white,2,5.6,2.2,0.99378,3.21,0.68,10,2,2,1,2,2
white,2,5.6,1.5,0.9924,3.34,0.58,10.1,2,2,1,2,2
white,2,5.6,1.1,0.9918,3.23,0.53,10.3,2,2,1,2,2
white,2,5.6,10.7,0.99464,3.25,0.61,10.4,2,2,1,2,2
white,2,5.6,1.1,0.99154,3.47,0.56,10.6,2,2,1,2,2
white,2,5.6,5.55,0.99336,3.47,0.5,11,2,2,1,2,2
white,2,5.6,6.3,0.9922,3.54,0.5,11.6,2,2,1,2,2
white,2,5.6,1.25,0.98984,3.51,0.6,12,2,2,1,2,2
white,2,5.6,4.5,0.9907,3.42,0.9,13.7,2,2,1,2,2
white,2,5.7,6.7,0.9941,3.29,0.63,10,2,2,1,2,2
white,2,5.7,7.95,0.99486,3.44,0.61,10.3,2,2,1,2,2
white,2,5.7,12.2,0.99524,3.23,0.53,10.4,2,2,1,2,2
white,2,5.7,1.5,0.99142,3.3,0.59,11,2,2,1,2,2
white,2,5.7,1.9,0.99138,3.29,0.55,11.2,2,2,1,2,2
white,2,5.7,1.1,0.9902,3.31,0.52,11.4,2,2,1,2,2
white,2,5.7,1.6,0.99044,3.33,0.52,11.9,2,2,1,2,2
white,2,5.7,1.4,0.9897,3.31,0.5,12.3,2,2,1,2,2
white,2,5.7,2.2,0.9893,3.07,0.54,12.3,2,2,1,2,2
white,2,5.7,5.1,0.99052,3.18,0.67,12.4,2,2,1,2,2
white,2,5.8,6.6,0.9941,3.29,0.62,10,2,2,1,2,2
white,2,5.8,1.2,0.99137,3.19,0.5,10.2,2,2,1,2,2
white,2,5.8,1.3,0.99202,3.43,0.68,10.4,2,2,1,2,2
white,2,5.8,9.1,0.9965,3.66,0.55,10.8,2,2,1,2,2
white,2,5.8,4.5,0.99324,3.31,0.64,10.8,2,2,1,2,2
white,2,5.8,1.5,0.99138,3.3,0.57,11,2,2,1,2,2
white,2,5.8,1.8,0.99035,3.38,0.9,11.8,2,2,1,2,2
white,2,5.8,1.4,0.99043,3.59,0.56,12.3,2,2,1,2,2
white,2,5.8,4.3,0.98946,3.16,0.57,13,2,2,1,2,2
white,2,5.8,4.9,0.98963,3.23,0.58,13.1,2,2,1,2,2
white,2,5.8,2.6,0.98936,3.36,0.78,13.9,2,2,1,2,2
white,2,5.8,2.6,0.9894,3.39,0.79,14,2,2,1,2,2
white,2,5.9,5.7,0.9934,3.22,0.51,10.2,2,2,1,2,2
white,2,5.9,1.3,0.9945,3.45,0.53,10.4,2,2,1,2,2
white,2,5.9,1.4,0.9922,3.29,0.52,10.5,2,2,1,2,2
white,2,5.9,8.6,0.99432,3.23,0.53,10.6,2,2,1,2,2
white,2,5.9,9,0.9941,3.25,0.53,10.7,2,2,1,2,2
white,2,5.9,4.5,0.9934,3.49,0.51,10.8,2,2,1,2,2
white,2,5.9,4.2,0.99214,3.13,0.74,10.8,2,2,1,2,2
white,2,5.9,2,0.99225,3.39,0.69,10.9,2,2,1,2,2
white,2,5.9,2.4,0.99234,3.63,0.73,11.3,2,2,1,2,2
white,2,5.9,2,0.99034,3.02,0.54,11.4,2,2,1,2,2
white,2,5.9,1.5,0.98986,3.36,0.56,12,2,2,1,2,2
white,2,5.9,1.6,0.98916,3.41,0.55,12.7,2,2,1,2,2
white,2,5.9,1.3,0.98889,3.08,0.64,12.9,2,2,1,2,2
white,2,5.9,2.4,0.9894,3.41,0.78,13.9,2,2,1,2,2
white,2,6,1.9,0.9938,3.64,0.54,10,2,2,1,2,2
white,2,6,5,0.99261,2.94,0.63,10,2,2,1,2,2
white,2,6,5.9,0.9944,3.16,0.72,10,2,2,1,2,2
white,2,6,1.5,0.99455,3.5,0.52,10.4,2,2,1,2,2
white,2,6,1.3,0.9924,3.21,0.62,10.4,2,2,1,2,2
white,2,6,1.3,0.9924,3.29,0.63,10.4,2,2,1,2,2
white,2,6,1.9,0.9933,3.16,0.69,10.6,2,2,1,2,2
white,2,6,6.1,0.99462,3.48,0.57,10.7,2,2,1,2,2
white,2,6,2.7,0.99325,3.41,0.5,10.8,2,2,1,2,2
white,2,6,1.7,0.99144,3.22,0.54,10.8,2,2,1,2,2
white,2,6,10.8,0.9937,3.09,0.59,10.96666667,2,2,1,2,2
white,2,6,1.8,0.9919,3.41,0.53,11,2,2,1,2,2
white,2,6,1.4,0.99085,3.34,0.58,11.1,2,2,1,2,2
white,2,6,3.95,0.99146,3.3,0.54,11.3,2,2,1,2,2
white,2,6,1.6,0.98974,3.1,0.5,11.5,2,2,1,2,2
white,2,6,1.3,0.99018,3.04,0.64,11.73333333,2,2,1,2,2
white,2,6,1.3,0.99018,3.04,0.64,11.75,2,2,1,2,2
white,2,6,3.5,0.9912,3.4,0.71,12.3,2,2,1,2,2
white,2,6,1.3,0.98865,3.11,0.52,12.7,2,2,1,2,2
white,2,6,4.8,0.98968,3.24,0.56,13.1,2,2,1,2,2
white,2,6.1,10.7,0.99521,3.34,0.52,10.2,2,2,1,2,2
white,2,6.1,1.5,0.992,3.31,0.54,10.4,2,2,1,2,2
white,2,6.1,2.9,0.99314,3.44,0.64,10.5,2,2,1,2,2
white,2,6.1,6.2,0.99281,3.22,0.6,11,2,2,1,2,2
white,2,6.1,2.8,0.9908,2.95,0.64,11.4,2,2,1,2,2
white,2,6.1,4.7,0.991,3.31,0.62,12.6,2,2,1,2,2
white,2,6.2,1.5,0.99228,3.41,0.5,10,2,2,1,2,2
white,2,6.2,1.7,0.9933,3.49,0.71,10.5,2,2,1,2,2
white,2,6.2,5.6,0.99313,3.25,0.51,10.53333333,2,2,1,2,2
white,2,6.2,1.1,0.99158,3.48,0.6,11,2,2,1,2,2
white,2,6.2,6.3,0.99282,3.21,0.6,11,2,2,1,2,2
white,2,6.2,1.7,0.9924,3.44,0.66,11,2,2,1,2,2
white,2,6.2,1,0.99032,3.23,0.52,11.3,2,2,1,2,2
white,2,6.2,1.2,0.99036,3.24,0.57,11.3,2,2,1,2,2
white,2,6.2,1,0.98988,3.14,0.56,11.4,2,2,1,2,2
white,2,6.2,1.6,0.99176,3.3,0.73,11.4,2,2,1,2,2
white,2,6.2,2.5,0.99132,3.36,0.59,11.6,2,2,1,2,2
white,2,6.2,1.7,0.99,3.24,0.5,12.1,2,2,1,2,2
white,2,6.2,1.2,0.98999,3.32,0.54,12.6,2,2,1,2,2
white,2,6.2,4.3,0.989,2.98,0.64,13.1,2,2,1,2,2
white,2,6.2,4,0.98936,3.2,0.5,13.3,2,2,1,2,2
white,2,6.3,5.6,0.99383,3.09,0.54,10,2,2,1,2,2
white,2,6.3,6.2,0.9952,3.29,0.53,10.1,2,2,1,2,2
white,2,6.3,1.8,0.9924,3.31,0.5,10.3,2,2,1,2,2
white,2,6.3,0.9,0.9926,3.45,0.5,10.5,2,2,1,2,2
white,2,6.3,3.75,0.9927,3.23,0.5,10.7,2,2,1,2,2
white,2,6.3,4.7,0.99278,3.07,0.75,10.7,2,2,1,2,2
white,2,6.3,1.2,0.99074,3.16,0.51,11,2,2,1,2,2
white,2,6.3,1.1,0.99066,3.13,0.72,11.2,2,2,1,2,2
white,2,6.3,1.1,0.99066,3.13,0.72,11.2,2,2,1,2,2
white,2,6.3,1.5,0.9917,3.46,0.5,11.4,2,2,1,2,2
white,2,6.3,1.5,0.9917,3.46,0.5,11.4,2,2,1,2,2
white,2,6.3,1.2,0.98961,3.06,0.74,11.6,2,2,1,2,2
white,2,6.3,10,0.9962,3.74,0.55,11.9,2,2,1,2,2
white,2,6.3,4.7,0.99036,3.24,0.56,12.7,2,2,1,2,2
white,2,6.4,4.9,0.99445,3.1,0.56,10,2,2,1,2,2
white,2,6.4,7.5,0.9948,3.27,0.52,10.1,2,2,1,2,2
white,2,6.4,7.5,0.9948,3.27,0.52,10.1,2,2,1,2,2
white,2,6.4,14.9,0.9968,3.28,0.5,10.2,2,2,1,2,2
white,2,6.4,1.3,0.9933,3.61,0.54,10.2,2,2,1,2,2
white,2,6.4,12.9,0.99546,3.02,0.59,10.2,2,2,1,2,2
white,2,6.4,1.6,0.9929,3.48,0.56,10.5,2,2,1,2,2
white,2,6.4,14.7,0.998275,3.39,0.6,10.5,2,2,1,2,2
white,2,6.4,5.8,0.9942,3.01,0.98,10.5,2,2,1,2,2
white,2,6.4,1.1,0.99142,3.17,0.55,10.7,2,2,1,2,2
white,2,6.4,7.2,0.993,3.13,0.55,10.9,2,2,1,2,2
white,2,6.4,9.3,0.99433,3.23,0.53,10.98,2,2,1,2,2
white,2,6.4,7.4,0.99404,3.24,0.58,11,2,2,1,2,2
white,2,6.4,3.9,0.99237,3.1,0.59,11.1,2,2,1,2,2
white,2,6.4,0.9,0.99175,3.47,0.52,11.2,2,2,1,2,2
white,2,6.4,4.9,0.99316,3.38,0.55,11.2,2,2,1,2,2
white,2,6.4,1.2,0.9907,3.14,0.73,11.2,2,2,1,2,2
white,2,6.4,1.2,0.99058,3.11,0.75,11.3,2,2,1,2,2
white,2,6.4,1.2,0.99058,3.11,0.75,11.3,2,2,1,2,2
white,2,6.4,1.4,0.99014,3.15,0.5,11.7,2,2,1,2,2
white,2,6.4,1.1,0.98986,3.01,0.56,11.7,2,2,1,2,2
white,2,6.4,5.8,0.99189,3.18,0.53,11.9,2,2,1,2,2
white,2,6.4,4.9,0.99024,3.09,0.58,12.8,2,2,1,2,2
white,2,6.4,9.6,0.9924,3.22,0.73,13.1,2,2,1,2,2
white,2,6.5,3.4,0.9937,3.14,0.76,10,2,2,1,2,2
white,2,6.5,1.4,0.9926,3.14,0.52,10.1,2,2,1,2,2
white,2,6.5,8.2,0.99453,3.13,0.7,10.1,2,2,1,2,2
white,2,6.5,1.7,0.9928,3.49,0.5,10.2,2,2,1,2,2
white,2,6.5,12.6,0.99688,3.26,0.7,10.3,2,2,1,2,2
white,2,6.5,1.4,0.9922,3.36,0.54,10.8,2,2,1,2,2
white,2,6.5,1.4,0.9916,3.24,0.54,10.8,2,2,1,2,2
white,2,6.5,13.55,0.99544,3.2,0.56,11,2,2,1,2,2
white,2,6.5,2.1,0.99054,3.02,0.52,11.3,2,2,1,2,2
white,2,6.5,2.6,0.9914,3.21,0.76,11.33333333,2,2,1,2,2
white,2,6.5,2.6,0.9914,3.21,0.76,11.33333333,2,2,1,2,2
white,2,6.5,9.15,0.99339,3.24,0.56,11.35,2,2,1,2,2
white,2,6.5,1.7,0.99053,3.27,0.69,11.4,2,2,1,2,2
white,2,6.5,1.6,0.9912,3.32,0.59,11.5,2,2,1,2,2
white,2,6.5,1.4,0.99114,3.36,0.6,11.5,2,2,1,2,2
white,2,6.5,2.7,0.9924,3.4,0.74,11.5,2,2,1,2,2
white,2,6.5,1.9,0.991,3.34,0.7,12,2,2,1,2,2
white,2,6.5,1.9,0.991,3.34,0.7,12,2,2,1,2,2
white,2,6.5,0.8,0.98942,3.11,0.5,12.1,2,2,1,2,2
white,2,6.5,5.2,0.99067,3.06,0.5,12.3,2,2,1,2,2
white,2,6.5,1.3,0.98944,3.16,0.54,12.4,2,2,1,2,2
white,2,6.5,3.2,0.9908,3.25,0.65,12.4,2,2,1,2,2
white,2,6.5,2.3,0.98964,3.13,0.52,12.8,2,2,1,2,2
white,2,6.5,4.1,0.9902,3.26,0.55,13,2,2,1,2,2
white,2,6.5,2.2,0.98894,3.22,0.53,13.5,2,2,1,2,2
white,2,6.6,0.8,0.9934,3.34,0.56,10,2,2,1,2,2
white,2,6.6,1.3,0.9934,3.36,0.6,10,2,2,1,2,2
white,2,6.6,9.9,0.995,3.07,0.5,10.1,2,2,1,2,2
white,2,6.6,1.7,0.9942,3.37,0.6,10.1,2,2,1,2,2
white,2,6.6,0.9,0.9926,3.39,0.54,10.2,2,2,1,2,2
white,2,6.6,1.5,0.9934,3.43,0.85,10.2,2,2,1,2,2
white,2,6.6,16.3,0.9986,3.35,0.54,10.4,2,2,1,2,2
white,2,6.6,1.6,0.99304,3.35,0.61,10.4,2,2,1,2,2
white,2,6.6,1.5,0.99295,3.36,0.62,10.5,2,2,1,2,2
white,2,6.6,3.3,0.993,3.42,0.64,10.8,2,2,1,2,2
white,2,6.6,3.9,0.9922,3.15,0.64,11.3,2,2,1,2,2
white,2,6.6,2.6,0.99146,3.22,0.72,11.3,2,2,1,2,2
white,2,6.6,1.9,0.99056,3.05,0.54,11.4,2,2,1,2,2
white,2,6.6,1.5,0.9914,3.25,0.55,11.4,2,2,1,2,2
white,2,6.6,1.2,0.99094,3.01,0.63,11.4,2,2,1,2,2
white,2,6.6,1.1,0.98939,3,0.52,11.9,2,2,1,2,2
white,2,6.6,1.3,0.99044,3.11,0.56,12.25,2,2,1,2,2
white,2,6.6,4.8,0.99198,3.36,0.71,12.6,2,2,1,2,2
white,2,6.6,12.75,0.99386,3.1,0.57,12.9,2,2,1,2,2
white,2,6.6,11.3,0.99302,3.27,0.78,12.9,2,2,1,2,2
white,2,6.6,4,0.99018,3.25,0.53,13,2,2,1,2,2
white,2,6.7,6.4,0.9956,3.29,0.52,10,2,2,1,2,2
white,2,6.7,2.3,0.99229,3.07,0.67,10.1,2,2,1,2,2
white,2,6.7,1.8,0.9944,3.44,0.61,10.2,2,2,1,2,2
white,2,6.7,11.2,0.99758,3.54,0.74,10.4,2,2,1,2,2
white,2,6.7,4.7,0.9946,3.32,0.66,10.5,2,2,1,2,2
white,2,6.7,4.3,0.99176,2.91,0.54,10.7,2,2,1,2,2
white,2,6.7,8.9,0.99455,3.25,0.54,11,2,2,1,2,2
white,2,6.7,8.9,0.99455,3.25,0.54,11,2,2,1,2,2
white,2,6.7,2.8,0.99159,3.31,0.63,11.3,2,2,1,2,2
white,2,6.7,2.8,0.99159,3.31,0.63,11.3,2,2,1,2,2
white,2,6.7,9.9,0.9953,3.46,0.55,11.4,2,2,1,2,2
white,2,6.7,1.2,0.99058,3.1,0.76,11.4,2,2,1,2,2
white,2,6.7,4.9,0.9926,3.36,0.82,12,2,2,1,2,2
white,2,6.7,2,0.99064,3.29,0.65,12.5,2,2,1,2,2
white,2,6.7,1.9,0.99,3.29,0.62,12.6,2,2,1,2,2
white,2,6.7,1.4,0.9889,3.15,0.53,12.7,2,2,1,2,2
white,2,6.7,4,0.99016,3.26,0.54,13,2,2,1,2,2
white,2,6.7,2.1,0.9904,3.22,0.6,13,2,2,1,2,2
white,2,6.7,4.3,0.99014,3.22,0.59,13.4,2,2,1,2,2
white,2,6.8,5.1,0.9942,3.23,0.69,10.1,2,2,1,2,2
white,2,6.8,7,0.9973,3.57,0.55,10.2,2,2,1,2,2
white,2,6.8,6.4,0.99358,2.96,0.59,10.2,2,2,1,2,2
white,2,6.8,8.1,0.9956,3.33,0.59,10.2,2,2,1,2,2
white,2,6.8,1,0.99289,3.24,0.61,10.2,2,2,1,2,2
white,2,6.8,3.2,0.99324,3.1,0.69,10.2,2,2,1,2,2
white,2,6.8,12.9,0.99742,3.24,0.78,10.2,2,2,1,2,2
white,2,6.8,12.9,0.99742,3.24,0.78,10.2,2,2,1,2,2
white,2,6.8,1.5,0.99244,3.06,0.56,10.3,2,2,1,2,2
white,2,6.8,8.6,0.99452,3.08,0.52,10.5,2,2,1,2,2
white,2,6.8,9.85,0.99532,2.98,0.56,10.5,2,2,1,2,2
white,2,6.8,2.4,0.9953,3.63,0.76,10.5,2,2,1,2,2
white,2,6.8,6.95,0.9946,3.25,0.56,10.6,2,2,1,2,2
white,2,6.8,4.8,0.99437,3.29,0.67,10.6,2,2,1,2,2
white,2,6.8,5.5,0.9938,3.3,0.53,10.7,2,2,1,2,2
white,2,6.8,4.7,0.994,3.37,0.58,10.7,2,2,1,2,2
white,2,6.8,7,0.9939,3.25,0.52,10.8,2,2,1,2,2
white,2,6.8,6.2,0.9935,3.09,0.54,10.8,2,2,1,2,2
white,2,6.8,1.8,0.99226,3.27,0.55,10.8,2,2,1,2,2
white,2,6.8,5.9,0.9938,3.2,0.57,10.8,2,2,1,2,2
white,2,6.8,1.6,0.99402,3.53,0.58,10.8,2,2,1,2,2
white,2,6.8,1.6,0.99175,3.21,0.6,10.9,2,2,1,2,2
white,2,6.8,2.9,0.9913,3.07,0.65,10.9,2,2,1,2,2
white,2,6.8,5.4,0.99287,3.1,0.54,11,2,2,1,2,2
white,2,6.8,5.4,0.99287,3.1,0.54,11,2,2,1,2,2
white,2,6.8,1.5,0.99111,3.07,0.72,11.1,2,2,1,2,2
white,2,6.8,1.4,0.99121,3.23,0.6,11.3,2,2,1,2,2
white,2,6.8,5.2,0.99252,3.27,0.57,11.6,2,2,1,2,2
white,2,6.8,6.3,0.99214,3.18,0.53,12,2,2,1,2,2
white,2,6.8,2.8,0.9912,3.09,0.53,12,2,2,1,2,2
white,2,6.8,2.8,0.9928,3.51,0.7,12,2,2,1,2,2
white,2,6.8,7.6,0.99164,3.08,0.59,12.5,2,2,1,2,2
white,2,6.8,1.9,0.98993,3.45,0.6,12.6,2,2,1,2,2
white,2,6.8,8,0.99164,3.13,0.63,12.6,2,2,1,2,2
white,2,6.8,8,0.99164,3.13,0.63,12.6,2,2,1,2,2
white,2,6.8,6.3,0.9918,3.24,0.66,12.6,2,2,1,2,2
white,2,6.8,3.4,0.9902,3.14,0.53,12.7,2,2,1,2,2
white,2,6.8,3.8,0.9906,3.26,0.57,12.7,2,2,1,2,2
white,2,6.8,3.95,0.98988,3.23,0.53,13.4,2,2,1,2,2
white,2,6.9,1.3,0.9927,3.27,0.6,10.3,2,2,1,2,2
white,2,6.9,1.4,0.9938,3.63,0.78,10.3,2,2,1,2,2
white,2,6.9,12.2,0.99522,3.03,0.56,10.4,2,2,1,2,2
white,2,6.9,12.2,0.99552,3.05,0.65,10.4,2,2,1,2,2
white,2,6.9,1,0.9926,3.42,0.51,10.5,2,2,1,2,2
white,2,6.9,8.3,0.9954,3.34,0.52,10.5,2,2,1,2,2
white,2,6.9,7.2,0.9946,3.29,0.57,10.6,2,2,1,2,2
white,2,6.9,8.3,0.99506,3.16,0.72,10.6,2,2,1,2,2
white,2,6.9,4.8,0.9936,3.26,0.64,10.7,2,2,1,2,2
white,2,6.9,5.2,0.9948,3.16,0.72,10.7,2,2,1,2,2
white,2,6.9,8,0.99368,3.22,0.54,11,2,2,1,2,2
white,2,6.9,9.1,0.9948,3.05,0.54,11.1,2,2,1,2,2
white,2,6.9,9.1,0.9948,3.05,0.54,11.1,2,2,1,2,2
white,2,6.9,7.4,0.9963,3.46,0.62,11.1,2,2,1,2,2
white,2,6.9,1,0.99043,3.03,0.54,11.4,2,2,1,2,2
white,2,6.9,7.1,0.99246,3.1,0.85,11.4,2,2,1,2,2
white,2,6.9,4.3,0.993,3,0.87,11.6,2,2,1,2,2
white,2,6.9,2.2,0.9919,3.41,0.82,11.9,2,2,1,2,2
white,2,6.9,1.8,0.98952,2.93,0.59,12,2,2,1,2,2
white,2,6.9,4.1,0.9925,3.25,0.79,12.3,2,2,1,2,2
white,2,7,1.5,0.99344,3.1,0.52,10.1,2,2,1,2,2
white,2,7,3.9,0.9961,3.54,0.59,10.3,2,2,1,2,2
white,2,7,8,0.99596,3.28,0.57,10.4,2,2,1,2,2
white,2,7,1.5,0.9927,3.11,0.55,10.5,2,2,1,2,2
white,2,7,8.5,0.9953,3.22,0.56,10.5,2,2,1,2,2
white,2,7,11,0.99508,2.98,0.56,10.5,2,2,1,2,2
white,2,7,1.6,0.99184,3.22,0.5,10.7,2,2,1,2,2
white,2,7,12.85,0.99581,3.05,0.55,10.7,2,2,1,2,2
white,2,7,6.1,0.9939,3.24,0.51,10.8,2,2,1,2,2
white,2,7,2,0.9918,3.23,0.53,11,2,2,1,2,2
white,2,7,2.5,0.99146,3.05,0.56,11.1,2,2,1,2,2
white,2,7,10.6,0.99355,3.05,0.55,11.5,2,2,1,2,2
white,2,7,1.3,0.9912,3.31,0.65,12,2,2,1,2,2
white,2,7,1.5,0.9918,3.17,0.64,12.2,2,2,1,2,2
white,2,7,6.1,0.99118,3.08,0.5,12.5,2,2,1,2,2
white,2,7,7.75,0.99158,3.12,0.64,12.8,2,2,1,2,2
white,2,7.1,6.8,0.9972,3.49,0.64,10.2,2,2,1,2,2
white,2,7.1,2.7,0.99405,3.35,0.64,10.2,2,2,1,2,2
white,2,7.1,7.4,0.99587,3.31,0.59,10.4,2,2,1,2,2
white,2,7.1,2.2,0.9937,3.34,0.64,10.9,2,2,1,2,2
white,2,7.1,2.2,0.99177,3.03,0.5,11.4,2,2,1,2,2
white,2,7.1,1.5,0.99069,3.15,0.5,11.4,2,2,1,2,2
white,2,7.1,1.8,0.9925,3.32,0.9,11.7,2,2,1,2,2
white,2,7.1,1.4,0.9918,3.19,0.62,12,2,2,1,2,2
white,2,7.2,1.1,0.99218,3.04,0.67,10,2,2,1,2,2
white,2,7.2,1.4,0.9939,3.34,0.57,10.2,2,2,1,2,2
white,2,7.2,5.5,0.99474,3.08,0.5,10.3,2,2,1,2,2
white,2,7.2,5.6,0.99334,2.93,0.66,10.3,2,2,1,2,2
white,2,7.2,1.2,0.9918,3.16,0.5,10.5,2,2,1,2,2
white,2,7.2,8.7,0.99576,3.11,0.61,10.6,2,2,1,2,2
white,2,7.2,2.2,0.992,3.27,0.64,11,2,2,1,2,2
white,2,7.2,1.4,0.99196,3.25,0.53,11.2,2,2,1,2,2
white,2,7.2,3.8,0.9932,3.19,0.6,11.2,2,2,1,2,2
white,2,7.2,7.2,0.9935,3.08,0.59,11.3,2,2,1,2,2
white,2,7.2,6.3,0.99305,3.15,0.52,11.4,2,2,1,2,2
white,2,7.2,1.6,0.99203,3.17,1.06,11.5,2,2,1,2,2
white,2,7.2,4.2,0.991,3.01,0.76,12.3,2,2,1,2,2
white,2,7.2,5.7,0.9914,2.93,0.59,12.5,2,2,1,2,2
white,2,7.2,2,0.9903,3.3,0.59,12.6,2,2,1,2,2
white,2,7.2,2,0.9903,3.3,0.59,12.6,2,2,1,2,2
white,2,7.2,5.4,0.99174,3.13,0.84,12.7,2,2,1,2,2
white,2,7.2,1.4,0.9902,3.15,0.51,12.8,2,2,1,2,2
white,2,7.3,14.8,0.99751,3.14,0.57,10.2,2,2,1,2,2
white,2,7.3,1.3,0.99222,3.28,0.53,10.7,2,2,1,2,2
white,2,7.3,5,0.9936,3.24,0.54,10.8,2,2,1,2,2
white,2,7.3,2.6,0.99138,3.04,0.59,11.3,2,2,1,2,2
white,2,7.3,1.6,0.9918,3.19,0.51,11.4,2,2,1,2,2
white,2,7.3,2,0.99,3.08,0.56,12.2,2,2,1,2,2
white,2,7.3,6.5,0.99148,3.16,0.58,12.6,2,2,1,2,2
white,2,7.4,4.7,0.995,3.36,0.56,10.3,2,2,1,2,2
white,2,7.4,1.7,0.992,3,0.6,10.4,2,2,1,2,2
white,2,7.4,1.4,0.9928,3.08,0.77,10.4,2,2,1,2,2
white,2,7.4,1.2,0.99198,3.04,0.68,10.5,2,2,1,2,2
white,2,7.4,1.4,0.9938,3.22,0.62,10.6,2,2,1,2,2
white,2,7.4,1.3,0.994,3.52,0.66,10.6,2,2,1,2,2
white,2,7.4,6.1,0.99244,2.79,0.52,10.9,2,2,1,2,2
white,2,7.4,2.6,0.99138,3.04,0.53,11.2,2,2,1,2,2
white,2,7.4,1.1,0.9917,3.12,0.53,11.3,2,2,1,2,2
white,2,7.4,6,0.9928,3.13,0.55,11.5,2,2,1,2,2
white,2,7.4,5.5,0.9935,3.05,0.62,11.5,2,2,1,2,2
white,2,7.4,15.1,0.9953,3.13,0.51,12,2,2,1,2,2
white,2,7.5,4.8,0.99393,3.11,0.52,10.2,2,2,1,2,2
white,2,7.5,17.7,0.999,3.09,0.64,10.2,2,2,1,2,2
white,2,7.5,1.7,0.99312,3.45,0.56,10.4,2,2,1,2,2
white,2,7.5,1.2,0.99192,3.05,0.68,10.5,2,2,1,2,2
white,2,7.5,1.5,0.9936,3.54,0.88,10.7,2,2,1,2,2
white,2,7.5,6.7,0.9939,3.2,0.68,11.4,2,2,1,2,2
white,2,7.5,2.6,0.99097,3.32,0.53,12.7,2,2,1,2,2
white,2,7.5,4,0.98958,3.2,0.5,13.2,2,2,1,2,2
white,2,7.6,1.3,0.9932,3.14,0.76,10,2,2,1,2,2
white,2,7.6,1.9,0.9937,3.2,0.53,10.1,2,2,1,2,2
white,2,7.6,13.1,0.99726,3.18,0.79,10.4,2,2,1,2,2
white,2,7.6,1.8,0.99335,3.35,0.66,11.1,2,2,1,2,2
white,2,7.6,1.6,0.993,3.23,0.52,11.3,2,2,1,2,2
white,2,7.6,1.9,0.99237,3.29,0.54,11.3,2,2,1,2,2
white,2,7.6,3.6,0.99144,3.08,0.6,12.5,2,2,1,2,2
white,2,7.6,3.95,0.9912,3.08,0.67,12.8,2,2,1,2,2
white,2,7.6,1.5,0.9914,3.04,0.74,12.8,2,2,1,2,2
white,2,7.7,7.8,0.99555,3.1,0.5,10.1,2,2,1,2,2
white,2,7.7,1.3,0.9937,3.42,0.5,10.1,2,2,1,2,2
white,2,7.7,5.9,0.99578,3.25,0.54,10.2,2,2,1,2,2
white,2,7.7,4.8,0.99572,3.49,0.59,10.3,2,2,1,2,2
white,2,7.7,2.4,0.99312,3.27,0.56,10.6,2,2,1,2,2
white,2,7.7,1,0.992,3.01,0.56,10.7,2,2,1,2,2
white,2,7.7,6.7,0.9951,3.39,0.62,10.7,2,2,1,2,2
white,2,7.7,1.8,0.9928,3.23,0.5,10.8,2,2,1,2,2
white,2,7.7,8.1,0.9966,3.4,0.58,11,2,2,1,2,2
white,2,7.7,4.9,0.9918,3.19,0.58,12.2,2,2,1,2,2
white,2,7.7,2.3,0.9911,3.2,0.52,12.8,2,2,1,2,2
white,2,7.8,7.5,0.996,3.22,0.64,10,2,2,1,2,2
white,2,7.8,1.9,0.9928,3.23,0.5,10.9,2,2,1,2,2
white,2,7.8,7.8,0.9966,3.26,0.58,11.3,2,2,1,2,2
white,2,7.8,65.8,1.03898,3.39,0.69,11.7,2,2,1,2,2
white,2,7.8,1.8,0.991,3.29,0.52,12.8,2,2,1,2,2
white,2,7.9,3,0.995,3.22,0.51,10,2,2,1,2,2
white,2,7.9,15.6,0.99785,3.03,0.59,10.5,2,2,1,2,2
white,2,7.9,1.2,0.992,3.18,0.63,10.8,2,2,1,2,2
white,2,7.9,2,0.99176,3.05,0.52,10.9,2,2,1,2,2
white,2,7.9,2,0.99176,3.05,0.52,10.9,2,2,1,2,2
white,2,7.9,1.7,0.99088,2.97,0.51,11.9,2,2,1,2,2
white,2,7.9,2.7,0.9916,3.12,0.59,12,2,2,1,2,2
white,2,7.9,4.5,0.992,3.17,0.54,12.4,2,2,1,2,2
white,2,8,1.5,0.9948,3.2,0.54,10,2,2,1,2,2
white,2,8,1.3,0.9912,3.06,0.61,12.1,2,2,1,2,2
white,2,8,4.7,0.99186,2.9,0.72,12.1,2,2,1,2,2
white,2,8,4.6,0.99184,2.92,0.74,12.2,2,2,1,2,2
white,2,8.1,7.7,0.9954,3.12,0.55,10,2,2,1,2,2
white,2,8.1,1.3,0.99242,2.99,0.73,10.3,2,2,1,2,2
white,2,8.1,2,0.9921,3.12,0.54,11.2,2,2,1,2,2
white,2,8.2,2.3,0.99397,2.98,0.5,10,2,2,1,2,2
white,2,8.2,1.8,0.9933,3.13,0.5,10.2,2,2,1,2,2
white,2,8.2,1.1,0.9923,3,0.68,10.4,2,2,1,2,2
white,2,8.2,7,0.99628,3.23,0.64,10.6,2,2,1,2,2
white,2,8.2,8,0.996,3.08,0.52,10.7,2,2,1,2,2
white,2,8.3,2.4,0.9955,3.28,0.59,10.3,2,2,1,2,2
white,2,8.3,1.1,0.99109,3.02,0.51,11,2,2,1,2,2
white,2,8.3,1.6,0.9907,3.02,0.6,12.9,2,2,1,2,2
white,2,8.4,10.7,0.9981,3.15,0.51,10.4,2,2,1,2,2
white,2,8.4,1.3,0.99178,3.13,0.54,10.8,2,2,1,2,2
white,2,8.4,1.6,0.994,3.06,0.65,11.1,2,2,1,2,2
white,2,8.5,10.4,0.9974,3.2,0.53,10,2,2,1,2,2
white,2,8.5,1.1,0.99184,2.9,0.5,10.5,2,2,1,2,2
white,2,8.6,11.8,0.99882,3.17,0.52,10,2,2,1,2,2
white,2,8.7,1.7,0.99373,3.06,0.56,10.8,2,2,1,2,2
white,2,8.7,5.6,0.99328,2.96,0.52,11,2,2,1,2,2
white,2,9,1,0.993,3.09,0.51,10.5,2,2,1,2,2
white,2,9,6.7,0.99497,3.08,0.5,10.6,2,2,1,2,2
white,2,9,2.1,0.99001,2.93,0.57,12.9,2,2,1,2,2
white,2,9.2,2,0.99514,3.1,0.53,10.2,2,2,1,2,2
white,2,9.4,1.6,0.9949,3.02,0.61,10.3,2,2,1,2,2
white,2,9.5,2.3,0.9951,3.06,0.52,11,2,2,1,2,2
white,2,9.6,2,0.99188,3,1,12.6,2,2,1,2,2
white,2,5.2,7.1,0.99378,3.24,0.48,9.9,1,1,1,1,1
white,2,5.3,1.1,0.9925,3.32,0.47,9.1,1,1,1,1,1
white,2,5.3,2.7,0.9932,3.34,0.38,9.2,1,1,1,1,1
white,2,5.4,7.1,0.99438,3.26,0.41,9.5,1,1,1,1,1
white,2,5.5,1,0.99164,3.25,0.45,9.8,1,1,1,1,1
white,2,5.6,7.1,0.99438,3.26,0.41,9.5,1,1,1,1,1
white,2,5.6,0.8,0.99112,3.28,0.48,9.9,1,1,1,1,1
white,2,5.7,16.65,0.99855,3.24,0.48,9,1,1,1,1,1
white,2,5.7,16.65,0.99855,3.24,0.48,9,1,1,1,1,1
white,2,5.7,4.1,0.9942,3.27,0.38,9.4,1,1,1,1,1
white,2,5.7,17.5,0.9989,3.31,0.44,9.4,1,1,1,1,1
white,2,5.7,12.5,0.99691,3.08,0.45,9.4,1,1,1,1,1
white,2,5.7,1.3,0.9928,3.27,0.46,9.5,1,1,1,1,1
white,2,5.8,16.05,0.9976,3.09,0.46,8.9,1,1,1,1,1
white,2,5.8,4.5,0.9943,3.24,0.46,9.1,1,1,1,1,1
white,2,5.8,10.8,0.99646,3.22,0.41,9.2,1,1,1,1,1
white,2,5.8,13.1,0.9972,3.29,0.38,9.3,1,1,1,1,1
white,2,5.8,12.3,0.9972,3.28,0.42,9.3,1,1,1,1,1
white,2,5.8,5.1,0.99478,3.36,0.47,9.3,1,1,1,1,1
white,2,5.8,13.3,0.9972,3.34,0.42,9.5,1,1,1,1,1
white,2,5.8,1,0.99212,3.1,0.45,9.7,1,1,1,1,1
white,2,5.8,6.3,0.99382,3.15,0.48,9.7,1,1,1,1,1
white,2,5.9,12,0.9981,3.23,0.41,9,1,1,1,1,1
white,2,5.9,0.8,0.9932,3.36,0.36,9.3,1,1,1,1,1
white,2,5.9,7.9,0.99512,3.21,0.36,9.4,1,1,1,1,1
white,2,5.9,1,0.9928,3.58,0.48,9.4,1,1,1,1,1
white,2,5.9,12.5,0.9972,3.28,0.43,9.5,1,1,1,1,1
white,2,5.9,8.6,0.99542,3.28,0.44,9.5,1,1,1,1,1
white,2,5.9,7.7,0.995,3.2,0.39,9.6,1,1,1,1,1
white,2,5.9,1.4,0.99358,3.34,0.44,9.6,1,1,1,1,1
white,2,6,1.2,0.99347,3.08,0.46,8.8,1,1,1,1,1
white,2,6,1.1,0.9932,3.02,0.4,9,1,1,1,1,1
white,2,6,5.4,0.9951,3.25,0.44,9,1,1,1,1,1
white,2,6,9.7,0.99571,3.05,0.3,9.1,1,1,1,1,1
white,2,6,5.1,0.99416,3.15,0.41,9.2,1,1,1,1,1
white,2,6,6.8,0.9953,3.19,0.47,9.3,1,1,1,1,1
white,2,6,1.5,0.9927,3.12,0.46,9.8,1,1,1,1,1
white,2,6.1,7.6,0.9956,3.16,0.47,8.9,1,1,1,1,1
white,2,6.1,12.9,0.9979,3.25,0.43,9,1,1,1,1,1
white,2,6.1,3.9,0.99344,3.07,0.34,9.2,1,1,1,1,1
white,2,6.1,15.8,0.99782,3.07,0.45,9.2,1,1,1,1,1
white,2,6.1,19.95,0.99922,3.19,0.44,9.3,1,1,1,1,1
white,2,6.1,1.3,0.9937,3.31,0.38,9.4,1,1,1,1,1
white,2,6.1,16.7,0.99985,3.4,0.45,9.4,1,1,1,1,1
white,2,6.1,12.1,0.998,3.35,0.45,9.5,1,1,1,1,1
white,2,6.1,1.4,0.9927,3.19,0.45,9.5,1,1,1,1,1
white,2,6.1,15.1,0.99684,2.87,0.47,9.5,1,1,1,1,1
white,2,6.1,7.6,0.99558,3.22,0.48,9.5,1,1,1,1,1
white,2,6.1,1.5,0.9928,3.3,0.46,9.6,1,1,1,1,1
white,2,6.2,17.2,0.99946,3.23,0.43,8.8,1,1,1,1,1
white,2,6.2,1.4,0.9932,3.23,0.37,8.9,1,1,1,1,1
white,2,6.2,2.8,0.9939,3.01,0.46,9,1,1,1,1,1
white,2,6.2,8,0.99586,3.16,0.47,9.1,1,1,1,1,1
white,2,6.2,1,0.99345,3.14,0.46,9.2,1,1,1,1,1
white,2,6.2,7.5,0.99573,3.26,0.46,9.2,1,1,1,1,1
white,2,6.2,0.9,0.99234,3.24,0.35,9.5,1,1,1,1,1
white,2,6.2,12.4,0.99728,3.1,0.47,9.5,1,1,1,1,1
white,2,6.2,7,0.9949,3.18,0.47,9.6,1,1,1,1,1
white,2,6.3,3.1,0.9942,3.05,0.43,8.6,1,1,1,1,1
white,2,6.3,7.8,0.9961,3.24,0.41,9,1,1,1,1,1
white,2,6.3,13,0.9974,3.2,0.46,9.2,1,1,1,1,1
white,2,6.3,8.1,0.9958,3.1,0.4,9.3,1,1,1,1,1
white,2,6.3,6.6,0.99478,3.1,0.4,9.4,1,1,1,1,1
white,2,6.3,7.7,0.99514,3.22,0.48,9.5,1,1,1,1,1
white,2,6.3,14.9,0.99705,3.14,0.35,9.7,1,1,1,1,1
white,2,6.3,4.9,0.9946,3.15,0.49,9.7,1,1,1,1,1
white,2,6.3,2.8,0.99304,3.24,0.45,9.8,1,1,1,1,1
white,2,6.3,1.4,0.9932,3.27,0.39,9.9,1,1,1,1,1
white,2,6.4,12.6,0.9974,3.08,0.38,8.9,1,1,1,1,1
white,2,6.4,12.9,0.9974,3.28,0.33,9,1,1,1,1,1
white,2,6.4,5.2,0.9951,3.38,0.36,9,1,1,1,1,1
white,2,6.4,3.5,0.9934,3.03,0.38,9,1,1,1,1,1
white,2,6.4,14.9,0.9983,3.13,0.45,9,1,1,1,1,1
white,2,6.4,7.5,0.9959,3.17,0.49,9,1,1,1,1,1
white,2,6.4,7.1,0.9952,3.06,0.34,9.2,1,1,1,1,1
white,2,6.4,1.7,0.99354,3.1,0.37,9.2,1,1,1,1,1
white,2,6.4,2.4,0.99314,3.18,0.4,9.2,1,1,1,1,1
white,2,6.4,7.8,0.9956,3.21,0.42,9.2,1,1,1,1,1
white,2,6.4,7.8,0.9956,3.21,0.42,9.2,1,1,1,1,1
white,2,6.4,7.3,0.9956,3.24,0.43,9.2,1,1,1,1,1
white,2,6.4,10.3,0.9967,3.23,0.47,9.2,1,1,1,1,1
white,2,6.4,10.3,0.9967,3.23,0.47,9.2,1,1,1,1,1
white,2,6.4,3.4,0.99347,3.18,0.4,9.3,1,1,1,1,1
white,2,6.4,1,0.9924,3.06,0.41,9.5,1,1,1,1,1
white,2,6.4,5.7,0.9946,3.24,0.43,9.5,1,1,1,1,1
white,2,6.4,8.2,0.99542,3.23,0.48,9.5,1,1,1,1,1
white,2,6.4,5.1,0.9939,3.07,0.46,9.6,1,1,1,1,1
white,2,6.4,8.9,0.99488,3.1,0.48,9.6,1,1,1,1,1
white,2,6.4,1.5,0.9938,3.25,0.49,9.6,1,1,1,1,1
white,2,6.4,8.4,0.99495,3.18,0.46,9.7,1,1,1,1,1
white,2,6.4,1.6,0.9928,3.21,0.36,9.8,1,1,1,1,1
white,2,6.5,7.6,0.9966,3.25,0.49,8.6,1,1,1,1,1
white,2,6.5,7.7,0.9957,3.11,0.37,8.7,1,1,1,1,1
white,2,6.5,20.4,1.0002,3.14,0.38,8.7,1,1,1,1,1
white,2,6.5,17.1,1.0001,3.3,0.37,8.8,1,1,1,1,1
white,2,6.5,16.3,0.99924,3.26,0.41,8.8,1,1,1,1,1
white,2,6.5,4.1,0.99475,3.18,0.45,9,1,1,1,1,1
white,2,6.5,7.4,0.99712,3.47,0.48,9.1,1,1,1,1,1
white,2,6.5,8,0.9959,3.23,0.48,9.1,1,1,1,1,1
white,2,6.5,17.3,0.99828,3.15,0.42,9.2,1,1,1,1,1
white,2,6.5,5.9,0.99482,2.97,0.4,9.3,1,1,1,1,1
white,2,6.5,6.7,0.99528,3.17,0.42,9.3,1,1,1,1,1
white,2,6.5,1.2,0.99254,2.99,0.46,9.4,1,1,1,1,1
white,2,6.5,8,0.99536,3.18,0.47,9.5,1,1,1,1,1
white,2,6.5,1.8,0.9928,3.13,0.37,9.6,1,1,1,1,1
white,2,6.5,4.5,0.9937,3.02,0.44,9.6,1,1,1,1,1
white,2,6.5,9.9,0.9954,3.11,0.44,9.8,1,1,1,1,1
white,2,6.5,0.9,0.99226,3.14,0.47,9.8,1,1,1,1,1
white,2,6.6,1.2,0.9936,3.09,0.31,8.7,1,1,1,1,1
white,2,6.6,17.3,0.99906,3.08,0.46,8.8,1,1,1,1,1
white,2,6.6,17.3,0.99906,3.08,0.46,8.8,1,1,1,1,1
white,2,6.6,12.8,0.99772,3.24,0.47,9,1,1,1,1,1
white,2,6.6,3.1,0.994,3.12,0.35,9.1,1,1,1,1,1
white,2,6.6,1.2,0.9933,3.13,0.36,9.2,1,1,1,1,1
white,2,6.6,8,0.99577,3.21,0.46,9.2,1,1,1,1,1
white,2,6.6,5.3,0.9951,3.2,0.38,9.3,1,1,1,1,1
white,2,6.6,7.7,0.996,3.16,0.4,9.3,1,1,1,1,1
white,2,6.6,15.4,0.99845,3.02,0.4,9.3,1,1,1,1,1
white,2,6.6,8.7,0.99605,3.17,0.44,9.3,1,1,1,1,1
white,2,6.6,15.1,0.9986,2.94,0.35,9.4,1,1,1,1,1
white,2,6.6,15.1,0.9986,2.94,0.35,9.4,1,1,1,1,1
white,2,6.6,1.2,0.99352,3.3,0.42,9.4,1,1,1,1,1
white,2,6.6,7.8,0.9959,3.17,0.45,9.4,1,1,1,1,1
white,2,6.6,8.2,0.99562,3.14,0.48,9.4,1,1,1,1,1
white,2,6.6,7,0.99558,3.14,0.48,9.4,1,1,1,1,1
white,2,6.6,7,0.99558,3.14,0.48,9.4,1,1,1,1,1
white,2,6.6,8.1,0.99548,3.18,0.48,9.5,1,1,1,1,1
white,2,6.6,8.5,0.99558,3.16,0.49,9.5,1,1,1,1,1
white,2,6.6,5.1,0.9942,3.36,0.42,9.6,1,1,1,1,1
white,2,6.6,6.5,0.9954,3.14,0.45,9.6,1,1,1,1,1
white,2,6.6,7.7,0.99526,3.22,0.48,9.7,1,1,1,1,1
white,2,6.6,11.8,0.99606,2.87,0.49,9.7,1,1,1,1,1
white,2,6.6,12.4,0.9984,3.51,0.47,9.8,1,1,1,1,1
white,2,6.7,5.4,0.9949,3.27,0.37,9,1,1,1,1,1
white,2,6.7,1.2,0.99288,2.96,0.43,9.2,1,1,1,1,1
white,2,6.7,13.4,0.9988,3.08,0.44,9.2,1,1,1,1,1
white,2,6.7,7.1,0.99534,3.08,0.36,9.3,1,1,1,1,1
white,2,6.7,8.8,0.9962,3.42,0.4,9.3,1,1,1,1,1
white,2,6.7,8.8,0.9962,3.42,0.4,9.3,1,1,1,1,1
white,2,6.7,15.6,0.9982,3.19,0.49,9.3,1,1,1,1,1
white,2,6.7,2.9,0.9937,3.1,0.34,9.4,1,1,1,1,1
white,2,6.7,2.5,0.9937,3.11,0.36,9.4,1,1,1,1,1
white,2,6.7,7.1,0.99502,3.16,0.38,9.4,1,1,1,1,1
white,2,6.7,6.6,0.99548,2.96,0.43,9.4,1,1,1,1,1
white,2,6.7,7.7,0.99566,3.17,0.44,9.4,1,1,1,1,1
white,2,6.7,8.8,0.99576,3.22,0.45,9.4,1,1,1,1,1
white,2,6.7,12.3,0.9983,3.36,0.4,9.5,1,1,1,1,1
white,2,6.7,6.4,0.9955,3.16,0.45,9.6,1,1,1,1,1
white,2,6.7,12.6,0.99802,3.42,0.42,9.7,1,1,1,1,1
white,2,6.7,5.4,0.995,3.39,0.46,9.7,1,1,1,1,1
white,2,6.7,10.6,0.99572,3.08,0.49,9.8,1,1,1,1,1
white,2,6.8,18.15,1.0001,3.3,0.36,8.7,1,1,1,1,1
white,2,6.8,18.3,1,3.3,0.41,8.7,1,1,1,1,1
white,2,6.8,18.3,1,3.3,0.41,8.7,1,1,1,1,1
white,2,6.8,11.8,0.9976,3.19,0.44,8.8,1,1,1,1,1
white,2,6.8,11.8,0.9976,3.19,0.44,8.8,1,1,1,1,1
white,2,6.8,18.1,1,3.27,0.48,8.8,1,1,1,1,1
white,2,6.8,18.1,1,3.27,0.48,8.8,1,1,1,1,1
white,2,6.8,7.5,0.9959,3.14,0.41,8.9,1,1,1,1,1
white,2,6.8,7.8,0.9961,3.13,0.47,8.9,1,1,1,1,1
white,2,6.8,10.7,0.9967,3.05,0.38,9,1,1,1,1,1
white,2,6.8,6.9,0.9958,3.19,0.46,9,1,1,1,1,1
white,2,6.8,1.4,0.9937,3.08,0.49,9,1,1,1,1,1
white,2,6.8,6,0.9953,3.19,0.4,9.1,1,1,1,1,1
white,2,6.8,14.6,0.99805,2.93,0.44,9.2,1,1,1,1,1
white,2,6.8,10.1,0.9963,3.07,0.4,9.4,1,1,1,1,1
white,2,6.8,5.4,0.99445,3.3,0.43,9.4,1,1,1,1,1
white,2,6.8,13.3,0.9974,3.09,0.45,9.4,1,1,1,1,1
white,2,6.8,6.6,0.9953,3.07,0.48,9.4,1,1,1,1,1
white,2,6.8,7.3,0.99556,3.12,0.49,9.4,1,1,1,1,1
white,2,6.8,7.8,0.9959,3.24,0.43,9.5,1,1,1,1,1
white,2,6.8,14.2,0.9975,3.12,0.48,9.6,1,1,1,1,1
white,2,6.8,4.6,0.99412,3.15,0.49,9.6,1,1,1,1,1
white,2,6.8,7,0.99556,3.16,0.49,9.6,1,1,1,1,1
white,2,6.8,5.1,0.993,3,0.38,9.8,1,1,1,1,1
white,2,6.8,8.6,0.99454,3.2,0.37,9.9,1,1,1,1,1
white,2,6.8,1.5,0.9921,3.1,0.43,9.9,1,1,1,1,1
white,2,6.9,11.2,0.9975,3.14,0.46,8.7,1,1,1,1,1
white,2,6.9,6.8,0.9955,3.08,0.39,9,1,1,1,1,1
white,2,6.9,7.8,0.996,3.23,0.37,9.2,1,1,1,1,1
white,2,6.9,1.1,0.99317,2.99,0.39,9.2,1,1,1,1,1
white,2,6.9,1.1,0.9932,3.03,0.39,9.2,1,1,1,1,1
white,2,6.9,12,0.99727,3.19,0.34,9.3,1,1,1,1,1
white,2,6.9,4.6,0.9952,3.29,0.37,9.3,1,1,1,1,1
white,2,6.9,4.1,0.994,2.99,0.38,9.4,1,1,1,1,1
white,2,6.9,9.6,0.9978,3.39,0.38,9.6,1,1,1,1,1
white,2,6.9,10,0.99696,3.08,0.46,9.6,1,1,1,1,1
white,2,6.9,12.6,0.998,3.39,0.38,9.9,1,1,1,1,1
white,2,7,15.55,0.9986,2.94,0.35,8.8,1,1,1,1,1
white,2,7,18.05,0.9999,3.22,0.42,8.8,1,1,1,1,1
white,2,7,1,0.993,3.2,0.32,9,1,1,1,1,1
white,2,7,14.7,0.99792,2.96,0.39,9,1,1,1,1,1
white,2,7,8.3,0.9958,3.21,0.34,9.2,1,1,1,1,1
white,2,7,1.3,0.99334,3.04,0.46,9.2,1,1,1,1,1
white,2,7,14.3,0.998,2.91,0.46,9.2,1,1,1,1,1
white,2,7,10.7,0.99657,3.03,0.47,9.3,1,1,1,1,1
white,2,7,9,0.9956,3.22,0.43,9.4,1,1,1,1,1
white,2,7,1.8,0.9944,3.18,0.47,9.4,1,1,1,1,1
white,2,7,1.8,0.9944,3.18,0.47,9.4,1,1,1,1,1
white,2,7,13.3,0.99704,3.2,0.36,9.5,1,1,1,1,1
white,2,7,6.3,0.9957,3.5,0.44,9.6,1,1,1,1,1
white,2,7,1.1,0.99297,3.13,0.36,9.7,1,1,1,1,1
white,2,7,16.4,0.9978,3.15,0.37,9.7,1,1,1,1,1
white,2,7,10.3,0.99564,3.19,0.38,9.8,1,1,1,1,1
white,2,7,7.4,0.9954,3.13,0.46,9.8,1,1,1,1,1
white,2,7,13,0.9972,3.16,0.49,9.8,1,1,1,1,1
white,2,7,1.8,0.99251,3.3,0.43,9.9,1,1,1,1,1
white,2,7,1.3,0.99352,3.46,0.45,9.9,1,1,1,1,1
white,2,7.1,13.7,0.99755,2.9,0.46,9,1,1,1,1,1
white,2,7.1,13.7,0.99755,2.9,0.46,9,1,1,1,1,1
white,2,7.1,13.2,0.9972,3.05,0.39,9.2,1,1,1,1,1
white,2,7.1,14.45,0.998,2.96,0.42,9.2,1,1,1,1,1
white,2,7.1,12.4,0.9969,3.04,0.42,9.2,1,1,1,1,1
white,2,7.1,6.3,0.99474,2.9,0.49,9.5,1,1,1,1,1
white,2,7.1,16.9,0.9998,3.37,0.38,9.6,1,1,1,1,1
white,2,7.1,1,0.99304,3.13,0.4,9.6,1,1,1,1,1
white,2,7.1,1.4,0.9932,3.13,0.33,9.9,1,1,1,1,1
white,2,7.1,1.2,0.9924,3.14,0.44,9.9,1,1,1,1,1
white,2,7.2,10.8,0.9976,3.08,0.49,8.6,1,1,1,1,1
white,2,7.2,10.4,0.9976,3.16,0.42,8.7,1,1,1,1,1
white,2,7.2,12.5,0.9981,3.04,0.44,8.7,1,1,1,1,1
white,2,7.2,14.4,0.9986,3.12,0.38,9,1,1,1,1,1
white,2,7.2,14.4,0.9986,3.12,0.38,9,1,1,1,1,1
white,2,7.2,14.3,0.9979,3.09,0.44,9,1,1,1,1,1
white,2,7.2,11.4,0.99773,3.2,0.44,9,1,1,1,1,1
white,2,7.2,10,0.9981,3.41,0.47,9,1,1,1,1,1
white,2,7.2,14.2,0.9979,2.98,0.48,9,1,1,1,1,1
white,2,7.2,14.2,0.9979,2.98,0.48,9,1,1,1,1,1
white,2,7.2,8.3,0.9964,3,0.35,9.2,1,1,1,1,1
white,2,7.2,16.2,0.9987,3.06,0.36,9.2,1,1,1,1,1
white,2,7.2,1.3,0.99304,2.93,0.42,9.2,1,1,1,1,1
white,2,7.2,1.1,0.9929,3.01,0.42,9.3,1,1,1,1,1
white,2,7.2,4.5,0.9949,3.23,0.36,9.4,1,1,1,1,1
white,2,7.2,10.4,0.99681,3.13,0.4,9.4,1,1,1,1,1
white,2,7.2,8.5,0.9956,3.19,0.4,9.9,1,1,1,1,1
white,2,7.2,6.7,0.995,3.2,0.41,9.9,1,1,1,1,1
white,2,7.3,17.95,0.9999,3.21,0.36,8.6,1,1,1,1,1
white,2,7.3,13.5,0.9982,3.02,0.4,8.7,1,1,1,1,1
white,2,7.3,13.9,0.99807,2.94,0.41,8.8,1,1,1,1,1
white,2,7.3,13.9,0.99807,2.94,0.41,8.8,1,1,1,1,1
white,2,7.3,13.9,0.99807,2.94,0.41,8.8,1,1,1,1,1
white,2,7.3,14.9,0.99902,3.13,0.45,8.9,1,1,1,1,1
white,2,7.3,13.1,0.9986,3.04,0.46,8.9,1,1,1,1,1
white,2,7.3,14.3,0.9978,2.89,0.38,9,1,1,1,1,1
white,2,7.3,17.3,1.0002,3.13,0.46,9,1,1,1,1,1
white,2,7.3,12.9,0.9984,3.06,0.45,9.1,1,1,1,1,1
white,2,7.3,12.9,0.9984,3.06,0.45,9.1,1,1,1,1,1
white,2,7.3,7.2,0.99587,3.12,0.37,9.2,1,1,1,1,1
white,2,7.3,19.9,1.00037,3.1,0.48,9.2,1,1,1,1,1
white,2,7.3,6.7,0.995,3.2,0.41,9.9,1,1,1,1,1
white,2,7.3,1.7,0.99286,3.11,0.43,9.9,1,1,1,1,1
white,2,7.3,1.4,0.99286,3.14,0.46,9.9,1,1,1,1,1
white,2,7.4,15.5,0.9984,2.9,0.43,8.7,1,1,1,1,1
white,2,7.4,15.5,0.9984,2.9,0.43,8.7,1,1,1,1,1
white,2,7.4,15.5,0.9984,2.9,0.43,8.7,1,1,1,1,1
white,2,7.4,13.7,0.99825,2.9,0.44,8.7,1,1,1,1,1
white,2,7.4,13.7,0.99825,2.9,0.44,8.7,1,1,1,1,1
white,2,7.4,12.8,0.99808,3.02,0.34,8.8,1,1,1,1,1
white,2,7.4,14,0.9979,2.89,0.42,8.9,1,1,1,1,1
white,2,7.4,11.5,0.998,3.27,0.44,9,1,1,1,1,1
white,2,7.4,12.1,0.9973,3.01,0.44,9,1,1,1,1,1
white,2,7.4,13.2,0.9976,3.01,0.48,9,1,1,1,1,1
white,2,7.4,13.2,0.9976,3.01,0.48,9,1,1,1,1,1
white,2,7.4,13.5,0.9975,3,0.44,9.1,1,1,1,1,1
white,2,7.4,12.8,0.9986,3.14,0.49,9.1,1,1,1,1,1
white,2,7.4,12.8,0.9986,3.14,0.49,9.1,1,1,1,1,1
white,2,7.4,16.95,0.9995,3.03,0.42,9.2,1,1,1,1,1
white,2,7.4,10.7,0.9954,2.86,0.36,9.7,1,1,1,1,1
white,2,7.4,9.1,0.99532,3.16,0.47,9.8,1,1,1,1,1
white,2,7.4,1.2,0.9926,3.36,0.34,9.9,1,1,1,1,1
white,2,7.4,1.6,0.99299,3.29,0.44,9.9,1,1,1,1,1
white,2,7.5,10.9,0.9978,3,0.36,8.7,1,1,1,1,1
white,2,7.5,12.1,0.99838,2.98,0.44,8.7,1,1,1,1,1
white,2,7.5,11,0.9978,2.99,0.38,8.8,1,1,1,1,1
white,2,7.5,18.35,1.0011,3.17,0.39,8.8,1,1,1,1,1
white,2,7.5,18.35,1.0011,3.17,0.39,8.8,1,1,1,1,1
white,2,7.5,19.45,1.001,2.95,0.4,8.8,1,1,1,1,1
white,2,7.5,8.1,0.9966,2.9,0.41,8.9,1,1,1,1,1
white,2,7.5,8.1,0.9966,2.9,0.41,8.9,1,1,1,1,1
white,2,7.5,1.3,0.9948,3.08,0.42,8.9,1,1,1,1,1
white,2,7.5,11.8,0.99814,3.17,0.46,8.9,1,1,1,1,1
white,2,7.5,9.6,0.99802,3.03,0.46,8.9,1,1,1,1,1
white,2,7.5,18.9,1,2.99,0.46,9,1,1,1,1,1
white,2,7.5,13.2,0.9982,3.1,0.46,9,1,1,1,1,1
white,2,7.5,1.2,0.9938,3.09,0.43,9.3,1,1,1,1,1
white,2,7.5,1.4,0.9944,3.06,0.4,9.4,1,1,1,1,1
white,2,7.5,1.8,0.9938,3.07,0.38,9.5,1,1,1,1,1
white,2,7.5,14.8,0.99898,3.18,0.49,9.7,1,1,1,1,1
white,2,7.5,1.8,0.9946,3.33,0.44,9.9,1,1,1,1,1
white,2,7.6,3.8,0.9958,3.15,0.45,8.9,1,1,1,1,1
white,2,7.6,14.2,0.999,3.14,0.46,8.9,1,1,1,1,1
white,2,7.6,18.05,0.9996,3.06,0.41,9.2,1,1,1,1,1
white,2,7.6,7.1,0.99652,3.2,0.42,9.2,1,1,1,1,1
white,2,7.6,4.5,0.9963,3.15,0.42,9.2,1,1,1,1,1
white,2,7.6,10.6,0.99815,3.27,0.3,9.3,1,1,1,1,1
white,2,7.6,10.4,0.99748,3.24,0.45,9.3,1,1,1,1,1
white,2,7.6,3.4,0.9944,3.15,0.41,9.4,1,1,1,1,1
white,2,7.6,1.9,0.9936,3.08,0.38,9.5,1,1,1,1,1
white,2,7.6,4.5,0.99427,3.09,0.47,9.5,1,1,1,1,1
white,2,7.6,4.6,0.99422,3.08,0.47,9.5,1,1,1,1,1
white,2,7.6,9.3,0.9966,3.21,0.39,9.6,1,1,1,1,1
white,2,7.6,9.3,0.9966,3.21,0.39,9.6,1,1,1,1,1
white,2,7.6,1.6,0.9944,3.1,0.45,9.6,1,1,1,1,1
white,2,7.6,8.6,0.9963,3.11,0.32,9.8,1,1,1,1,1
white,2,7.6,9.7,0.9965,3.08,0.49,9.8,1,1,1,1,1
white,2,7.7,11.1,0.9979,3.08,0.44,8.8,1,1,1,1,1
white,2,7.7,12,0.9982,3.07,0.46,8.9,1,1,1,1,1
white,2,7.7,11.8,0.99786,2.86,0.47,9,1,1,1,1,1
white,2,7.7,11,0.99815,3.27,0.29,9.2,1,1,1,1,1
white,2,7.8,16.85,0.9998,3.16,0.38,9,1,1,1,1,1
white,2,7.8,16.85,0.9998,3.16,0.38,9,1,1,1,1,1
white,2,7.9,12.9,0.99792,2.94,0.45,9.1,1,1,1,1,1
white,2,7.9,1.8,0.9954,3.45,0.43,9.2,1,1,1,1,1
white,2,7.9,14.2,0.9992,3.03,0.46,9.2,1,1,1,1,1
white,2,7.9,17.85,0.9998,2.99,0.41,9.3,1,1,1,1,1
white,2,7.9,10.3,0.9969,2.93,0.49,9.5,1,1,1,1,1
white,2,8,12.1,0.9993,2.94,0.48,9.2,1,1,1,1,1
white,2,8,1.2,0.9938,3.08,0.34,9.4,1,1,1,1,1
white,2,8,2,0.994,3.18,0.49,9.6,1,1,1,1,1
white,2,8,13.2,0.9983,3.25,0.37,9.7,1,1,1,1,1
white,2,8,9.6,0.99795,3.32,0.47,9.8,1,1,1,1,1
white,2,8.1,13.6,0.99886,2.96,0.39,8.7,1,1,1,1,1
white,2,8.2,5.4,0.9954,3.14,0.34,9.6,1,1,1,1,1
white,2,8.2,5.4,0.9954,3.14,0.34,9.6,1,1,1,1,1
white,2,8.3,9.2,0.9982,3.38,0.47,9.3,1,1,1,1,1
white,2,8.3,2.5,0.99404,2.89,0.48,9.5,1,1,1,1,1
white,2,8.4,5.4,0.9953,3.24,0.38,9.8,1,1,1,1,1
white,2,8.5,13.8,0.9981,3.13,0.4,9.9,1,1,1,1,1
white,2,8.6,1.4,0.99556,3.17,0.47,9.4,1,1,1,1,1
white,2,8.7,13.4,0.99975,3.12,0.47,8.8,1,1,1,1,1
white,2,8.9,1.6,0.9956,3.13,0.34,9.4,1,1,1,1,1
white,2,8.9,1.6,0.9946,3.14,0.47,9.7,1,1,1,1,1
white,2,8.9,1,0.9926,2.91,0.32,9.9,1,1,1,1,1
white,2,9,3.5,0.9944,3.14,0.36,9.8,1,1,1,1,1
white,2,9.2,2.4,0.9952,3.04,0.46,9.3,1,1,1,1,1
white,2,9.4,1.4,0.9954,3.15,0.46,9.1,1,1,1,1,1
white,2,9.4,1.6,0.99534,3.11,0.49,9.3,1,1,1,1,1
white,2,9.4,1.6,0.9942,3.07,0.32,9.5,1,1,1,1,1
white,2,9.8,2.8,0.9956,2.97,0.39,9.2,1,1,1,1,1
white,2,9.8,15.4,1.0004,3.18,0.45,9.5,1,1,1,1,1
white,2,9.9,2.4,0.9948,2.77,0.44,9.4,1,1,1,1,1
white,2,5.2,7,0.9944,3.33,0.58,9.7,2,1,1,2,1
white,2,5.3,6.9,0.9944,3.34,0.57,9.7,2,1,1,2,1
white,2,5.3,3.6,0.99278,3.41,0.5,9.8,2,1,1,2,1
white,2,5.5,2.5,0.9924,3.14,0.51,9.6,2,1,1,2,1
white,2,5.7,2.5,0.99276,3.34,0.5,9.9,2,1,1,2,1
white,2,5.7,5.5,0.99324,3.09,0.57,9.9,2,1,1,2,1
white,2,5.7,6.3,0.9936,3.06,0.58,9.9,2,1,1,2,1
white,2,5.7,1.9,0.9934,3.38,0.62,9.9,2,1,1,2,1
white,2,5.8,1.2,0.99288,3.23,0.58,9.55,2,1,1,2,1
white,2,5.8,4.4,0.9937,3.25,0.57,9.6,2,1,1,2,1
white,2,5.9,2.6,0.9948,3.43,0.5,9.2,2,1,1,2,1
white,2,6,15.9,0.9979,3.14,0.5,8.8,2,1,1,2,1
white,2,6,19.3,0.99911,3.14,0.5,9,2,1,1,2,1
white,2,6,19.3,0.99911,3.14,0.5,9,2,1,1,2,1
white,2,6,1.5,0.9932,3.21,0.56,9.2,2,1,1,2,1
white,2,6,0.8,0.9924,3.12,0.62,9.4,2,1,1,2,1
white,2,6,14.7,0.998365,2.99,0.69,9.4,2,1,1,2,1
white,2,6,1.5,0.9928,3.46,0.51,9.7,2,1,1,2,1
white,2,6,12.4,0.99622,3.14,0.6,9.7,2,1,1,2,1
white,2,6,5.6,0.99373,3.05,0.57,9.8,2,1,1,2,1
white,2,6,2.2,0.9928,3.08,0.61,9.8,2,1,1,2,1
white,2,6.1,10.6,0.99699,3.05,0.54,8.8,2,1,1,2,1
white,2,6.1,15,0.9978,3.15,0.51,9,2,1,1,2,1
white,2,6.1,1.8,0.9929,3.08,0.54,9,2,1,1,2,1
white,2,6.1,1.4,0.99309,3.24,0.5,9.6,2,1,1,2,1
white,2,6.1,6.4,0.9944,3.17,0.62,9.9,2,1,1,2,1
white,2,6.2,1.5,0.9939,3.42,0.51,9,2,1,1,2,1
white,2,6.2,20.8,1.00022,3.11,0.53,9,2,1,1,2,1
white,2,6.2,15.8,0.99804,3.14,0.51,9.2,2,1,1,2,1
white,2,6.2,1.2,0.9934,3.26,0.54,9.2,2,1,1,2,1
white,2,6.2,7.7,0.99771,3.56,0.72,9.2,2,1,1,2,1
white,2,6.2,4.8,0.99424,3.16,0.5,9.3,2,1,1,2,1
white,2,6.2,12,0.9974,3.17,0.5,9.3,2,1,1,2,1
white,2,6.2,2.8,0.9936,3.18,0.55,9.4,2,1,1,2,1
white,2,6.2,16.8,0.99882,3.25,0.57,9.4,2,1,1,2,1
white,2,6.2,11.2,0.99656,3.19,0.6,9.4,2,1,1,2,1
white,2,6.2,15,0.99767,3.19,0.53,9.6,2,1,1,2,1
white,2,6.2,8.3,0.9964,3.33,0.6,9.6,2,1,1,2,1
white,2,6.2,15.55,0.9982,3.48,0.64,9.6,2,1,1,2,1
white,2,6.2,4.4,0.994,3.27,0.52,9.8,2,1,1,2,1
white,2,6.2,12.4,0.99612,3.11,0.56,9.9,2,1,1,2,1
white,2,6.2,5.6,0.99425,3.15,0.63,9.9,2,1,1,2,1
white,2,6.3,16,0.99824,3.08,0.5,9.1,2,1,1,2,1
white,2,6.3,8.1,0.99596,3.24,0.5,9.2,2,1,1,2,1
white,2,6.3,3.4,0.99373,3.11,0.52,9.2,2,1,1,2,1
white,2,6.3,12.6,0.9979,3.17,0.52,9.3,2,1,1,2,1
white,2,6.3,7.6,0.99548,3.16,0.54,9.4,2,1,1,2,1
white,2,6.3,1.2,0.9934,3.37,0.54,9.4,2,1,1,2,1
white,2,6.3,7.6,0.99548,3.16,0.54,9.4,2,1,1,2,1
white,2,6.3,8.8,0.99803,3.47,0.66,9.4,2,1,1,2,1
white,2,6.3,11.2,0.99592,3.12,0.51,9.5,2,1,1,2,1
white,2,6.3,7.2,0.9958,3.49,0.64,9.7,2,1,1,2,1
white,2,6.3,12,0.9961,3.14,0.55,9.9,2,1,1,2,1
white,2,6.4,14.4,0.99955,3.26,0.54,8.8,2,1,1,2,1
white,2,6.4,1.1,0.99405,3.42,0.5,9.1,2,1,1,2,1
white,2,6.4,1.1,0.9939,3.24,0.52,9.1,2,1,1,2,1
white,2,6.4,15,0.99736,3.14,0.5,9.2,2,1,1,2,1
white,2,6.4,7.2,0.99604,3.11,0.6,9.2,2,1,1,2,1
white,2,6.4,1.1,0.99304,3.09,0.54,9.3,2,1,1,2,1
white,2,6.4,5.5,0.9951,3.19,0.66,9.3,2,1,1,2,1
white,2,6.4,10.7,0.9968,3.08,0.6,9.4,2,1,1,2,1
white,2,6.4,8.2,0.99538,3.12,0.5,9.5,2,1,1,2,1
white,2,6.4,2.4,0.9938,3.5,0.5,9.7,2,1,1,2,1
white,2,6.4,5.6,0.99441,3.17,0.5,9.8,2,1,1,2,1
white,2,6.4,10.7,0.99606,3.17,0.55,9.9,2,1,1,2,1
white,2,6.4,2.25,0.9937,3.2,0.62,9.9,2,1,1,2,1
white,2,6.5,18,1.00038,2.98,0.61,8.5,2,1,1,2,1
white,2,6.5,18.1,0.99941,2.94,0.64,8.8,2,1,1,2,1
white,2,6.5,9.8,0.9972,3.15,0.57,9,2,1,1,2,1
white,2,6.5,13,0.99708,3.09,0.5,9.3,2,1,1,2,1
white,2,6.5,1.4,0.9941,3.34,0.72,9.5,2,1,1,2,1
white,2,6.5,15.4,0.9978,3.23,0.5,9.6,2,1,1,2,1
white,2,6.5,8.3,0.99492,3.14,0.5,9.6,2,1,1,2,1
white,2,6.5,1.3,0.99298,3.29,0.54,9.7,2,1,1,2,1
white,2,6.6,10.4,0.99754,3.12,0.51,8.8,2,1,1,2,1
white,2,6.6,11.9,0.99851,3.26,0.51,8.9,2,1,1,2,1
white,2,6.6,11.4,0.99732,3.08,0.54,8.9,2,1,1,2,1
white,2,6.6,14.4,0.9991,3.17,0.58,8.9,2,1,1,2,1
white,2,6.6,14.9,0.99835,3.04,0.54,9,2,1,1,2,1
white,2,6.6,14.9,0.99835,3.04,0.54,9,2,1,1,2,1
white,2,6.6,14.4,0.998,3.02,0.5,9.1,2,1,1,2,1
white,2,6.6,9.2,0.99833,3.23,0.54,9.1,2,1,1,2,1
white,2,6.6,18.15,0.99904,3.06,0.5,9.2,2,1,1,2,1
white,2,6.6,1.3,0.99512,3.59,0.51,9.2,2,1,1,2,1
white,2,6.6,16.05,0.99822,3.08,0.52,9.2,2,1,1,2,1
white,2,6.6,10,0.99642,3.28,0.52,9.4,2,1,1,2,1
white,2,6.6,9.2,0.9976,3.31,0.56,9.4,2,1,1,2,1
white,2,6.6,9.7,0.99787,3.3,0.57,9.4,2,1,1,2,1
white,2,6.6,12.3,0.99676,3.1,0.67,9.4,2,1,1,2,1
white,2,6.6,4.9,0.9952,3.3,0.75,9.5,2,1,1,2,1
white,2,6.6,8.1,0.99494,3.15,0.5,9.533333333,2,1,1,2,1
white,2,6.6,11.4,0.99604,2.96,0.51,9.7,2,1,1,2,1
white,2,6.6,8.9,0.9954,3.14,0.57,9.8,2,1,1,2,1
white,2,6.7,14.8,0.99942,2.95,0.75,8.8,2,1,1,2,1
white,2,6.7,9.2,0.9968,3.22,0.51,9.1,2,1,1,2,1
white,2,6.7,16.4,0.99834,3.06,0.54,9.1,2,1,1,2,1
white,2,6.7,14.3,0.99869,3.14,0.57,9.1,2,1,1,2,1
white,2,6.7,8.9,0.9964,3.22,0.6,9.2,2,1,1,2,1
white,2,6.7,13.1,0.997,3.15,0.5,9.5,2,1,1,2,1
white,2,6.7,4,0.9956,3.31,0.68,9.5,2,1,1,2,1
white,2,6.7,7.5,0.99662,3.32,0.54,9.6,2,1,1,2,1
white,2,6.7,12.1,0.99794,3.31,0.58,9.7,2,1,1,2,1
white,2,6.7,9.4,0.9954,3.12,0.61,9.9,2,1,1,2,1
white,2,6.8,22,1.001,2.93,0.5,8.7,2,1,1,2,1
white,2,6.8,12.8,0.99808,3,0.52,9,2,1,1,2,1
white,2,6.8,13,0.9984,3.08,0.67,9,2,1,1,2,1
white,2,6.8,6.2,0.99858,3.18,0.51,9.2,2,1,1,2,1
white,2,6.8,16.1,0.9984,3.15,0.5,9.3,2,1,1,2,1
white,2,6.8,11.6,0.99775,3.07,0.53,9.3,2,1,1,2,1
white,2,6.8,7.45,0.99579,3.2,0.5,9.4,2,1,1,2,1
white,2,6.8,17.5,0.99784,2.85,0.5,9.5,2,1,1,2,1
white,2,6.8,8.2,0.99586,3.11,0.52,9.5,2,1,1,2,1
white,2,6.8,13.2,0.9972,3.27,0.5,9.6,2,1,1,2,1
white,2,6.9,19.25,0.99954,2.93,0.52,9.1,2,1,1,2,1
white,2,6.9,19.25,0.99954,2.93,0.52,9.1,2,1,1,2,1
white,2,6.9,11.2,0.9968,3,0.81,9.2,2,1,1,2,1
white,2,6.9,3.3,0.99428,3.18,0.5,9.3,2,1,1,2,1
white,2,6.9,8.9,0.996,3.16,0.5,9.3,2,1,1,2,1
white,2,6.9,6.2,0.99552,3.12,0.54,9.4,2,1,1,2,1
white,2,6.9,8.4,0.99604,3.15,0.55,9.4,2,1,1,2,1
white,2,6.9,13.65,0.99784,3,0.6,9.5,2,1,1,2,1
white,2,6.9,13.65,0.99784,3,0.6,9.5,2,1,1,2,1
white,2,6.9,15,0.9992,3.37,0.82,9.5,2,1,1,2,1
white,2,6.9,14,0.9979,3.18,0.58,9.6,2,1,1,2,1
white,2,6.9,12.5,0.9983,3.28,0.77,9.6,2,1,1,2,1
white,2,6.9,1.3,0.99362,3.29,0.54,9.9,2,1,1,2,1
white,2,7,14.9,0.9983,3.18,0.61,9.3,2,1,1,2,1
white,2,7,5.7,0.9954,3.04,0.54,9.4,2,1,1,2,1
white,2,7,16.7,0.99898,3.08,0.56,9.4,2,1,1,2,1
white,2,7,12.1,0.99718,3.05,0.5,9.5,2,1,1,2,1
white,2,7,10.7,0.9966,3.05,0.61,9.5,2,1,1,2,1
white,2,7.1,15.6,0.9996,3.38,0.67,9,2,1,1,2,1
white,2,7.1,16,0.99954,3.3,0.67,9,2,1,1,2,1
white,2,7.1,14.4,0.9986,3.07,0.53,9.1,2,1,1,2,1
white,2,7.1,14.4,0.9986,3.07,0.53,9.1,2,1,1,2,1
white,2,7.1,16.5,0.999,3.16,0.59,9.1,2,1,1,2,1
white,2,7.1,16.5,0.999,3.16,0.59,9.1,2,1,1,2,1
white,2,7.1,15.25,0.99946,3.34,0.77,9.1,2,1,1,2,1
white,2,7.1,14.5,0.99947,3.35,0.78,9.1,2,1,1,2,1
white,2,7.1,14.55,0.99945,3.34,0.78,9.1,2,1,1,2,1
white,2,7.1,7.8,0.99579,3.16,0.5,9.4,2,1,1,2,1
white,2,7.1,7.8,0.99579,3.16,0.5,9.4,2,1,1,2,1
white,2,7.1,13.7,0.9981,3.11,0.53,9.4,2,1,1,2,1
white,2,7.1,11.6,0.997,2.92,0.59,9.5,2,1,1,2,1
white,2,7.1,8.2,0.996,3.16,0.52,9.7,2,1,1,2,1
white,2,7.1,1.3,0.9926,3.04,0.74,9.9,2,1,1,2,1
white,2,7.2,18.75,1,3.04,0.52,8.9,2,1,1,2,1
white,2,7.2,9.5,0.9971,3,0.55,9.1,2,1,1,2,1
white,2,7.2,8.5,0.99626,3.2,0.52,9.2,2,1,1,2,1
white,2,7.2,1.5,0.9938,3.07,0.57,9.2,2,1,1,2,1
white,2,7.2,15.7,0.99922,3.25,0.76,9.4,2,1,1,2,1
white,2,7.2,15.7,0.99922,3.25,0.76,9.4,2,1,1,2,1
white,2,7.2,7.7,0.99582,3.16,0.52,9.5,2,1,1,2,1
white,2,7.2,11.9,0.9962,3.09,0.5,9.6,2,1,1,2,1
white,2,7.2,7.2,0.9955,3.14,0.53,9.7,2,1,1,2,1
white,2,7.3,13.7,0.9994,3.24,0.66,9,2,1,1,2,1
white,2,7.3,1.3,0.9948,3.26,0.51,9.1,2,1,1,2,1
white,2,7.3,1.4,0.9946,3.33,0.62,9.4,2,1,1,2,1
white,2,7.3,1.5,0.9946,3.32,0.64,9.4,2,1,1,2,1
white,2,7.3,12.7,0.998,3.3,0.79,9.6,2,1,1,2,1
white,2,7.4,16.6,1.0017,2.96,0.58,8.7,2,1,1,2,1
white,2,7.4,1.7,0.9955,3.28,0.69,8.9,2,1,1,2,1
white,2,7.4,17.95,1.0002,3.27,0.64,9.1,2,1,1,2,1
white,2,7.4,14.5,0.9986,3.1,0.5,9.2,2,1,1,2,1
white,2,7.4,14.5,0.9986,3.1,0.5,9.2,2,1,1,2,1
white,2,7.4,1.4,0.99335,3.03,0.52,9.3,2,1,1,2,1
white,2,7.4,14.1,0.99886,3.2,0.63,9.4,2,1,1,2,1
white,2,7.4,12.9,0.99831,3.05,0.66,9.4,2,1,1,2,1
white,2,7.4,10.4,0.9966,3.11,0.57,9.7,2,1,1,2,1
white,2,7.4,1.5,0.99496,3.22,0.53,9.8,2,1,1,2,1
white,2,7.4,11.8,0.99699,3.11,0.6,9.8,2,1,1,2,1
white,2,7.4,2.3,0.9934,3.18,0.61,9.9,2,1,1,2,1
white,2,7.5,13.1,0.99884,3.05,0.53,9.1,2,1,1,2,1
white,2,7.5,8.95,0.9968,3.08,0.54,9.3,2,1,1,2,1
white,2,7.5,8.7,0.99711,2.98,0.57,9.4,2,1,1,2,1
white,2,7.5,14.8,0.9982,3.06,0.6,9.5,2,1,1,2,1
white,2,7.5,14.8,0.9982,3.06,0.6,9.5,2,1,1,2,1
white,2,7.6,11.7,0.99776,2.91,0.51,9,2,1,1,2,1
white,2,7.6,13,0.9988,2.96,0.51,9.2,2,1,1,2,1
white,2,7.6,16.75,0.9999,3.15,0.54,9.2,2,1,1,2,1
white,2,7.6,16.75,0.9999,3.15,0.54,9.2,2,1,1,2,1
white,2,7.6,18.75,1.00014,3.1,0.5,9.3,2,1,1,2,1
white,2,7.6,13.9,0.9984,3.34,0.5,9.8,2,1,1,2,1
white,2,7.6,2.2,0.99445,3.19,0.53,9.8,2,1,1,2,1
white,2,7.7,9.2,0.9969,3.06,0.61,9.2,2,1,1,2,1
white,2,7.7,14.3,0.9991,3.18,0.63,9.2,2,1,1,2,1
white,2,7.7,10.7,0.9969,3.12,0.55,9.5,2,1,1,2,1
white,2,7.8,12.2,0.9984,3.01,0.54,8.8,2,1,1,2,1
white,2,7.8,12.2,0.998,3.06,0.53,8.9,2,1,1,2,1
white,2,7.8,13.7,0.99976,3.22,0.75,8.9,2,1,1,2,1
white,2,7.8,13.7,0.99976,3.22,0.75,8.9,2,1,1,2,1
white,2,7.8,9.5,0.99715,3.08,0.61,9.3,2,1,1,2,1
white,2,7.8,2.1,0.99434,3.23,0.64,9.8,2,1,1,2,1
white,2,7.9,10.6,0.9983,2.87,0.74,9.1,2,1,1,2,1
white,2,7.9,17,1.0004,3.15,0.51,9.3,2,1,1,2,1
white,2,7.9,11.4,0.99708,3.11,0.57,9.6,2,1,1,2,1
white,2,7.9,1.6,0.9948,3.29,0.76,9.6,2,1,1,2,1
white,2,7.9,6.2,0.9984,3.09,0.53,9.7,2,1,1,2,1
white,2,8,14.6,1.0003,3.21,0.69,8.6,2,1,1,2,1
white,2,8,19.1,1.00051,3.05,0.5,9.2,2,1,1,2,1
white,2,8,12.6,0.9988,2.99,0.56,9.3,2,1,1,2,1
white,2,8.1,16.65,1.0006,3.2,0.62,9.1,2,1,1,2,1
white,2,8.1,1.3,0.99232,3.14,0.5,9.8,2,1,1,2,1
white,2,8.2,13.9,0.99873,2.99,0.8,9.3,2,1,1,2,1
white,2,8.2,1.4,0.9958,3.17,0.57,9.9,2,1,1,2,1
white,2,8.3,17.5,1.00014,3.02,0.56,9.1,2,1,1,2,1
white,2,8.3,19.8,1.0012,2.99,0.54,9.2,2,1,1,2,1
white,2,8.3,7.8,0.9976,3.34,0.51,9.6,2,1,1,2,1
white,2,8.3,14.8,1.0002,3.22,0.5,9.7,2,1,1,2,1
white,2,8.4,11.8,1.0004,3.34,0.82,8.9,2,1,1,2,1
white,2,8.4,11.8,1.0004,3.34,0.82,8.9,2,1,1,2,1
white,2,8.5,15.2,1.0005,3.02,0.66,9,2,1,1,2,1
white,2,8.5,16.2,0.998,3.02,0.5,9.8,2,1,1,2,1
white,2,8.6,12.15,0.9983,3,0.73,9.3,2,1,1,2,1
white,2,8.8,15,1.0008,3.28,0.79,8.8,2,1,1,2,1
white,2,9.2,3.2,0.996,3.14,0.58,9.5,2,1,1,2,1
white,2,9.2,3.2,0.996,3.14,0.58,9.5,2,1,1,2,1
white,2,9.7,1.5,0.9958,2.98,0.62,9.5,2,1,1,2,1
white,2,10.3,1.4,0.9939,2.89,0.28,9.6,1,1,2,1,1
white,2,10.2,6.2,0.9968,2.99,0.51,9.9,2,1,2,2,1
white,2,10.3,2.2,0.998,3.19,0.59,9.7,2,1,2,2,1
white,2,10.7,8.2,0.998,2.87,0.68,9.5,2,1,2,2,1
